;x D4;x CLV AD NGD;x CLV D4 AGD;y D4;y CLV AD NGD;y CLV D4 AGD
0,0;1,5;1,5;1,5;5,0;5,0;5,0
0,01;;1,5114133587178193;1,5275944490053988;;4,910264504375144;4,961821467131154
0,02;;1,522838003608009;1,5554720678106895;;4,823679069742707;4,924144964956421
0,03;;1,5342754272468389;1,5836327065694351;;4,740079257850078;4,886956364240452
0,04;;1,5457270549371933;1,6120761584333043;;4,6593118987641375;4,850242011948968
0,05;;1,5571942492674324;1,640802158609863;;4,581234140313034;4,813988712399229
0,06;;1,5686783142914427;1,6698103834335296;;4,505712592281696;4,778183709338439
0,06999999999999999;;1,5801804993670379;1,6991004494506174;;4,432622554509606;4,742814668897311
0,08;;1,5917020026856723;1,728671912519392;;4,361847319438131;4,707869663369368
0,09;;1,6032439745227791;1,7585242669260917;;4,293277540853631;4,673337155769722
0,1;;1,6148075202348349;1,7886569445178717;;4,226810661602987;4,639205985129916
0,11;;1,6263937030264537;1,8190693138536265;;4,162350393946003;4,605465352488189
0,12;;1,6380035465083393;1,8497606793736738;;4,099806246975919;4,57210480753698
0,13;;1,6496380370647572;1,8807302805892794;;4,039093096203176;4,539114235891854
0,13999999999999999;;1,6612981260472663;1,9119772912930086;;3,980130790973625;4,506483846948196
0,15;;1,672984731809763;1,9435008187909022;;3,9228437958933937;4,474204162294053
0,16;;1,684698741598375;1,9752999031574696;;3,867160862869274;4,442266004649409
0,16999999999999998;;1,69644101330843;2,007373516514505;;3,8130147307548548;4,410660487303909
0,18;;1,7082123771195192;2,0397205623347237;;3,760341849926375;4,379379004026729
0,19;;1,720013637018636;2,0723398747712243;;3,709082129404928;4,34841321942381
0,2;;1,731845572220421;2,1052302180137756;;3,659178704398754;4,3177550597191
0,21;;1,7437089384927076;2,1383902856729273;;3,6105777223656563;4,28739670393783
0,22;;1,755604469394809;2,1718187001929405;;3,5632281458951227;4,257330575471053
0,22999999999999998;;1,767532877435311;2,2055140122945236;;3,51708157088598;4,227549334001891
0,24;;1,7794948551555363;2,2394747004483593;;3,4720920586513655;4,19804586777503
0,25;2,15;1,791491076144288;2,273699170380395;4,166666667;3,428215980721019;4,168813286192007
0,26;;1,8035221959890118;2,3081857546098585;;3,3854118752335696;4,139844912715842
0,27;;1,815588853168051;2,342932712020955;;3,343640313920611;4,111134278069433
0,27999999999999997;;1,8276916698882877;2,377938227469178;;3,302863778781456;4,082675113713028
0,29;;1,8398312528720935;2,413200411423166;;3,2630465476341133;4,054461345586832
0,3;;1,8520081940971929;2,448717299643008;;3,22415458780537;4,0264870881056
0,31;;1,8642230714927404;2,484486852895882;;3,186155457292066;3,9987466383927806
0,32;;1,8764764495946524;2,5205069567099136;;3,149018212787579;3,9712344707423672
0,33;;1,8887688801629852;2,5567754211670826;;3,1127133240231424;3,943945231297337
0,33999999999999997;;1,9011009027639296;2,5932899807360155;;3,0772125939234716;3,9168737329340604
0,35000000000000003;;1,913473045318798;2,630048294145468;;3,0424890841210623;3,8900149503426653
0,36;;1,9258858246221815;2,667047944299253;;3,0085170454139005;3,86336401529385
0,37;;1,9383397468313084;2,704286438233388;;2,97527185278771;3,8369162120831124
0,38;;1,9508353079284582;2,7417612071161552;;2,9427299446567328;3,810666973143855
0,38999999999999996;;1,9633729941581655;2,779469606291773;;2,9108687660066903;3,7846118748212416
0,4;;1,9759532824408097;2,8174089153683286;;2,8796667151504334;3,7587466332990958
0,41000000000000003;;1,9885766407640668;2,8555763383505846;;2,849103093831081;3,7330671006725433
0,42;;2,0012435285536054;2,8939690038182526;;2,81915806042948;3,70756926115943
0,43;;2,013954397024293;2,93258396515027;;2,789812586052815;3,682249227443932
0,44;;2,0267096895131016;2,971418200795586;;2,761048413299365;3,657103237146086
0,44999999999999996;;2,03950984179481;3,0104686145909234;;2,732848017510895;3,632127649411286
0,45999999999999996;;2,0523552823815274;3,049732036125944;;2,705194570339227;3,6073189416140767
0,47000000000000003;;2,065246432806994;3,089205221156188;;2,678071905467222;3,5826737061708784
0,48;;2,078183707896539;3,12888485206412;;2,6514644863368853;3,5581886474565207
0,49;;2,0911675160235337;3,168767538368591;;2,625357375748726;3,533860578819714
0,5;;2,1041982593531054;3,2088498172829283;;2,599736207206909;3,509686419692857
0,51;;2,117276334073831;3,249128154321866;;2,574587157894269;3,4856631927917636
0,52;;2,130402130618091;3,289598943957455;;2,549896923169973;3,461788021401136
0,53;;2,1435760338717067;3,3302585103240365;;2,525652692490614;3,4380581267418164
0,54;;2,1567984233734534;3,371103107972333;;2,501842126662839;3,4144708254160223
0,5499999999999999;;2,1700696735050014;3,4121289226726317;;2,478453336342332;3,391023526926984
0,5599999999999999;;2,183390153671795;3,4533320722670044;;2,4554748617001585;3,3677137312695566
0,5700000000000001;;2,1967602284753616;3,4947086075704394;;2,4328956531831487;3,344539026588562
0,58;;2,210180257877496;3,536254513320706;;2,4107050533001986;3,3214970869017715
0,59;;2,2236505973567575;3,5779657091767394;;2,388892779371203;3,2985856698845852
0,6;;2,2371715980576625;3,619838050765233;;2,367448907179745;3,275802614713635
0,61;;2,2507436069329643;3,6618673307751215;;2,3463638554747472;3,253145839966629
0,62;;2,2643669668793627;3,704049280099537;;2,3256283712700525;3,230613341575952
0,63;;2,2780420168669795;3,746379569024792;;2,3052335158944;3,2082031908336024
0,64;;2,2917690920629106;3,7888538084658734;;2,2851706517474497;3,1859135324452117
0,65;;2,3055485239491484;3,8314675512478753;;2,265431429720489;3,1637425826309786
0,66;;2,3193806404351522;3,8742162934327453;;2,24600777724321;3,1416886272714795
0,67;;2,3332657659653266;3,917095475690661;;2,226891886920478;3,1197500200964132
0,6799999999999999;;2,3472042216216535;3,960100484715292;;2,208076205725379;3,097925180914439
0,69;;2,3611963252217096;4,003226654682159;;2,1895534247170105;3,0762125938823655
0,7000000000000001;;2,3752423914122907;4,046469268749221;;2,1713164692535223;3,0546108058120502
0,7100000000000001;;2,389342731758845;4,089823560598811;;2,1533584896727707;3,033118424513431
0,72;;2,4034976548309164;4,133284716019927;;2,1356728524147224;3,011734117172227
0,73;;2,417707466283773;4,176847874529883;;2,1182531315613544;2,9904566087609084
0,74;;2,431972468936407;4,220508131034247;;2,1010931007713123;2,9692846804816146
0,75;2,578;2,446292962846063;4,264260537523952;2,666666667;2,084186725587986;2,9482171682397804
0,76;;2,460669245379451;4,308100104808392;;2,0675281561009853;2,9272529611472966
0,77;;2,4751016112807975;4,352021804283311;;2,0511117199422007;2,9063910000540947
0,7799999999999999;;2,489590352736867;4,396020569732192;;2,034931915598782;2,8856302761071273
0,79;;2,504135759439093;4,440091299159859;;2,0189834060264165;2,8649698293357524
0,8;;2,5187381186429425;4,484228856656902;;2,0032610125472954;2,8444087472626154
0,8099999999999999;;2,5333977152246288;4,528428074293553;;1,987759709018046;2,8239461635391594
0,8200000000000001;;2,5481148317352944;4,5726837540415675;;1,9724746162538105;2,8035812566049647
0,83;;2,562889748452762;4,616990669722589;;1,9574009966954242;2,783313248370152
0,84;;2,577722743430963;4,6613435689815415;;1,9425342493074158;2,7631414029201586
0,8500000000000001;;2,5926140925471355;4,7057371752834385;;1,9278699046952503;2,7430650252422173
0,86;;2,607564069546886;4,750166189932043;;1,9134036204309017;2,723083459972934
0,8699999999999999;;2,622572946087203;4,794625294108754;;1,8991311765764451;2,703196090166387
0,88;;2,637640991777505;4,8391091509300646;;1,885048471395957;2,683402336082232
0,89;;2,652768474218795;4,883612407521913;;1,8711515172465354;2,663701653993314
0,8999999999999999;;2,667955659041014;4,92812969710923;;1,8574364366397684;2,6440935350123365
0,91;;2,6832028099386482;4,972655641118944;;1,8438994584654576;2,6245775039371737
0,9199999999999999;;2,698510188704661;5,017184851294702;;1,8305369143698502;2,605153118114447
0,9299999999999999;;2,713878055262829;5,0617119318215575;;1,817345235281044;2,5858199663210075
0,9400000000000001;;2,729306667698523;5,106231481458818;;1,8043209480746432;2,5665776676630045
0,95;;2,744796282288005;5,15073809567928;;1,7914606723730913;2,5474258704922637
0,96;;2,7603471535263044;5,19522636881305;;1,778761117472477;2,5283642513396853
0,97;;2,775959534153708;5,239690896194128;;1,766219079390921;2,509392513865441
0,98;;2,7916336751809316;5,284126276307952;;1,7538314380329716;2,4905103878257497
0,9900000000000001;;2,807369825913013;5,328527112938082;;1,741595154464718;2,4717176280560347
1,0;;2,8231682339719804;5,372888017310209;;1,7295072682946147;2,453014013470295
1,01;;2,8390291453183334;5,4172036102316685;;1,7175648951552531;2,434399346076535
1,02;;2,8549528042713845;5,461468524224668;;1,7057652242815806;2,415873450008119
1,03;;2,8709394535285;5,505677405651411;;1,6941055161812726;2,3974361705709346
1,04;;2,886989334183279;5,549824916829336;;1,6825831003931975;2,3790873733062585
1,05;;2,9031026857427094;5,593905738134707;;1,6711953733301115;2,360826943069243
1,06;;2,9192797461433333;5,637914570092768;;1,6599397962019082;2,3426547831229465
1,0699999999999998;;2,9355207517664614;5,6818461354527585;;1,6488138930159406;2,324570814247842
1,08;;2,9518259374524654;5,725695181246046;;1,637815248651093;2,306574973866761
1,09;;2,968195536514174;5,7694564808256725;;1,6269415070024533;2,2886672151852214
1,0999999999999999;;2,984629780749421;5,813124835885678;;1,616190369193578;2,2708475063471165
1,11;;3,0011289004527524;5,856695078458531;;1,605559591853498;2,25311582960573
1,1199999999999999;;3,0176931244263283;5,900162072889048;;1,5950469854557494;2,235472180510074
1,13;;3,0343226799900602;5,943520717783267;;1,584650412716825;2,2179165671065144
1,1400000000000001;;3,051017792990983;5,986765947930676;;1,5743677870516017;2,200449009155703
1,15;;3,0677786878119035;6,029892736198321;;1,5641970710833744;2,1830695373648017
1,16;;3,0846055873793525;6,072896095395333;;1,5541362752062646;2,165778192634981
1,17;;3,1014987131708414;6,1157710801063985;;1,5441834561978722;2,1485750253242344
1,18;;3,118458285221471;6,158512788492861;;1,5343367158801244;2,1314600945254787
1,1900000000000002;;3,135484522129896;6,201116364060041;;1,524594199826384;2,1144334673599574
1,2;;3,152577641063667;6,243576997389511;;1,514954096112966;2,09749521828596
1,21;;3,1697378577639794;6,285889927835106;;1,505414634113287;2,080645428422847
1,22;;3,1869653865498346;6,328050445181396;;1,4959740833329622;2,063884184890399
1,23;;3,2042604403216406;6,3700538912635505;;1,4866307522842368;2,0472115801634794
1,24;;3,221623230564262;6,4118956615474385;;1,4773829873982083;2,030627711442023
1,25;3,172;3,239053967349544;6,453571206668956;1,833333333;1,4682291719733713;2,0141326800363366
1,26;;3,2565528593383175;6,495076033931563;;1,4591677251590738;1,9977265907677115
1,27;;3,274120113781907;6,536405708761114;;1,4501971009725423;1,9814095513843366
1,28;;3,291755936523153;6,577555856117079;;1,4413157873481894;1,9651816719924986
1,29;;3,309460531996964;6,618522161859344;;1,432522305217973;1,9490430645030488
1,3;;3,32723410323041;6,659300374069822;;1,42381520762163;1,9329938420931139
1,31;;3,345076851842375;6,6998863043281425;;1,415193078845659;1,917034118683023
1,32;;3,3629889780427757;6,740275828940788;;1,4066545335899752;1,901164008428413
1,3299999999999998;;3,380970680631362;6,780464890123068;;1,3981982161612028;1,885383625227475
1,34;;3,3990221569961134;6,8204494971333975;;1,389822799691618;1,8696930822432927
1,35;;3,4171436031112328;6,8602257273593725;;1,3815269853827992;1,8540924914412245
1,3599999999999999;;3,435335213534763;6,89978972735527;;1,3733095017730712;1,83858196314126
1,37;;3,4535971814058284;6,939137713830563;;1,365169104027879;1,8231616055852933
1,38;;3,4719296984415076;6,97826597458914;;1,3571045732522597;1,8078315245192418
1,39;;3,4903329549333604;7,017170869419029;;1,3491147158246084;1,7925918227899165
1,4000000000000001;;3,508807139743605;7,055848830932366;;1,3411983627509771;1,7774425999565737
1,41;;3,527352440300965;7,094296365355517;;1,3333543690391718;1,762383951917042
1,4200000000000002;;3,545969042596186;7,1325100532692565;;1,3255816130919402;1,7474159705483265
1,43;;3,5646571311772446;7,170486550298966;;1,3178789961185782;1,7325387433615855
1,44;;3,5834168891442384;7,208222587754898;;1,3102454415643028;1,7177523531713563
1,4500000000000002;;3,6022484981439877;7,245714973222575;;1,302679894556771;1,7030568777789132
1,46;;3,6211521383643346;7,282960591103448;;1,295181321369146;1,6884523896696273
1,47;;3,6401279885281697;7,319956403106036;;1,287748708899136;1,6739389557241842
1,48;;3,6591762258871725;7,356699448687723;;1,2803810641634537;1,659516636943528
1,49;;3,6782970262152896;7,3931868454475556;;1,273077413807169;1,64518548818737
1,5;;3,697490563801949;7,429415789470327;;1,2658368036274423;1,630945557926109
1,51;;3,716757011445019;7,465383555622365;;1,2586582981111514;1,6167968880060002
1,52;;3,7360965404435222;7,501087497799412;;1,2515409799859396;1,602739513427402
1,53;;3,7555093205901042;7,5365250491270945;;1,2444839497842355;1,5887734621359222
1,54;;3,77499552016327;7,571693722114475;;1,2374863254198059;1,5748987548262845
1,55;;3,7945553059193915;7,606591108761249;;1,2305472417764265;1,5611154047587252
1,5599999999999998;;3,8141888430844926;7,641214880619172;;1,2236658503082651;1,5474234175877284
1,5699999999999998;;3,8338962953458173;7,6755627888083495;;1,2168413186515923;1,5338227912028939
1,58;;3,8536778248431878;7,709632663989053;;1,2100728302474466;1,5203135155817473
1,59;;3,873533592160152;7,743422416289766;;1,203359583974892;1,5068955726542688
1,6;;3,893463756314943;7,776930035192199;;1,1967007937945267;1,4935689361789328
1,6099999999999999;;3,9134684747512325;7,810153589374025;;1,190095688401909;1,4803335716300456
1,6199999999999999;;3,9335479033287037;7,843091226510153;;1,1835435108905772;1,467189436096147
1,63;;3,9537021963134342;7,875741173033336;;1,1770435184243606;1,4541364781892652
1,6400000000000001;;3,9739315063681033;7,908101733854988;;1,170594981918678;1,4411746379647805
1,6500000000000001;;3,9942359845420263;7,940171292047081;;1,1641971857305402;1,4283038468516729
1,66;;4,014615780261018;7,971948308486008;;1,1578494273569826;1,4155240275929188
1,67;;4,035071041317091;8,003431321459344;;1,1515510171416559;1,4028350941957934
1,68;;4,055601913858;8,034618946236444;;1,1453012779893246;1,3902369518918416
1,69;;4,0762085423766194;8,065509874603835;;1,1390995450880217;1,3777294971062708
1,7000000000000002;;4,0968910697001855;8,096102874366375;;1,1329451656386214;1,3653126174365247
1,71;;4,117649636979378;8,126396788815159;;1,1268374985916019;1,3529861916397892
1,72;;4,138484383677272;8,156390536163215;;1,1207759143907732;1,340750089629176
1,73;;4,159395447558144;8,18608310894994;;1,1147597947237582;1,328604172478351
1,7399999999999998;;4,1803829646761415;8,215473573415355;;1,1087885322790192;1,3165482924343401
1,75;3,828;;;1,333333333;;
1,7500000000000002;;4,20144706936384;8,244561068845197;;1,1028615305092277;1,3045822929382687
1,76;;4,222587894220646;8,27334480688786;;1,0969782034007927;1,2927060086537947
1,77;;4,243805570101114;8,301824070844278;;1,0911379752493493;1,2809192655029584
1,78;;4,265100226103113;8,329998214931765;;1,0853402804410404;1,2692218807092308
1,79;;4,286471989555897;8,357866663522865;;1,0795845632394083;1,2576136628474845
1,7999999999999998;;4,3079209860080665;8,385428910360286;;1,0738702775777362;1,2460944119006525
1,81;;4,329447339215412;8,412684517748952;;1,0681968868566696;1,2346639193228202
1,82;;4,351051171128664;8,439633115726222;;1,0625638637469712;1,2233219681085097
1,83;;4,372732601881142;8,466274401211344;;1,0569706899972473;1,2120683328679025
1,8399999999999999;;4,39449174977631;8,492608137135162;;1,051416856246508;1,2009027799077654
1,8499999999999999;;4,4163287312752315;8,51863415155115;;1,0459018618414153;1,189825067317832
1,8599999999999999;;4,438243660983949;8,544352336728755;;1,0404252146580857;1,1788349450624054
1,87;;4,460236651640769;8,569762648230107;;1,0349864309283103;1,167932155076936
1,8800000000000001;;4,482307814103464;8,594865103971134;;1,0295850350700728;1,1571164313693518
1,8900000000000001;;4,504457257336409;8,619659783268032;;1,024220559522232;1,146387500125896
1,9;;4,526685088397628;8,644146825870124;;1,0188925445832575;1,1357450798212527
1,91;;4,548991412425782;8,66832643098008;;1,0136005382538986;1,125188881332729
1,92;;4,571376332627075;8,692198856262483;;1,008344096083676;1,1147186080582712
1,9300000000000002;;4,593839950262108;8,71576441684167;;1,0031227810210888;1,1043339560380958
1,94;;4,616382364632666;8,739023484289831;;0,997936163267429;1,094034614079719
1,95;;4,6390036730684425;8,761976485606263;;0,9927838201341057;1,0838202638861705
1,96;;4,661703970913716;8,78462390218871;;0,9876653359033789;1,0736905801871839
1,97;;4,68448335151397;8,806966268797675;;0,9825803016924081;1,0636452308731574
1,9800000000000002;;4,7073419062024655;8,82900417251461;;0,977528315320523;1,0536838771316828
1,9900000000000002;;4,730279724286762;8,850738251694807;;0,9725089811796295;1,0438061735864481
2,0;;4,753296893035207;8,872169194915868;;0,9675219101076613;1,0340117684383148
2,01;;4,776393497663376;8,89329773992259;;0,9625667192649952;1,0243003036083873
2,02;;4,79956962132048;8,914124672569027;;0,9576430320137497;1,014671414882885
2,03;;4,8228253450757315;8,934650825758556;;0,952750477799888;1,0051247320596401
2,04;;4,8461607479046975;8,954877078382717;;0,9478886920380459;0,9956598790960351
2,0500000000000003;;4,869575906675603;8,974804354259568;;0,943057315999018;0,9862764742582272
2,06;;4,893070896135626;8,99443362107227;;0,9382559966998224;0,9769741302714702
2,07;;4,916645788897163;9,013765889308655;;0,9334843867962802;0,9677524544713862
2,08;;4,940300655424082;9,032802211202405;;0,9287421444780412;0,9586110489560231
2,09;;4,964035564017944;9,05154367967657;;0,9240289333659902;0,9495495107385471
2,1;;4,987850580804239;9,069991427290041;;0,9193444224119689;0,9405674319004128
2,11;;5,011745769718576;9,088146625187605;;0,9146882858007565;0,9316643997448797
2,12;;5,0357211924929075;9,106010482054197;;0,9100602028542435;0,9228399969507203
2,13;;5,059776908641704;9,12358424307394;;0,9054598579377495;0,9140938017259977
2,1399999999999997;;5,083912975448174;9,14086918889452;;0,9008869403684169;0,9054253879617692
2,15;;5,108129447950445;9,157866634597452;;0,8963411443256387;0,8968343253855999
2,16;;5,132426378927772;9,174577928674745;;0,8918221687634597;0,8883201797147586
2,17;;5,156803818886754;9,191004452012498;;0,8873297173249011;0,8798825128089779
2,18;;5,18126181604754;9,207147616881876;;0,882863498258162;0,8715208828226695
2,19;;5,205800416330077;9,223008865937938;;0,8784232243346459;0,8632348443564829
2,1999999999999997;;5,230419663340347;9,238589671226766;;0,8740086127687675;0,855023948608104
2,21;;5,255119598356643;9,253891533201305;;0,8696193851394919;0,8468877435221928
2,22;;5,279900260315851;9,268915979746305;;0,8652552673135673;0,8388257739393679
2,23;;5,304761685799765;9,283664565212785;;0,8609159893704006;0,8308375817441418
2,2399999999999998;;5,32970390902143;9,298138869462322;;0,8566012855285403;0,8229227060117211
2,25;7,453;5,3547269618115125;9,312340496921571;0,583333333;0,8523108940737242;0,8150806831535912
2,26;;5,379830873604695;9,326271075647263;;0,8480445572884527;0,8073110470618045
2,27;;5,405015671426124;9,339932256402076;;0,8438020213830478;0,7996133292518923
2,2800000000000002;;5,43028137987788;9,353325711741583;;0,8395830364281637;0,7919870590043407
2,29;;5,455628021125499;9,366453135112591;;0,8353873562887106;0,7844317635045495
2,3;;5,481055614884529;9,379316239963126;;0,8312147385591571;0,7769469679812201
2,31;;5,506564178407147;9,391916758864252;;0,8270649445001772;0,7695321958431088
2,32;;5,532153726468805;9,404256442643993;;0,8229377389766106;0,7621869688140916
2,33;;5,55782427135495;9,41633705953353;;0,8188328903966988;0,7549108070664814
2,34;;5,58357582284778;9,428160394325857;;0,8147501706525726;0,7477032293525586
2,35;;5,609408388213072;9,439728247547071;;0,8106893550619538;0,7405637531342579
2,36;;5,63532197218706;9,451042434640451;;0,8066502223110479;0,7334918947109801
2,37;;5,661316576963392;9,462104785163444;;0,8026325543985924;0,7264871693454774
2,3800000000000003;;5,687392202180126;9,472917141997716;;0,7986361365810385;0,7195490913877886
2,39;;5,71354884490682;9,483481360572332;;0,7946607573188348;0,7126771743971804
2,4;;5,73978649963169;9,493799308100199;;0,7907062082237878;0,7058709312620705
2,41;;5,766105158248824;9,503872862827828;;0,786772284007475;0,6991298743179043
2,42;;5,792504810045495;9,51370391329849;;0,7828587824306821;0,6924535154629593
2,4299999999999997;;5,818985441689537;9,523294357628831;;0,778965504253843;0,6858413662720568
2,44;;5,84554703721682;9,53264610279897;;0,7750922531884561;0,67929293810816
2,45;;5,872189578018793;9,541761063956127;;0,7712388358494571;0,6728077422318464
2,46;;5,898913042830128;9,550641163731791;;0,767405061708521;0,6663852899086324
2,4699999999999998;;5,925717407716444;9,559288331572445;;0,7635907430482763;0,660025092514148
2,48;;5,9526026460621395;9,567704503083839;;0,7597956949174057;0,6537266616371429
2,4899999999999998;;5,979568728558298;9,575891619388798;;0,7560197350866171;0,6474895091803262
2,5;;6,0066156231907195;9,58385162649855;;0,752262684005458;0,6413131474590247
2,5100000000000002;;6,033743295228031;9,591586474697529;;0,7485243647599621;0,6351970892976654
2,52;;6,0609517072099095;9,599098117941633;;0,7448046030311006;0,6291408481240769
2,53;;6,088240818935421;9,606388513269863;;0,7411032270540246;0,6231439380616096
2,54;;6,115610587451452;9,613459620229301;;0,7374200675780785;0,6172058740190814
2,55;;6,143060967041262;9,620313400313364;;0,7337549578275683;0,6113261717785519
2,56;;6,170591909213158;9,626951816413236;;0,7301077334632627;0,6055043480809256
2,5700000000000003;;6,1982033626892665;9,633376832282426;;0,7264782325446185;0,5997399207094045
2,58;;6,225895273394449;9,639590412014352;;0,7228662954927038;0,5940324085707848
2,59;;6,253667584445325;9,64559451953284;;0,7192717650538112;0,5883813317746189
2,6;;6,281520236139428;9,651391118095484;;0,7156944862637419;0,5827862117102514
2,6100000000000003;;6,309453165944481;9,65698216980969;;0,7121343064127441;0,5772465711217408
2,62;;6,337466308487814;9,662369635161363;;0,7085910750110948;0,5717619341806855
2,63;;6,365559595545909;9,667555472556074;;0,7050646437553056;0,566331826556966
2,64;;6,393732956034078;9,672541637872591;;0,701554866494944;0,560955775487423
2,65;;6,4219863159962856;9,677330084028664;;0,6980615992000508;0,5556333098424893
2,6599999999999997;;6,45031959859511;9,681922760558916;;0,6945846999291447;0,5503639601907926
2,67;;6,478732724101852;9,68632161320471;;0,6911240287977973;0,5451472588617515
2,68;;6,507225609886775;9,690528583515844;;0,6876794479477708;0,5399827400061864
2,69;;6,535798170409519;9,694545608463956;;0,6842508215166987;0,5348699396549613
2,7;;6,564450317209645;9,69837462006745;;0,6808380156083044;0,5298083957756874
2,71;;6,593181958897344;9,702017545027838;;0,6774408982631417;0,524797648327505
2,7199999999999998;;6,621993001144295;9,705476304377317;;0,6740593394298474;0,5198372393139717
2,73;;6,650883346674699;9,708752813137435;;0,6706932109368928;0,5149267128340773
2,74;;6,679852895256443;9,71184897998869;;0,6673423864648277;0,5100656151314178
2,75;7,375;6,7089015436924635;9,714766706950888;1,333333333;0,6640067415189985;0,5052534946415436
2,76;;6,738029185812258;9,717507889074142;;0,6606861534027383;0,5004899020375183
2,77;;6,767235712463562;9,72007441414028;;0,6573805011910128;0,4957743902737076
2,78;;6,796521011504211;9,72246816237457;;0,6540896657045149;0,4911065146278292
2,79;;6,825884967794164;9,724691006167545;;0,6508135294841974;0,4864858327412886
2,8000000000000003;;6,855327463187712;9,726744809806776;;0,6475519767662344;0,48191190465782946
2,81;;6,88484837652586;9,728631429218451;;0,6443048934574025;0,47738429286052647
2,82;;6,9144475836288946;9,73035271171854;;0,6410721671108718;0,4729025623071484
2,83;;6,944124957289132;9,731910495773434;;0,6378536869023992;0,4684662804639194
2,8400000000000003;;6,9738803672638525;9,733306610769846;;0,6346493436069144;0,46407501733770784
2,85;;7,003713680268426;9,734542876793826;;0,6314590295754907;0,45972834550667047
2,86;;7,033624759969622;9,735621104418719;;0,6282826387126925;0,4554258401493806
2,87;;7,063613466979121;9,736543094501881;;0,6251200664542902;0,4511670790724697
2,88;;7,093679658847215;9,737310637990015;;0,6219712097453367;0,4469516427368107
2,8899999999999997;;7,123823190056705;9,73792551573293;;0,6188359670185969;0,4427791142822716
2,9000000000000004;;7,154043912017014;9,738389498305562;;0,6157142381733213;0,4386490795510677
2,91;;7,184341673058459;9,738704345838094;;0,6126059245543606;0,4345611271097455
2,92;;7,214716318426795;9,738871807854018;;0,6095109289316077;0,43051484826981684
2,93;;7,245167690277904;9,73889362311594;;0,6064291554797676;0,4265098371070851
2,94;;7,275695627672718;9,738771519479009;;0,6033605097584416;0,42254569047968116
2,9499999999999997;;7,306299966572359;9,73850721375176;;0,6003048986925246;0,418622008044843
2,96;;7,336980539833487;9,738102411564245;;0,5972622305529046;0,4147383922744645
2,97;;7,367737177203843;9,737558807243266;;0,5942324149374629;0,41089444846944606
2,98;;7,398569705318045;9,73687808369456;;0,5912153627523631;0,4070897847728664
2,9899999999999998;;7,429477947693577;9,736061912291783;;0,5882109861936278;0,4033240121820129
3,0;;7,460461724727015;9,735111952772117;;0,5852191987289941;0,3995967445592901
3,01;;7,491520853690451;9,734029853138361;;0,5822399150800455;0,39590759864204067
3,02;;7,52265514872818;9,73281724956734;;0,5792730512046084;0,3922561940512973
3,0300000000000002;;7,553864420853583;9,731475766324493;;0,5763185242794151;0,3886421532995008
3,04;;7,585148477946255;9,730007015684471;;0,5733762526830233;0,38506510179720527
3,05;;7,616507124749359;9,728412597857606;;0,570446155978987;0,38152466785879885
3,06;;7,6479401628672115;9,726694100922103;;0,5675281548992765;0,378020482707265
3,0700000000000003;;7,67944739076311;9,72485310076181;;0,5646221713279397;0,37455218047801075
3,08;;7,711028603757387;9,722891161009416;;0,5617281282850001;0,3711193982217865
3,09;;7,742683594025714;9,72080983299493;;0,5588459499105891;0,36772177590672245
3,1;;7,774412150597638;9,71861065569933;;0,5559755614493054;0,3643589564195067
3,11;;7,8062140593553595;9,71629515571319;;0,553116889234797;0,3610305855657293
3,1199999999999997;;7,838089103032758;9,713864847200224;;0,550269860674564;0,3577363120694154
3,1300000000000003;;7,870037061214672;9,711321231865517;;0,5474344042349731;0,3544757875717717
3,1399999999999997;;7,902057710336395;9,708665798928415;;0,5446104494264875;0,3512486666291718
3,15;;7,934150823683467;9,705900025099849;;0,541797926789096;0,34805460671039634
3,16;;7,966316171391667;9,703025374564037;;0,5389967678779508;0,34489326819316174
3,17;;7,998553520447301;9,700043298964387;;0,5362069052491987;0,3417643143599473
3,18;;8,030862634687711;9,696955237393516;;0,5334282724460095;0,33866741139315276
3,19;;8,063243274802064;9,693762616387229;;0,5306608039847935;0,3356022283696017
3,2;;8,09569519833237;9,69046684992236;;0,5279044353416058;0,33256843725441465
3,2099999999999995;;8,128218159674788;9,687069339418354;;0,5251591029387344;0,32956571289427194
3,2199999999999998;;8,160811910081168;9,683571473742463;;0,5224247441314667;0,3265937330100857
3,2300000000000004;;8,193476197660871;9,679974629218458;;0,5197012971950336;0,32365217818910386
3,2399999999999998;;8,226210767382819;9,676280169638742;;0,5169887013117265;0,3207407318764637
3,25;8,938;8,259015361077871;9,672489446279718;0,75;0,5142868965581798;0,31785908036621086
3,26;;8,29188971744139;9,668603797920385;;0,5115958238928268;0,3150069127918137
3,27;;8,324833572036122;9,66462455086397;;0,5089154251435112;0,31218392111617743
3,2800000000000002;;8,357846657295331;9,660553018962542;;0,5062456429952639;0,30938980012118694
3,29;;8,390928702526205;9,656390503644507;;0,503586420978234;0,3066242473967915
3,3000000000000003;;8,424079433913514;9,652138293944857;;0,5009377034557749;0,3038869633296494
3,3099999999999996;;8,45729857452356;9,647797666538091;;0,4982994356126813;0,3011776510913503
3,32;;8,490585844308393;9,643369885773724;;0,49567156344357405;0,2984960166262311
3,3300000000000005;;8,523940960110291;9,638856203714285;;0,4930540337414318;0,2958417686388037
3,34;;8,557363635666508;9,634257860175685;;0,4904467940862648;0,29321461858080805
3,35;;8,59085358161433;9,629576082769905;;0,4878497928339276;0,2906142806379066
3,36;;8,624410505496353;9,624812086949902;;0,48526297910507254;0,2880404717160393
3,37;;8,658034111766092;9,61996707605664;;0,4826863027742359;0,2854929114274482
3,38;;8,691724101793826;9,615042241368165;;0,48011971445905766;0,28297132207639114
3,39;;8,725480173872732;9,610038762150657;;0,4775631655096318;0,28047542864455605
3,4000000000000004;;8,759302023225313;9,604957805711356;;0,47501660799798423;0,2780049587761912
3,4099999999999997;;8,793189342010066;9,599800527453304;;0,4724799947076776;0,27555964276296513
3,42;;8,827141819328496;9,594568070931809;;0,46995327912353646;0,2731392135285668
3,4299999999999997;;8,861159141232319;9,589261567912583;;0,467436415421499;0,2707434066130659
3,44;;8,895240990731036;9,583882138431454;;0,46492935845858235;0,26837196015703546
3,45;;8,929387047799715;9,578430890855586;;0,46243206376296997;0,2660246148854606
3,46;;8,963596989387108;9,572908921946159;;0,45994448752421013;0,26370111409143543
3,47;;8,997870489424018;9,567317316922418;;0,45746658658353007;0,2614012036196673
3,4799999999999995;;9,032207218831953;9,561657149527042;;0,4549983184242605;0,25912463184979556
3,49;;9,066606845532082;9,555929482092743;;0,4525396411623689;0,2568711496795369
3,5000000000000004;;9,101069034454435;9,55013536561008;;0,4500905135371017;0,25464051050767017
3,51;;9,135593447547416;9,544275839796367;;0,44765089490173127;0,252432470216868
3,52;;9,170179743787624;9,538351933165671;;0,44522074521440475;0,250246787156386
3,53;;9,204827579189873;9,532364663099811;;0,4428000250290999;0,24808322212462472
3,54;;9,239536606817577;9,526315035920298;;0,44038869548667653;0,24594153835156515
3,55;;9,274306476793388;9,520204046961194;;0,43798671830602987;0,243821501481095
3,56;;9,309136836310108;9,514032680642798;;0,43559405577533966;0,24172287955323069
3,5700000000000003;;9,344027329641898;9,507801910546132;;0,4332106707434158;0,23964544298624577
3,58;;9,378977598155764;9,50151269948817;;0,4308365266111374;0,23758896455871345
3,5900000000000003;;9,413987280323326;9,495165999597763;;0,4284715873229854;0,2355532193914723
3,5999999999999996;;9,449056011732873;9,488762752392205;;0,42611581735866566;0,23353798492952302
3,61;;9,484183425101701;9,482303888854398;;0,42376918172482175;0,2315430409238636
3,62;;9,519369150288718;9,475790329510588;;0,4214316459468377;0,22956816941327274
3,63;;9,554612814307351;9,469222984508594;;0,4191031760607255;0,22761315470604526
3,64;;9,58991404133873;9,462602753696517;;0,4167837386051004;0,22567778336169037
3,65;;9,625272452745138;9,455930526701879;;0,4144733006132393;0,2237618441725976
3,66;;9,660687667083758;9,449207183011147;;0,4121718296052233;0,22186512814567796
3,6700000000000004;;9,696159300120694;9,442433592049609;;0,40987929358016184;0,21998742848398659
3,6799999999999997;;9,731686964845261;9,435610613261568;;0,40759566100849814;0,21812854056833392
3,6900000000000004;;9,767270271484593;9,428739096190807;;0,40532090082439237;0,21628826193888875
3,6999999999999997;;9,802908827518444;9,4218198805613;;0,4030549824181876;0,21446639227678582
3,71;;9,838602237694385;9,41485379635813;;0,40079787562894714;0,21266273338573288
3,7199999999999998;;9,874350104043163;9,407841663908586;;0,39854955073707504;0,21087708917363526
3,73;;9,910152025894417;9,400784293963397;;0,3963099784570053;0,20910926563423202
3,74;;9,946007599892615;9,393682487778085;;0,39407912992997085;0,20735907082875735
3,75;11,375;9,981916420013304;9,3865370371944;0,333333333;0,3918569767168422;0,20562631486762634
3,7600000000000002;;10,017878077579606;9,379348724721801;;0,38964349079104;0,20391080989215365
3,7699999999999996;;10,053892161278998;9,372118323618984;;0,3874386445315188;0,2022123700563078
3,7800000000000002;;10,089958257180362;9,364846597975387;;0,3852424107158206;0,20053081150850546
3,7900000000000005;;10,126075948751295;9,357534302792676;;0,3830547625131996;0,19886595237345236
3,8;;10,162244816875692;9,350182184066188;;0,38087567347781365;0,19721761273403143
3,81;;10,198464439871616;9,342790978866296;;0,37870511754198427;0,19558561461324395
3,82;;10,234734393509395;9,335361415419658;;0,37654306900952456;0,193969781956209
3,83;;10,271054251030014;9,327894213190376;;0,37438950254913217;0,19236994061222198
3,84;;10,307423583163756;9,320390082960976;;0,37224439318784824;0,19078591831687744
3,85;;10,343841958149111;9,31284972691326;;0,37010771630458084;0,18921754467425939
3,8600000000000003;;10,380308941751942;9,305273838708947;;0,3679794476236924;0,18766465113920203
3,8699999999999997;;10,416824097284904;9,297663103570121;;0,36585956320865054;0,18612707099962436
3,88;;10,453386985627139;9,290018198359464;;0,36374803945574047;0,1846046393589405
3,8899999999999997;;10,48999716524419;9,282339791660235;;0,3616448530878412;0,18309719311855166
3,9;;10,526654192208225;9,274628543856004;;0,35954998114826;0,18160457096041707
3,91;;10,563357620218442;9,266885107210106;;0,3574634009946304;0,180126613329713
3,92;;10,60010700062179;9,259110125944819;;0,35538509029286786;0,17866316241757646
3,93;;10,6369018824339;9,251304236320212;;0,3533150270111856;0,17721406214393992
3,94;;10,673741812360268;9,243468066712708;;0,35125318941416916;0,1757791581404574
3,95;;10,710626334817697;9,23560223769328;;0,3491995560569087;0,17435829773352446
3,9600000000000004;;10,747554991955964;9,227707362105333;;0,34715410577918904;0,17295132992739454
3,9699999999999998;;10,78452732367973;9,219784045142207;;0,34511681769973723;0,171558105387393
3,9800000000000004;;10,821542867670729;9,21183288442431;;0,3430876712105243;0,1701784764232301
3,9899999999999998;;10,858601159410092;9,203854470075889;;0,3410666459711276;0,16881229697241806
4,0;;10,895701732201049;9,19584938480138;;0,3390537219031423;0,16745942258378702
4,01;;10,932844117191724;9,187818203961376;;0,3370488791846542;0,16611971040111026
4,02;;10,970027843398261;9,179761495648169;;0,3350520982447618;0,1647930191468317
4,03;;11,007252437728122;9,171679820760875;;0,333063359758156;0,16347920910590327
4,04;;11,044517425003622;9,16357373308013;;0,33108264463975196;0,16217814210973003
4,05;;11,081822327985716;9,15544377934233;;0,32910993403937366;0,160889681520225
4,06;;11,119166667397955;9,147290499313442;;0,3271452093364923;0,15961369221397578
4,07;;11,15654996195072;9,139114425862344;;0,32518845213501596;0,15835004056652233
4,08;;11,193971728365602;9,130916085033718;;0,3232396442581328;0,1570985944367489
4,09;;11,231431481400065;9,122695996120443;;0,3212987677432039;0,1558592231513888
4,1000000000000005;;11,268928733872283;9,114454671735547;;0,3193658048367085;0,1546317974896445
4,109999999999999;;11,306462996686166;9,106192617883647;;0,3174407379892406;0,15341618966792345
4,12;;11,344033778856666;9,097910334031916;;0,3155235498505535;0,1522122733246887
4,130000000000001;;11,381640587535177;9,089608313180557;;0,3136142232646583;0,15101992350542884
4,14;;11,419282928035223;9,081287041932775;;0,31171274126496973;0,14983901664774302
4,15;;11,45696030385834;9,072947000564223;;0,30981908706950045;0,14866943056654422
4,16;;11,49467221672007;9,064588663091994;;0,3079332440761087;0,14751104443938243
4,17;;11,532418166576253;9,056212497343047;;0,3060551958577905;0,1463637387918845
4,18;;11,570197651649426;9,047818965022149;;0,304184926158023;0,14522739548331431
4,19;;11,60801016845547;9,039408521779288;;0,302322418886155;0,14410189769225148
4,2;;11,645855211830373;9,030981617276574;;0,3004676581128476;0,14298712990239087
4,21;;11,683732274957245;9,02253869525459;;0,2986206280655589;0,14188297788845985
4,22;;11,721640849393458;9,014080193598263;;0,2967813131240804;0,1407893287022574
4,2299999999999995;;11,75958042509798;9,005606544402154;;0,2949496978161178;0,13970607065881183
4,24;;11,797550490458885;8,997118174035252;;0,2931257668129204;0,13863309332265927
4,25;14,688;11,835550532321005;8,988615503205235;0,25;0,2913095049249573;0,137570287494242
4,26;;11,87358003601378;8,980098947022174;;0,2895008970976391;0,1365175451964264
4,2700000000000005;;11,911638485379264;8,971568915061722;;0,28769992840708686;0,13547475966114098
4,279999999999999;;11,949725362800233;8,963025811427764;;0,28590658405594865;0,1344418253161351
4,29;;11,98784014922857;8,954470034814527;;0,2841208493692582;0,1334186377718552
4,3;;12,025982324213649;8,94590197856815;;0,28234270979034404;0,13240509380844312
4,31;;12,064151365930991;8,937322030747728;;0,28057215087678117;0,13140109136285158
4,32;;12,102346751211016;8,928730574185805;;0,27880915829638886;0,13040652951607956
4,33;;12,140567955567915;8,920127986548337;;0,27705371782327454;0,12942130848052666
4,34;;12,17881445322871;8,91151464039412;;0,27530581533392173;0,12844532958746496
4,35;;12,217085717162414;8,902890903233668;;0,27356543680332346;0,12747849527462987
4,36;;12,255381219109337;8,894257137587575;;0,27183256830115987;0,12652070907392785
4,37;;12,293700429610501;8,88561370104432;;0,2701071959880219;0,1255718755992624
4,38;;12,332042818037218;8,876960946317555;;0,2683893061116772;0,1246319005344759
4,390000000000001;;12,370407852620747;8,868299221302841;;0,2666788850033819;0,12370069062140872
4,3999999999999995;;12,40879500048209;8,85962886913388;;0,2649759190742365;0,12277815364807405
4,41;;12,447203727661917;8,850950228238174;;0,2632803948115841;0,12186419843694764
4,42;;12,48563349915055;8,842263632392196;;0,2615922987754553;0,12095873483337391
4,43;;12,524083778918119;8,833569410776006;;0,2599116175950541;0,12006167369408509
4,44;;12,562554029944787;8,824867888027347;;0,2582383379652883;0,11917292687583492
4,45;;12,601043714251041;8,816159384295226;;0,25657244664334505;0,11829240722414622
4,46;;12,63955229292817;8,807444215292952;;0,25491393044530625;0,11742002856216989
4,47;;12,678079226168741;8,798722692350673;;0,25326277624281046;0,11655570567965758
4,4799999999999995;;12,716623973297224;8,789995122467381;;0,25161897095975594;0,11569935432204473
4,49;;12,755185992800671;8,78126180836241;;0,2499825015690472;0,11485089117964539
4,5;;12,793764742359485;8,772523048526413;;0,24835335508938491;0,11401023387695695
4,51;;12,832359678878284;8,763779137271818;;0,24673151858209738;0,11317730096207443
4,52;;12,870970258516808;8,755030364782808;;0,24511697914801533;0,11235201189621376
4,53;;12,909595936720919;8,746277017164743;;0,24350972392438952;0,11153428704334375
4,54;;12,948236168253652;8,737519376493134;;0,24190974008185007;0,11072404765992533
4,55;;12,986890407226348;8,728757720862067;;0,24031701482140808;0,10992121588475737
4,5600000000000005;;13,025558107129823;8,719992324432159;;0,2387315353714998;0,10912571472892932
4,569999999999999;;13,064238720865605;8,711223457478003;;0,23715328898507307;0,10833746806587914
4,58;;13,102931700777233;8,702451386435124;;0,2355822629367139;0,10755640062155529
4,590000000000001;;13,141636498681569;8,69367637394645;;0,2340184445198181;0,10678243796468395
4,6;;13,180352565900177;8,68489867890829;;0,2324618210438019;0,10601550649713855
4,61;;13,219079353290775;8,67611855651582;;0,2309123798313542;0,10525553344441156
4,62;;13,25781631127863;8,667336258308111;;0,22937010821573306;0,10450244684618949
4,63;;13,296562889888087;8,65855203221266;;0,22783499353810033;0,10375617554702707
4,64;;13,33531853877406;8,649766122589446;;0,22630702314489964;0,10301664918712283
4,65;;13,374082707253583;8,640978770274527;;0,22478618438527445;0,10228379819319353
4,66;;13,412854844337351;8,632190212623165;;0,2232724646085285;0,10155755376944775
4,67;;13,451634398761307;8,623400683552472;;0,22176585116162562;0,10083784788865673
4,68;;13,490420819018219;8,614610413583621;;0,22026633138673174;0,10012461328332277
4,6899999999999995;;13,52921355338929;8,60581962988357;;0,2187738926187967;0,09941778343694359
4,7;;13,568012049975744;8,597028556306356;;0,21728852218317765;0,09871729257537253
4,71;;13,606815756730425;8,588237413433927;;0,21581020739330253;0,09802307565827326
4,72;;13,645624121489417;8,57944641861652;;0,21433893554837363;0,09733506837066823
4,73;;13,684436592003625;8,570655786012603;;0,2128746939311117;0,09665320711458031
4,74;;13,723252615970342;8,561865726628387;;0,21141746980554157;0,0959774290007674
4,75;7,188;13,762071641064852;8,553076448356869;0,25;0,20996725041481518;0,09530767184054714
4,760000000000001;;13,800893114971956;8,544288156016474;;0,20852402297907718;0,09464387413771369
4,77;;13,839716485417497;8,535501051389254;;0,20708777469336956;0,0939859750805438
4,78;;13,878541200199903;8,526715333258648;;0,20565849272557446;0,09333391453389156
4,79;;13,917366707221598;8,517931197446853;;0,20423616421439988;0,0926876330313727
4,8;;13,956192454520501;8,509148836851725;;0,20282077626740178;0,0920470717676349
4,81;;13,995017890301394;8,500368441483323;;0,20141231595904732;0,09141217259071581
4,82;;14,03384246296732;8,491590198499987;;0,20001077032881656;0,09078287799448645
4,83;;14,072665621150854;8,482814292244042;;0,19861612637934437;0,09015913111118015
4,84;;14,111486813745422;8,474040904277084;;0,19722837107459978;0,08954087570400522
4,8500000000000005;;14,150305489936498;8,465270213414867;;0,19584749133810544;0,08892805615984153
4,859999999999999;;14,18912109923276;8,456502395761795;;0,19447347405119583;0,08832061748201984
4,87;;14,227933091497228;8,447737624745002;;0,19310630605131257;0,08771850528318242
4,88;;14,266740916978259;8,438976071148073;;0,19174597413034078;0,08712166577822585
4,89;;14,30554402634056;8,43021790314435;;0,19039246503298146;0,08653004577732308
4,9;;14,344341870696084;8,421463286329868;;0,1890457654551628;0,0859435926790257
4,91;;14,38313390163484;8,412712383755908;;0,1877058620424906;0,08536225446344493
4,92;;14,421919571255678;8,403965355961173;;0,18637274138873472;0,08478597968551028
4,93;;14,46069833219694;8,395222361003597;;0,1850463900343548;0,08421471746830576
4,9399999999999995;;14,499469637667055;8,386483554491763;;0,1837267944650626;0,0836484174964823
4,95;;14,53823294147504;8,377749089615996;;0,18241394111042272;0,08308703000974603
4,96;;14,576987698060904;8,369019117179048;;0,18110781634248982;0,08253050579642157
4,97;;14,615733362525955;8,36029378562646;;0,17980840647448318;0,08197879618708907
4,9799999999999995;;14,654469390663035;8,351573241076549;;0,1785156977594982;0,08143185304829495
4,99;;14,693195238986606;8,342857627350048;;0,17722967638925494;0,08088962877633535
5,0;;14,731910364762768;8,334147085999405;;0,17595032849288336;0,0803520762911114
5,01;;14,770614226039154;8,325441756337723;;0,17467764013574422;0,07981914903005545
5,0200000000000005;;14,809306281674724;8,316741775467376;;0,1734115973182867;0,07929080094212788
5,029999999999999;;14,847985991369402;8,308047278308276;;0,1721521859749434;0,07876698648188407
5,04;;14,88665281569367;8,299358397625799;;0,17089939197305815;0,07824766060360899
5,050000000000001;;14,925306216117958;8,2906752640584;;0,16965320111185322;0,07773277875552172
5,06;;14,96394565504195;8,281998006144894;;0,16841359912142959;0,07722229687404628
5,07;;15,002570595823794;8,273326750351384;;0,16718057166180256;0,07671617137814934
5,08;;15,041180502809075;8,26466162109792;;0,1659541043219747;0,07621435916374486
5,09;;15,079774841359775;8,256002740784801;;0,16473418261904113;0,07571681759816301
5,1;;15,11835307788301;8,247350229818572;;0,16352079199733124;0,0752235045146845
5,11;;15,156914679859675;8,238704206637715;;0,1623139178275841;0,07473437820713849
5,12;;15,195459115872888;8,230064787738037;;0,16111354540615902;0,07424939742456416
5,13;;15,233985855636355;8,221432087697734;;0,15991965995427934;0,07376852136593437
5,140000000000001;;15,272494370022535;8,21280621920218;;0,15873224661731072;0,07329170967494168
5,1499999999999995;;15,31098413109066;8,204187293068395;;0,15755129046407312;0,07281892243484543
5,16;;15,349454612114629;8,19557541826923;;0,1563767764861855;0,0723501201633791
5,17;;15,38790528761067;8,186970701957264;;0,15520868959744563;0,07188526380771844
5,18;;15,426335633364932;8,178373249488402;;0,1540470146332405;0,07142431473950762
5,19;;15,464745126460844;8,169783164445189;;0,15289173634999131;0,07096723474994499
5,2;;15,503133245306328;8,161200548659853;;0,1517428394246304;0,07051398604492619
5,21;;15,541499469660844;8,152625502237056;;0,15060030845411052;0,07006453124024485
5,220000000000001;;15,579843280662244;8,14405812357638;;0,14946412795494632;0,06961883335684978
5,2299999999999995;;15,618164160853476;8,135498509394528;;0,14833428236278776;0,06917685581615826
5,24;;15,6564615942091;8,126946754747259;;0,1472107560320243;0,06873856243542446
5,25;10,063;15,694735066161577;8,118402953051067;0,0;0,1460935332354225;0,06830391742316336
5,26;;15,732984063627459;8,109867196104583;;0,14498259816379216;0,06787288537462778
5,27;;15,771208075033313;8,101339574109714;;0,14387793492568504;0,06744543126733975
5,28;;15,809406590341503;8,092820175692538;;0,1427795275471237;0,0670215204566745
5,29;;15,847579101075754;8,084309087923929;;0,1416873599713606;0,06660111867149679
5,3;;15,885725100346534;8,075806396339939;;0,14060141605866736;0,06618419200984905
5,3100000000000005;;15,923844082876233;8,067312184961924;;0,13952167958615383;0,0657707069346906
5,319999999999999;;15,961935545024144;8,058826536316431;;0,13844813424761682;0,0653606302696875
5,33;;15,999998984811258;8,05034953145483;;0,13738076365341723;0,06495392919505213
5,34;;16,0380339019448;8,041881249972713;;0,1363195513303884;0,06455057124343283
5,35;;16,076039797842643;8,033421770029056;;0,1352644807217703;0,06415052429585147
5,36;;16,11401617565744;8,024971168365136;;0,13421553518717416;0,06375375657769003
5,37;;16,151962540300577;8,016529520323221;;0,13317269800257459;0,06336023665472458
5,38;;16,189878398465915;8,008096899865032;;0,13213595236032954;0,06296993342920647
5,390000000000001;;16,227763258653304;7,9996733795899715;;0,13110528136922814;0,06258281613599023
5,4;;16,26561663119189;7,991259030753128;;0,1300806680545654;0,06219885433870743
5,41;;16,3034380282632;7,982853923283063;;0,12906209535824423;0,06181801792598614
5,42;;16,341226963924004;7,974458125799369;;0,12804954613890418;0,06144027710771545
5,43;;16,378982954128954;7,9660717056300205;;0,1270430031720763;0,06106560241135443
5,4399999999999995;;16,416705516752984;7,957694728828501;;0,12604244915036455;0,06069396467828512
5,45;;16,45439417161355;7,949327260190719;;0,1250478666836521;0,0603253350602087
5,46;;16,492048440492507;7,940969363271726;;0,12405923829933492;0,059959685015585316
5,47;;16,52966784715791;7,932621100402208;;0,12307654644257839;0,05959698630611539
5,48;;16,567251917385484;7,924282532704781;;0,12209977347660025;0,05923721099326363
5,489999999999999;;16,60480017897988;7,915953720110092;;0,12112890168297784;0,0588803314348242
5,5;;16,642312161795722;7,907634721372696;;0,12016391326197878;0,05852632028152666
5,510000000000001;;16,679787397758375;7,899325594086775;;0,11920479033291749;0,05817515047368305
5,52;;16,717225420884514;7,891026394701613;;0,11825151493453297;0,057826795237874096
5,53;;16,754625767302443;7,882737178536916;;0,11730406902539157;0,057481228083675576
5,54;;16,791987975272146;7,87445799979792;;0,11636243448431219;0,057138422800423534
5,55;;16,829311585205133;7,86618891159032;;0,11542659311081409;0,056798353454018104
5,56;;16,866596139684013;7,857929965935008;;0,11449652662558715;0,05646099438376545
5,57;;16,90384118348185;7,84968121378263;;0,1135722166709842;0,05612632019925745
5,58;;16,94104626358123;7,841442705027956;;0,11265364481153485;0,05579430577728856
5,59;;16,978210929193146;7,833214488524075;;0,11174079253448085;0,05546492625880951
5,6000000000000005;;17,015334731775546;7,8249966120964105;;0,11083364125033246;0,05513815704591733
5,609999999999999;;17,052417225051713;7,816789122556557;;0,10993217229344548;0,05481397379888135
5,62;;17,08945796502836;7,808592065715948;;0,10903636692261824;0,05449235243320446
5,63;;17,12645651001344;7,800405486399356;;0,10814620632171004;0,054173269116719984
5,64;;17,16341242063378;7,792229428458205;;0,10726167160027723;0,05385670026672249
5,65;;17,20032525985238;7,784063934783741;;0,1063827437942302;0,05354262254713335
5,66;;17,237194592985517;7,775909047320014;;0,10550940386650885;0,05323101286569993
5,67;;17,27401998771955;7,7677648070767145;;0,10464163270777678;0,052921848371228195
5,680000000000001;;17,310801014127513;7,759631254141835;;0,10377941113713382;0,052615106450848374
5,6899999999999995;;17,347537244685387;7,751508427694185;;0,10292271990284675;0,05231076472731324
5,7;;17,384228254288203;7,743396366015732;;0,10207153968309698;0,0520088010563284
5,71;;17,42087362026578;7,735295106503807;;0,1012258510867472;0,051709193523914995
5,72;;17,457472922398296;7,727204685683137;;0,10038563465412283;0,051411920443803084
5,7299999999999995;;17,494025742931537;7,71912513921774;;0,09955087085781192;0,05111696035485671
5,74;;17,53053166659196;7,711056501922656;;0,09872154010348004;0,050824292018529234
5,75;7,063;17,566990280601352;7,7029988077755505;0,0;0,0978976227307027;0,05053389441634951
5,76;;17,603401174691413;7,694952089928149;;0,09707909901381151;0,05024574674743741
5,7700000000000005;;17,639763941117927;7,686916380717541;;0,096265949162757;0,049959828426049374
5,779999999999999;;17,676078174674743;7,678891711677337;;0,095458153323986;0,04967611907915309
5,79;;17,7123434727075;7,67087811354868;;0,09465569158133293;0,049394598544030895
5,800000000000001;;17,748559435127014;7,662875616291132;;0,09385854395692693;0,049115246865912086
5,81;;17,78472566442249;7,654884249093405;;0,09306669041211141;0,048838044295633085
5,82;;17,82084176567444;7,646904040383964;;0,09228011084837712;0,04856297128732537
5,83;;17,85690734656732;7,638935017841501;;0,09149878510830994;0,048290008496131395
5,84;;17,892922017401894;7,630977208405265;;0,09072269297655011;0,048019136775947234
5,8500000000000005;;17,928885391107386;7,6230306382852735;;0,0899518141807645;0,047750337177192244
5,86;;17,964797083253323;7,615095332972381;;0,0891861283926312;0,04748359094460525
5,87;;18,00065671206113;7,607171317248232;;0,0884256152288357;0,04721887951506688
5,88;;18,036463898415445;7,59925861519508;;0,08767025425207883;0,046956184515447856
5,89;;18,072218265875204;7,591357250205483;;0,08692002497209572;0,046695487760482726
5,8999999999999995;;18,107919440684427;7,583467244991886;;0,08617490684668574;0,046436771250669
5,91;;18,143567051782767;7,575588621596055;;0,08543487928275242;0,046180017170191004
5,92;;18,179160730815763;7,56772140139843;;0,08469992163735485;0,04592520788486877
5,93;;18,21470011214487;7,559865605127322;;0,08397001321876715;0,045672325940130765
5,94;;18,250184832857197;7,552021252868017;;0,08324513328754876;0,04542135405901103
5,949999999999999;;18,285614532774993;7,544188364071753;;0,08252526105762342;0,045172275140169985
5,96;;18,32098885446488;7,536366957564586;;0,08181037569736664;0,04492507225593849
5,970000000000001;;18,356307443246777;7,528557051556147;;0,08110045633070281;0,04467972865038556
5,9799999999999995;;18,39156994720264;7,520758663648279;;0,080395482038209;0,04443622773740839
5,99;;18,426776017184892;7,512971810843566;;0,07969543185822729;0,0441945530988453
6,0;;18,461925306824565;7,505196509553766;;0,0790002847879854;0,04395468848261119
6,01;;18,49701747253926;7,497432775608115;;0,07831001978472289;0,04371661780085462
6,02;;18,532052173540784;7,489680624261543;;0,07762461576682551;0,04348032512813702
6,03;;18,567029071842544;7,481940070202775;;0,07694405161496556;0,043245794699633314
6,04;;18,6019478322667;7,474211127562335;;0,07626830617324856;0,043013010909353805
6,05;;18,636808122451033;7,4664938099204425;;0,0755973582503659;0,04278195830838711
6,0600000000000005;;18,671609612855587;7,458788130314812;;0,07493118662075295;0,04255262160316376
6,069999999999999;;18,70635197676902;7,451094101248349;;0,0742697700257526;0,042324985653740425
6,08;;18,74103489031474;7,443411734696751;;0,0736130871747833;0,04209903547210413
6,09;;18,77565803245673;7,435741042116016;;0,07296111674651289;0,04187475622049692
6,1;;18,810221085005185;7,428082034449839;;0,07231383739003516;0,04165213320975975
6,11;;18,84472373262186;7,420434722136935;;0,07167122772605176;0,04143115189769625
6,12;;18,879165662825148;7,412799115118248;;0,0710332663480572;0,0412117978874556
6,13;;18,913546565994956;7,405175222844084;;0,0703999318235275;0,04099405692593453
6,140000000000001;;18,947866135377293;7,397563054281144;;0,06977120269511176;0,04077791490219805
6,15;;18,982124067088606;7,389962617919468;;0,06914705748182692;0,040563357845918774
6,16;;19,016320060119906;7,382373921779292;;0,06852747468025461;0,040350371925834634
6,17;;19,050453816340603;7,374796973417816;;0,06791243276574056;0,04013894344822464
6,18;;19,084525040502132;7,367231779935884;;0,06730191019359587;0,03992905885540262
6,1899999999999995;;19,11853344024129;7,359678347984585;;0,06669588540029994;0,039720704724228596
6,2;;19,152478726083405;7,352136683771754;;0,06609433680470446;0,03951386776463754
6,21;;19,18636061144514;7,3446067930684125;;0,06549724280923948;0,039308534818185664
6,22;;19,22017881263719;7,337088681215104;;0,06490458180111887;0,03910469285661338
6,23;;19,253933048866653;7,3295823531281625;;0,06431633215354748;0,038902328980425345
6,239999999999999;;19,287623042239183;7,322087813305893;;0,06373247222692807;0,038701430417487075
6,25;6,938;19,321248517760935;7,314605065834673;0,0;0,06315298037006799;0,03850198452163786
