0,0;0,75;0,75;0,75
0,01;;0,7544067293412227;0,7539396627802091
0,02;;0,7588404370738645;0,7579008883993655
0,03;;0,7633012790721095;0,7618837779832554
0,04;;0,767789412131995;0,7658884333243219
0,05;;0,7723049939752548;0,7699149568788201
0,06;;0,7768481832531863;0,7739634517641377
0,06999999999999999;;0,7814191395505421;0,7780340217562758
0,08;;0,786018023389444;0,782126771287482
0,09;;0,7906449962333187;0,7862418054440297
0,1;;0,795300220490858;0,7903792299641373
0,11;;0,7999838595199992;0,7945391512360216
0,12;;0,8046960776319271;0,7987216762960789
0,13;;0,8094370400950978;0,8029269128271895
0,13999999999999999;;0,8142069131392821;0,8071549691571398
0,15;;0,81900586395963;0,8114059542571569
0,16;;0,8238340607207543;0,815679977740552
0,16999999999999998;;0,8286916725608334;0,8199771498614671
0,18;;0,8335788695957345;0,8242975815137203
0,19;;0,8384958229231535;0,8286413842297476
0,2;;0,8434427046267741;0,8330086701796348
0,21;;0,8484196877804446;0,8373995521702374
0,22;;0,8534269464523723;0,8418141436443851
0,22999999999999998;;0,8584646557093334;0,8462525586801649
0,24;;0,8635329916209017;0,8507149119902827
0,25;0,75;0,8686321312636919;0,855201318921499
0,26;;0,8737622527256187;0,859711895454134
0,27;;0,8789235351101725;0,8642467582016423
0,27999999999999997;;0,8841161585407081;0,8688060244102515
0,29;;0,8893403041647504;0,8733898119586639
0,3;;0,8945961541583112;0,8779982393578173
0,31;;0,899883891730223;0,882631425750704
0,32;;0,9052037011264836;0,8872894909122441
0,33;;0,910555767634615;0,8919725552492113
0,33999999999999997;;0,9159402775880339;0,8966807398002095
0,35000000000000003;;0,9213574183704353;0,9014141662356975
0,36;;0,926807378420187;0,9061729568580588
0,37;;0,9322903472347356;0,9109572346017174
0,38;;0,9378065153750229;0,9157671230332947
0,38999999999999996;;0,9433560744699137;0,9206027463518061
0,4;;0,9489392172206326;0,9254642293888976
0,41000000000000003;;0,9545561374052106;0,9303516976091184
0,42;;0,9602070298829412;0,9352652771102286
0,43;;0,9658920905988441;0,9402050946235404
0,44;;0,9716115165881387;0,945171277514292
0,44999999999999996;;0,9773655059807238;0,9501639537820505
0,45999999999999996;;0,9831542580056652;0,955183252061146
0,47000000000000003;;0,9889779729956909;0,9602293016211296
0,48;;0,9948368523916903;0,9653022323672618
0,49;;1,0007310987472227;0,9704021748410225
0,5;;1,006660915733028;0,9755292602206463
0,51;;1,0126265081415444;0,9806836203216789
0,52;;1,0186280818914295;0,985865387597555
0,53;;1,024665844032086;0,9910746951401963
0,54;;1,0307400027481897;0,9963116766806273
0,5499999999999999;;1,036850767364222;1,0015764665896094
0,5599999999999999;;1,0429983483490037;1,0068691998782915
0,5700000000000001;;1,049182957320231;1,0121900121988747
0,58;;1,055404807049012;1,0175390398452924
0,59;;1,0616641114644072;1,0229164197539036
0,6;;1,0679610856579647;1,028322289504198
0,61;;1,0742959458882606;1,033756787319512
0,62;;1,080668909585436;1,0392200520677566
0,63;;1,0870801953557323;1,0447122232621529
0,64;;1,093530022986025;1,0502334410619767
0,65;;1,1000186134483554;1,0557838462733113
0,66;;1,106546188904459;1,061363580349806
0,67;;1,1131129727102895;1,0669727853934405
0,6799999999999999;;1,119719189420539;1,0726116041552956
0,69;;1,126365064793153;1,078280180036326
0,7000000000000001;;1,1330508257938396;1,0839786570881385
0,7100000000000001;;1,1397767006005732;1,0897071800137705
0,72;;1,14654291860809;1,0954658941684725
0,73;;1,1533497104323776;1,1012549455604896
0,74;;1,1601973079151542;1,1070744808518451
0,75;1,516;1,1670859441283417;1,1129246473591217
0,76;;1,174015853378526;1,1188055930542418
0,77;;1,1809872712114098;1,1247174665652475
0,7799999999999999;;1,1880004344162525;1,1306604171770753
0,79;;1,1950555810302994;1,1366345948323295
0,8;;1,202152950343198;1,142640150132049
0,8099999999999999;;1,209292782901401;1,148677234336471
0,8200000000000001;;1,2164753205125565;1,1547459993657905
0,83;;1,22370080624988;1,160846597800909
0,84;;1,2309694844565158;1,1669791828841807
0,8500000000000001;;1,2382816007498785;1,173143908520149
0,86;;1,245637402025979;1,1793409292762733
0,8699999999999999;;1,2530371364637312;1,185570400383652
0,88;;1,260481053529241;1,1918324777377298
0,89;;1,267969403980076;1,1981273178989973
0,8999999999999999;;1,2755024398695132;1,2044550780936807
0,91;;1,2830804145507673;1,2108159162144183
0,9199999999999999;;1,2907035826811948;1,2172099908209257
0,9299999999999999;;1,2983722002264764;1,2236374611406475
0,9400000000000001;;1,3060865244647744;1,2300984870693963
0,95;;1,313846813990866;1,2365932291719752
0,96;;1,3216533287202494;1,2431218486827897
0,97;;1,3295063298932253;1,249684507506441
0,98;;1,3374060800789473;1,2562813682183027
0,9900000000000001;;1,3453528431794461;1,2629125940650845
1,0;;1,3533468844336214;1,2695783489653738
1,01;;1,3613884704212078;1,2762787975101637
1,02;;1,3694778690667015;1,2830141049633594
1,03;;1,3776153496432595;1,2897844372622675
1,04;;1,3858011827765635;1,2965899610180633
1,05;;1,3940356404486478;1,3034308435162398
1,06;;1,4023189960016909;1,3103072527170343
1,0699999999999998;;1,4106515241417703;1,3172193572558333
1,08;;1,4190335009425799;1,3241673264435565
1,09;;1,4274652038491042;1,331151330267015
1,0999999999999999;;1,435946911681256;1,338171539389249
1,11;;1,444478904637469;1,3452281251498397
1,1199999999999999;;1,4530614642982478;1,3523212595651952
1,13;;1,4616948736296744;1,3594511153288145
1,1400000000000001;;1,470379416986867;1,3666178658115207
1,15;;1,479115380117393;1,3738216850616707
1,16;;1,4879030501646362;1,381062747805337
1,17;;1,496742715671108;1,3883412294464594
1,18;;1,505634666581714;1,3956573060669712
1,1900000000000002;;1,514579194246964;1,4030111544268928
1,2;;1,5235765914261301;1,4104029519643972
1,21;;1,5326271522903507;1,4178328767958448
1,22;;1,5417311724256755;1,4253011077157856
1,23;;1,550888948836054;1,432807824196931
1,24;;1,5601007799462645;1,4403532063900921
1,25;2,031;1,569366965604782;1,447937435124083
1,26;;1,5786878070865835;1,455560691905594
1,27;;1,5880636070958898;1,4632231589190259
1,28;;1,5974946697688408;1,4709250190262924
1,29;;1,6069813006761056;1,478666455766584
1,3;;1,616523806825422;1,4864476533560964
1,31;;1,626122496664066;1,4942687966877204
1,32;;1,635777680081251;1,5021300713306958
1,3299999999999998;;1,6454896684104505;1,5100316635302233
1,34;;1,6552587744316496;1,5179737602070413
1,35;;1,6650853123735134;1,525956548956956
1,3599999999999999;;1,6749695979154835;1,5339802180503377
1,37;;1,6849119481897894;1,5420449564315712
1,38;;1,6949126817833773;1,5501509537184635
1,39;;1,7049721187397586;1,5582984002016105
1,4000000000000001;;1,7150905805607681;1,5664874868437197
1,41;;1,725268390208237;1,5747184052788863
1,4200000000000002;;1,7355058721055745;1,5829913478118256
1,43;;1,7458033521392584;1,59130650741706
1,44;;1,756161157660232;1,599664077738057
1,4500000000000002;;1,7665796174852055;1,6080642530863216
1,46;;1,7770590618978563;1,616507228440439
1,47;;1,7875998226499388;1,6249931994450697
1,48;;1,7982022329622789;1,6335223624098936
1,49;;1,808866627525676;1,6420949143085035
1,5;;1,8195933425016932;1,650711052777248
1,51;;1,8303827155233412;1,6593709761140212
1,52;;1,8412350856956496;1,6680748832770005
1,53;;1,852150793596129;1,6768229738833298
1,54;;1,863130181275115;1,6856154482077486
1,55;;1,8741735922559968;1,6944525071811651
1,5599999999999998;;1,8852813715353243;1,7033343523891742
1,5699999999999998;;1,8964538655827976;1,7122611860705175
1,58;;1,9076914223411254;1,7212332111154862
1,59;;1,9189943912257639;1,7302506310642645
1,6;;1,9303631231245217;1,7393136501052142
1,6099999999999999;;1,9417979703970347;1,748422473073099
1,6199999999999999;;1,9532992868741084;1,757577305447249
1,63;;1,96486742785692;1,7667783533496577
1,6400000000000001;;1,9765027501160843;1,7760258235430237
1,6500000000000001;;1,9882056118905773;1,7853199234287243
1,66;;1,9999763728865139;1,7946608610447243
1,67;;2,01181539427578;1,8040488450634216
1,68;;2,023723038694514;1,8134840847894247
1,69;;2,0356996702414363;1,822966790157264
1,7000000000000002;;2,0477456544760213;1,8324971717290341
1,71;;2,059861358416513;1,8420754406919673
1,72;;2,0720471505377835;1,8517018088559387
1,73;;2,0843034007690178;1,8613764886508986
1,7399999999999998;;2,096630480491239;1,8710996931242336
1,75;3,344;;
1,7500000000000002;;2,109028762534665;1,8808716359380577
1,76;;2,1214986211758844;1,8906925313664236
1,77;;2,134040432134867;1,9005625942924687
1,78;;2,1466545725717854;1,9104820402054767
1,79;;2,1593414210836612;1,9204510851978696
1,7999999999999998;;2,1721013577008232;1,9304699459621177
1,81;;2,1849347638831804;1,9405388397875765
1,82;;2,1978420225162965;1,9506579845572378
1,83;;2,2108235179072775;1,9608275987444084
1,8399999999999999;;2,2238796357804573;1,971047901409301
1,8499999999999999;;2,237010763272883;1,981319112195549
1,8599999999999999;;2,250217288929592;1,9916414513266316
1,87;;2,2634996026986878;2,002015139602223
1,8800000000000001;;2,2768580959261957;2,01244039839445
1,8900000000000001;;2,2902931613507116;2,0229174496440674
1,9;;2,303805193097826;2,033446515856545
1,91;;2,3173945866743293;2,044027820098069
1,92;;2,331061738962189;2,05466158599145
1,9300000000000002;;2,3448070482122993;2,065348037711947
1,94;;2,358630914037998;2,0760873999829976
1,95;;2,3725337374083426;2,0868798980718553
1,96;;2,386515920641152;2,0977257577851356
1,97;;2,400577867395798;2,108625205464269
1,9800000000000002;;2,414719982665754;2,1195784679808596
1,9900000000000002;;2,428942672770885;2,130585772731941
2,0;;2,4432463453494893;2,1416473476351503
2,01;;2,4576314093500753;2,1527634211237863
2,02;;2,4720982750228764;2,163934222141784
2,03;;2,4866473539110943;2,175159980138577
2,04;;2,5012790588418783;2,18644092506387
2,0500000000000003;;2,515993803917019;2,1977772873623036
2,06;;2,5307920045033696;2,209169297968012
2,07;;2,54567407722298;2,220617188299089
2,08;;2,5606404399429414;2,2321211902519353
2,09;;2,575691511764937;2,24368153619551
2,1;;2,5908277130145017;2,2552984589654703
2,11;;2,606049465229972;2,2669721918582018
2,12;;2,6213571911511395;2,278702968624746
2,13;;2,6367513147075843;2,2904910234646096
2,1399999999999997;;2,652232261006702;2,3023365910194697
2,15;;2,6678004563214093;2,314239906366763
2,16;;2,683456328077521;2,3262012050131604
2,17;;2,699200304840809;2,3382207228879315
2,18;;2,7150328163037187;2,350298696336193
2,19;;2,730954293271756;2,3624353621120373
2,1999999999999997;;2,746965167649526;2,3746309573715463
2,21;;2,7630658724264334;2,386885719665689
2,22;;2,77925684166202;2,3991998869330953
2,23;;2,7955385104709563;2,4115736974927096
2,2399999999999998;;2,811911315007672;2,424007390036331
2,25;4,297;2,828375692450616;2,43650120362102
2,26;;2,8449320809861427;2,4490553776613866
2,27;;2,861580919792041;2,4616701519217576
2,2800000000000002;;2,878322649020661;2,4743457665082134
2,29;;2,895157709781667;2,487082461860497
2,3;;2,9120865441244073;2,4998804787438047
2,31;;2,9291095950198747;2,5127400582404396
2,32;;2,9462273063422746;2,5256614417413346
2,33;;2,9634401228501925;2,5386448709374565
2,34;;2,9807484901673407;2,5516905878110627
2,35;;2,998152854762906;2,5647988346268438
2,36;;3,015653663931456;2,5779698539229132
2,37;;3,0332513657724456;2,5912038885016826
2,3800000000000003;;3,0509464091692697;2,6045011814205843
2,39;;3,068739243767898;2,617861975982669
2,4;;3,0866303199550638;2,6312865157270653
2,41;;3,104620088836001;2,644775044419296
2,42;;3,1227090022117396;2,6583278060414606
2,4299999999999997;;3,1408975125559424;2,671945044782276
2,44;;3,1591860729912797;2,68562700502698
2,45;;3,177575137265335;2,6993739313470835
2,46;;3,1960651597260474;2,713186068489996
2,4699999999999998;;3,214656595296668;2,727063661368494
2,48;;3,2333498994502445;2,7410069550500538
2,4899999999999998;;3,2521455281836054;2,7550161947460334
2,5;;3,271043937990868;2,7690916258007183
2,5100000000000002;;3,2900455858364337;2,783233493680208
2,52;;3,3091509291274908;2,7974420439611647
2,53;;3,3283604256860078;2,811717522319414
2,54;;3,347674533720209;2,826060174518394
2,55;;3,3670937117955333;2,84047024639745
2,56;;3,3866184188050767;2,8549479838599936
2,5700000000000003;;3,406249113939494;2,8694936328614946
2,58;;3,4259862566563775;2,884107439397334
2,59;;3,44583030664909;2,8987896494904963
2,6;;3,4657817238150574;2,9135405091791156
2,6100000000000003;;3,4858409682235094;2,9283602645038638
2,62;;3,5060085000826686;2,943249161495187
2,63;;3,5262847797063785;2,9582074461603853
2,64;;3,546670267480168;2,973235364470541
2,65;;3,5671654238267476;2,988333162347289
2,6599999999999997;;3,587770709170927;3,003501085649427
2,67;;3,608486583903965;3,0187393801593827
2,68;;3,6293135083473143;3,034048291569501
2,69;;3,650251942715803;3,0494280654681987
2,7;;3,6713023470802053;3,0648789473259432
2,71;;3,6924651813292177;3,080401182481082
2,7199999999999998;;3,7137409051308348;3,0959950161255074
2,73;;3,7351299778931217;3,111660693290172
2,74;;3,7566328587243567;3,127398458830428
2,75;4,922;3,7782500063925806;3,143208557411227
2,76;;3,799981879284511;3,1590912334921426
2,77;;3,8218289353638326;3,175046731312245
2,78;;3,8437916321288625;3,191075294874807
2,79;;3,865870426569578;3,207177167931856
2,8000000000000003;;3,8880657751240078;3,22335259396856
2,81;;3,9103781336339813;3,2396018161874545
2,82;;3,9328079573002324;3,255925077492513
2,83;;3,955355700636852;3,2723226204730484
2,8400000000000003;;3,978021817425091;3,288794687387462
2,85;;4,000806760666501;3,3053415201468246
2,86;;4,0237109825354205;3,321963360298303
2,87;;4,04673493433079;3,33866044900842
2,88;;4,0698790664273075;3,3554330270461605
2,8899999999999997;;4,093143828225904;3,3722813347659097
2,9000000000000004;;4,116529668103567;3,3892056120902416
2,91;;4,140037033362445;3,4062060984925293
2,92;;4,163666370178327;3,423283032979424
2,93;;4,187418123548399;3,440436654073147
2,94;;4,211292737238331;3,457667199793638
2,9499999999999997;;4,23529065372868;3,474974907640541
2,96;;4,259412314160601;3,4923600145750395
2,97;;4,2836581582808595;3,509822757001514
2,98;;4,308028624386167;3,5273633707490695
2,9899999999999998;;4,332524149266809;3,5449820910528858
3,0;;4,357145168149587;3,5626791525354284
3,01;;4,381892114640043;3,5804547891874825
3,02;;4,406765420664016;3,5983092343490597
3,0300000000000002;;4,431765516408475;3,6162427206901304
3,04;;4,456892830261658;3,634255480191213
3,05;;4,482147788752517;3,65234774412381
3,06;;4,5075308164894485;3,6705197430306904
3,0700000000000003;;4,533042336098337;3,688771706706026
3,08;;4,558682768159887;3,707103864175377
3,09;;4,584452531146257;3,7255164436755286
3,1;;4,610352041356996;3,744009672634183
3,11;;4,636381712854271;3,7625837776495046
3,1199999999999997;;4,662541957397405;3,78123898446952
3,1300000000000003;;4,688833184376723;3,7999755179713794
3,1399999999999997;;4,71525580074667;3,818793602140465
3,15;;4,741810210958289;3,8376934600493784
3,16;;4,768496816890948;3,856675313836762
3,17;;4,795316017783419;3,8757393846860104
3,18;;4,822268210164252;3,8948858928038272
3,19;;4,8493537877814665;3,9141150573986536
3,2;;4,876573141531564;3,9334270966589635
3,2099999999999995;;4,903926659387858;3,952822227731427
3,2199999999999998;;4,931414726328144;3,972300666698948
3,2300000000000004;;4,959037724261673;3,9918626285585668
3,2399999999999998;;4,986796031955476;4,011508327199233
3,25;8,938;5,014690024960047;4,031237975379484
3,26;;5,042720075534324;4,051051784704954
3,27;;5,070886552570059;4,070949965605804
3,2800000000000002;;5,099189821515524;4,090932727314011
3,29;;5,1276302442985875;4,11100027784055
3,3000000000000003;;5,156208179249148;4,131152823952458
3,3099999999999996;;5,184923981020951;4,151390571149789
3,32;;5,213778000512793;4,17171372364246
3,3300000000000005;;5,242770584789089;4,192122484326985
3,34;;5,271902076999865;4,212617054763108
3,35;;5,30117281630015;4,233197635150337
3,36;;5,330583137768765;4,253864424304374
3,37;;5,360133372326556;4,27461761963344
3,38;;5,389823846654042;4,2954574171145214
3,39;;5,419654883108521;4,3163840112695135
3,4000000000000004;;5,449626799640616;4,337397595141276
3,4099999999999997;;5,479739909710287;4,358498360269595
3,42;;5,509994522202334;4,379686496667088
3,4299999999999997;;5,540390941341342;4,400962192794986
3,44;;5,570929466606186;4,42232563553887
3,45;;5,601610392643984;4,443777010184319
3,46;;5,63243400918362;4,465316500392486
3,47;;5,663400600948778;4,486944288175611
3,4799999999999995;;5,694510447570532;4,5086605538724545
3,49;;5,725763823499508;4,530465476123685
3,5000000000000004;;5,757160997917602;4,552359231847188
3,51;;5,788702234649314;4,574341996213327
3,52;;5,820387792072703;4,59641394262017
3,53;;5,852217923029912;4,618575242668612
3,54;;5,884192874737399;4,6408260661375165
3,55;;5,9163128886957885;4,663166580958763
3,56;;5,94857820059941;4,685596953192279
3,5700000000000003;;5,980989040245529;4,708117347001028
3,58;;6,0135456314432885;4,730727924625963
3,5900000000000003;;6,046248191922388;4,753428846360954
3,5999999999999996;;6,079096933241502;4,776220270527684
3,61;;6,112092060696484;4,799102353450531
3,62;;6,145233773228337;4,822075249431411
3,63;;6,178522263331024;4,84513911072464
3,64;;6,211957716959086;4,868294087511744
3,65;;6,245540313435129;4,891540327876295
3,66;;6,279270225357179;4,914877977778719
3,6700000000000004;;6,313147618505944;4,938307181031119
3,6799999999999997;;6,347172651751977;4,961828079272085
3,6900000000000004;;6,3813454769628315;4,985440811941541
3,6999999999999997;;6,4156662389101085;5,009145516255553
3,71;;6,4501350751765925;5,032942327181218
3,7199999999999998;;6,484752116063316;5,056831377411501
3,73;;6,51951748449674;5,080812797340152
3,74;;6,554431295935954;5,104886715036615
3,75;7,906;6,5894936582800065;5,1290532562209865
3,7600000000000002;;6,624704671775338;5,153312544238996
3,7699999999999996;;6,660064428923372;5,177664700037029
3,7800000000000002;;6,695573014388296;5,202109842137205
3,7900000000000005;;6,73123050490502;5,226648086612473
3,8;;6,7670369691873935;5,2512795470617775
3,81;;6,8029924678366935;5,276004334585295
3,82;;6,839097053250375;5,300822557759687
3,83;;6,875350769531172;5,325734322613449
3,84;;6,911753652396539;5,350739732602313
3,85;;6,948305729088477;5,375838888584723
3,8600000000000003;;6,985007018283786;5,401031888797384
3,8699999999999997;;7,02185753000474;5,42631882883089
3,88;;7,058857265530276;5,45169980160544
3,8899999999999997;;7,096006217307635;5,477174897346617
3,9;;7,133304368864624;5,502744203561302
3,91;;7,170751694722369;5,528407805013629
3,92;;7,208348160308743;5,554165783701082
3,93;;7,246093721872397;5,5800182188306735
3,94;;7,283988326397474;5,605965186795227
3,95;;7,322031911519039;5,632006761149783
3,9600000000000004;;7,360224405439243;5,658143012588108
3,9699999999999998;;7,398565726844251;5,684374008919317
3,9800000000000004;;7,437055784822035;5,710699815044651
3,9899999999999998;;7,475694478780916;5,737120492934314
4,0;;7,5144816983691065;5,763636101604522
4,01;;7,553417323395046;5,79024669709461
4,02;;7,592501223748798;5,816952332444334
4,03;;7,631733259324348;5,84375305767127
4,04;;7,671113279942971;5,870648919748379
4,05;;7,710641125277646;5,897639962581726
4,06;;7,750316624778552;5,924726226988332
4,07;;7,790139597599719;5,951907750674194
4,08;;7,830109852526795;5,979184568212456
4,09;;7,870227187906075;6,00655671102175
4,1000000000000005;;7,91049139157472;6,0340242073446975
4,109999999999999;;7,950902240792256;6,06158708222657
4,12;;7,991459502173418;6,089245357494161
4,130000000000001;;8,032162931622265;6,11699905173477
4,14;;8,07301227426774;6,1448481802754165
4,15;;8,114007264400634;6,17279275516224
4,16;;8,155147625411942;6,200832785140025
4,17;;8,19643306973279;6,228968275631992
4,18;;8,237863298775808;6,257199228719724
4,19;;8,279438002878122;6,285525643123322
4,2;;8,321156861245854;6,313947514181722
4,21;;8,363019541900337;6,342464833833259
4,22;;8,405025701625918;6,371077590596394
4,2299999999999995;;8,447174985919487;6,399785769550673
4,24;;8,489467028941718;6,428589352317883
4,25;13,0;8,531901453470056;6,457488317043417
4,26;;8,57447787085353;6,48648263837787
4,2700000000000005;;8,617195880969366;6,515572287458846
4,279999999999999;;8,660055072181411;6,5447572318929526
4,29;;8,703055021300557;6,574037435738097
4,3;;8,746195293546943;6,603412859485907
4,31;;8,78947544251421;6,632883460044462
4,32;;8,832895010135688;6,662449190721216
4,33;;8,87645352665257;6,692110001206144
4,34;;8,920150510584175;6,721865837555158
4,35;;8,963985468700225;6,751716642173727
4,36;;9,007957895995249;6,781662353800758
4,37;;9,052067275665049;6,811702907492697
4,38;;9,096313079085386;6,841838234607898
4,390000000000001;;9,140694765792771;6,872068262791218
4,3999999999999995;;9,18521178346747;6,90239291595886
4,41;;9,229863567918756;6,932812114283497
4,42;;9,274649543072327;6,963325774179585
4,43;;9,319569120960077;6,9939338082889915
4,44;;9,364621701712096;7,024636125466856
4,45;;9,409806673550957;7,0554326307676725
4,46;;9,455123412788412;7,086323225431705
4,47;;9,500571283824332;7,117307806871587
4,4799999999999995;;9,54614963914808;7,1483862686592365
4,49;;9,591857819342236;7,179558500513003
4,5;;9,637695153088703;7,210824388285087
4,51;;9,683660957177262;7,242183813949243
4,52;;9,729754536516534;7,273636655588726
4,53;;9,775975184147361;7,305182787384523
4,54;;9,822322181258656;7,33682207960384
4,55;;9,868794797205735;7,368554398588885
4,5600000000000005;;9,915392289531088;7,400379606745905
4,569999999999999;;9,962113903987632;7,432297562534495
4,58;;10,00895887456451;7,464308120457215
4,590000000000001;;10,055926423515285;7,496411131049433
4,6;;10,10301576138874;7,5286064408694875
4,61;;10,150226087062148;7,560893892489134
4,62;;10,197556587777004;7,593273324484223
4,63;;10,245006439177363;7,625744571425716
4,64;;10,292574805350618;7,658307463870954
4,65;;10,340260838870853;7,690961828355229
4,66;;10,388063680844644;7,723707487383612
4,67;;10,435982460959455;7,756544259423102
4,68;;10,484016297534476;7,789471958895046
4,6899999999999995;;10,532164297574024;7,822490396167846
4,7;;10,580425556823386;7,855599377549963
4,71;;10,628799159827214;7,888798705283199
4,72;;10,677284179990382;7,922088177536301
4,73;;10,72587967964133;7,955467588398828
4,74;;10,77458471009785;7,98893672787531
4,75;7,688;10,823398311735394;8,022495381879747
4,760000000000001;;10,87231951405776;8,056143332230347
4,77;;10,921347335770244;8,08988035664459
4,78;;10,97048078485524;8,123706228734617
4,79;;11,019718858650165;8,157620718002844
4,8;;11,069060543927861;8,191623589837965
4,81;;11,118504816979303;8,225714605511188
4,82;;11,16805064369871;8,259893522172822
4,83;;11,217696979670917;8,294160092849129
4,84;;11,26744277026114;8,32851406643951
4,8500000000000005;;11,31728695070697;8,362955187713988
4,859999999999999;;11,367228446212653;8,39748319731098
4,87;;11,41726617204565;8,43209783173543
4,88;;11,467399033635317;8,466798823357175
4,89;;11,517625926673885;8,501585900409692
4,9;;11,56794573721955;8,536458786989124
4,91;;11,618357341801687;8,571417203053606
4,92;;11,668859607528226;8,606460864422948
4,93;;11,71945139219505;8,641589482778587
4,9399999999999995;;11,770131544397486;8,676802765663899
4,95;;11,820898903643782;8,712100416484791
4,96;;11,871752300470577;8,74748213451063
4,97;;11,922690556560344;8,782947614875503
4,9799999999999995;;11,973712484860739;8,818496548579784
4,99;;12,024816889705805;8,854128622492023
5,0;;12,076002566939072;8,889843519351166
5,01;;12,127268304038449;8,925640917769103
5,0200000000000005;;12,178612880242893;8,96152049223355
5,029999999999999;;12,230035066680792;8,997481913111221
5,04;;12,281533626500135;9,033524846651403
5,050000000000001;;12,333107315000216;9,069648954989782
5,06;;12,38475487976506;9,105853896152642
5,07;;12,43647506079844;9,142139324061432
5,08;;12,48826659066033;9,178504888537587
5,09;;12,540128194604998;9,214950235307759
5,1;;12,59205859072046;9,251475006009352
5,11;;12,644056490069426;9,288078838196412
5,12;;12,696120596831546;9,324761365345838
5,13;;12,748249608447091;9,36152221686396
5,140000000000001;;12,800442215761844;9,398361018093459
5,1499999999999995;;12,852697103173284;9,43527739032061
5,16;;12,905012948777989;9,472270950782924
5,17;;12,957388424520142;9,509341312677048
5,18;;13,009822196341247;9,546488085167127
5,19;;13,062312924330856;9,583710873393443
5,2;;13,11485926287835;9,621009278481429
5,21;;13,167459860825717;9,658382897551046
5,220000000000001;;13,220113361621271;9,695831323726507
5,2299999999999995;;13,272818403474249;9,733354146146358
5,24;;13,325573619510326;9,770950949973951
5,25;4,375;13,378377637927844;9,808621316408205
5,26;;13,431229082154914;9,84636482269482
5,27;;13,484126571007168;9,884181042137795
5,28;;13,537068718846221;9,92206954411133
5,29;;13,590054135738757;9,9600298940721
5,3;;13,643081427616215;9,998061653571884
5,3100000000000005;;13,696149196435007;10,036164380270588
5,319999999999999;;13,749256040337249;10,074337627949602
5,33;;13,80240055381197;10,112580946525595
5,34;;13,855581327856662;10,150893882064583
5,35;;13,908796950139312;10,189275976796479
5,36;;13,962046005160675;10,227726769129951
5,37;;14,015327074416867;10,26624579366769
5,38;;14,068638736562205;10,304832581222032
5,390000000000001;;14,121979567572238;10,343486658830988
5,4;;14,175348140906934;10,382207549774638
5,41;;14,228743027674005;10,420994773591904
5,42;;14,282162796792285;10,459847846097723
5,43;;14,335606015155161;10,49876627940059
5,4399999999999995;;14,389071247793977;10,537749581920487
5,45;;14,442557058041457;10,576797258407227
5,46;;14,496062007694917;10,615908809959109
5,47;;14,549584657179505;10,655083734042057
5,48;;14,603123565711172;10,694321524509085
5,489999999999999;;14,65667729145948;10,733621671620162
5,5;;14,710244391710194;10,772983662062494
5,510000000000001;;14,763823423027521;10,812406978971127
5,52;;14,81741294141614;10,851891101950036
5,53;;14,87101150248281;10,891435507093528
5,54;;14,924617661597617;10,931039667008061
5,55;;14,978229974054802;10,970703050834473
5,56;;15,031846995233133;11,010425124270565
5,57;;15,085467280755783;11,050205349594105
5,58;;15,139089386649694;11,09004318568621
5,59;;15,192711869504377;11,129938088055116
5,6000000000000005;;15,246333286630131;11,169889508860354
5,609999999999999;;15,299952196215626;11,20989689693729
5,62;;15,353567157484873;11,249959697822105
5,63;;15,407176730853436;11,290077353777074
5,64;;15,46077947808402;11,330249303816341
5,65;;15,514373962441255;11,370474983732013
5,66;;15,567958748845722;11,410753826120652
5,67;;15,621532404027189;11,451085260410178
5,680000000000001;;15,675093496676997;11,491468712887123
5,6899999999999995;;15,728640597599604;11,531903606724297
5,7;;15,78217227986326;11,572389362008849
5,71;;15,835687118949707;11,612925395770635
5,72;;15,889183692903025;11,653511122011077
5,7299999999999995;;15,942660582477457;11,694145951732315
5,74;;15,996116371284298;11,734829292966795
5,75;3,234;16,04954964593768;11,775560550807159
5,76;;16,102958996199444;11,816339127436601
5,7700000000000005;;16,156343015122857;11,857164422159538
5,779999999999999;;16,209700299195294;11,898035831432658
5,79;;16,26302944847982;11,938952748896366
5,800000000000001;;16,3163290667556;11,979914565406537
5,81;;16,36959776165721;12,020920669066689
5,82;;16,422834144812803;12,061970445260535
5,83;;16,476036831981;12,103063276684805
5,84;;16,52920444318665;12,144198543382512
5,8500000000000005;;16,582335602855355;12,185375622776524
5,86;;16,635428939946724;12,226593889703521
5,87;;16,688483088086386;12,26785271644827
5,88;;16,74149668569672;12,309151472778261
5,89;;16,794468376126293;12,350489525978691
5,8999999999999995;;16,847396807777965;12,391866240887767
5,91;;16,900280634235713;12,433280979932384
5,92;;16,953118514390038;12,47473310316407
5,93;;17,005909112562076;12,516221968295334
5,94;;17,058651098626324;12,557746930736297
5,949999999999999;;17,111343148131933;12,599307343631642
5,96;;17,163983942422686;12,64090255789793
5,970000000000001;;17,216572168755427;12,682531922261132
5,9799999999999995;;17,269106520417218;12,724194783294593
5,99;;17,32158569684095;12,76589048545723
6,0;;17,374008403719507;12,807618371132012
6,01;;17,42637335311854;12,84937778066481
6,02;;17,478679263587658;12,891168052403481
6,03;;17,530924860270233;12,932988522737274
6,04;;17,58310887501164;12,974838526136491
6,05;;17,63523004646602;13,016717395192456
6,0600000000000005;;17,687287120201525;13,05862446065775
6,069999999999999;;17,739278848804016;13,1005590514867
6,08;;17,791203991979284;13,142520494876175
6,09;;17,84306131665363;13,184508116306567
6,1;;17,89484959707299;13,22652123958312
6,11;;17,946567614900466;13,268559186877441
6,12;;17,998214159312262;13,310621278769284
6,13;;18,049788027092088;13,352706834288567
6,140000000000001;;18,10128802272397;13,394815170957619
6,15;;18,152712958483463;13,436945604833669
6,16;;18,204061654527283;13,479097450551548
6,17;;18,25533293898135;13,521270021366602
6,18;;18,306525648027208;13,563462629197838
6,1899999999999995;;18,357638625986837;13,60567458467125
6,2;;18,408670725405916;13,647905197163382
6,21;;18,459620807135327;13,690153774845017
6,22;;18,510487740411207;13,732419624725146
6,23;;18,561270402933264;13,774702052695057
6,239999999999999;;18,611967680941493;13,817000363572598
6,25;2,438;18,662578469291304;13,859313861146672
