0,0;1,5;1,5;1,5
0,01;;1,506673821670638;1,507469897913726
0,02;;1,5133818308224596;1,5149517318073717
0,03;;1,5201241445538005;1,5224458694623477
0,04;;1,5269008811383105;1,5299526675139745
0,05;;1,5337121600105834;1,5374724719850466
0,06;;1,5405581017522885;1,545005618787834
0,06999999999999999;;1,5474388280787776;1,5525524341967307
0,08;;1,5543544618261547;1,560113235293576
0,09;;1,5613051269387854;1,567688330387519
0,1;;1,5682909484572316;1,5752780194111449
0,11;;1,575312052506593;1,5828825942944458
0,12;;1,5823685662852391;1,590502339318106
0,13;;1,5894606180539192;1,5981375314474466
0,13999999999999999;;1,5965883371252316;1,6057884406482856
0,15;;1,6037518538534428;1,6134553301858636
0,16;;1,6109512996246351;1,621138456907913
0,16999999999999998;;1,618186806847182;1,6288380715128585
0,18;;1,6254585089425253;1,6365544188040733
0,19;;1,6327665403362523;1,6442877379310439
0,2;;1,6401110364494564;1,6520382626182395
0,21;;1,647492133690371;1,6598062213824252
0,22;;1,6549099694462674;1,6675918377391052
0,22999999999999998;;1,6623646820756053;1,6753953303987377
0,24;;1,6698564109004246;1,6832169134533175
0,25;2,15;1,6773852961989741;1,6910567965538819
0,26;;1,6849514791985616;1,6989151850794633
0,27;;1,692555102068621;1,7067922802979678
0,27999999999999997;;1,700196307913987;1,714688279519437
0,29;;1,7078752407683684;1,722603376242115
0,3;;1,7155920455880127;1,7305377602917187
0,31;;1,723346868245555;1,7384916179542818
0,32;;1,7311398555240431;1,746465132102918
0,33;;1,7389711551111318;1,7544584823188356
0,33999999999999997;;1,7468409155934406;1,7624718450069017
0,35000000000000003;;1,7547492864510672;1,7705053935060495
0,36;;1,7626964180522513;1,7785592981947944
0,37;;1,7706824616481813;1,7866337265921128
0,38;;1,7787075693679393;1,7947288434539237
0,38999999999999996;;1,7867718942135786;1,8028448108653943
0,4;;1,7948755900553284;1,810981788329282
0,41000000000000003;;1,8030188116269175;1,8191399328505107
0,42;;1,811201714521017;1,8273193990171683
0,43;;1,8194244551847927;1,8355203390781025
0,44;;1,8276871909155634;1,8437429030172798
0,44999999999999996;;1,8359900798565618;1,851987238625064
0,45999999999999996;;1,8443332809927935;1,8602534915665658
0,47000000000000003;;1,8527169541469841;1,868541805447198
0,48;;1,8611412599756212;1,8768523218755726
0,49;;1,8696063599650754;1,8851851805238626
0,5;;1,878112416427804;1,8935405191857466
0,51;;1,8866595924986307;1,9019184738320485
0,52;;1,8952480521310968;1,9103191786641787
0,53;;1,9038779600938824;1,9187427661654743
0,54;;1,912549481967292;1,927189367150536
0,5499999999999999;;1,9212627841398018;1,9356591108126493
0,5599999999999999;;1,930018033804666;1,9441521247693774
0,5700000000000001;;1,9388153989565773;1,952668535106405
0,58;;1,9476550483883777;1,9612084664197091
0,59;;1,9565371516878227;1,9697720418561333
0,6;;1,9654618792343843;1,9783593831524278
0,61;;1,9744294021961017;1,986970610672829
0,62;;1,9834398925264696;1,9956058434452368
0,63;;1,992493522961362;2,004265199196045
0,64;;2,0015904670159927;2,0129487943836915
0,65;;2,010730898981904;2,02165674423097
0,66;;2,019914993923986;2,0303891627561654
0,67;;2,0291429276775204;2,0391461628030534
0,6799999999999999;;2,038414876845249;2,0479278560698133
0,69;;2,04773101879446;2,0567343531369007
0,7000000000000001;;2,057091531654098;2,065565763493917
0,7100000000000001;;2,0664965943118836;2,0744221955655218
0,72;;2,075946386411452;2,0833037567364197
0,73;;2,0854410883494983;2,092210553375465
0,74;;2,0949808812729356;2,101142690858913
0,75;2,578;2,104565947076057;2,110100273592855
0,76;;2,114196468397705;2,1190834050348686
0,77;;2,1238726286184377;2,128092187714909
0,7799999999999999;;2,1335946118577036;2,137126723255478
0,79;;2,1433626029710093;2,1461871123910927
0,8;;2,153176787547081;2,155273454987078
0,8099999999999999;;2,163037351905025;2,1643858500577187
0,8200000000000001;;2,1729444830914804;2,1735243957837853
0,83;;2,182898368877756;2,182689189529457
0,84;;2,1928991977569634;2,1918803278586734
0,8500000000000001;;2,2029471589411287;2,2010979065509257
0,86;;2,213042442358295;2,210342020616513
0,8699999999999999;;2,2231852386496027;2,2196127643112815
0,88;;2,2333757391663527;2,228910231150867
0,89;;2,243614135967049;2,2382345139244553
0,8999999999999999;;2,253900621814417;2,247585704708084
0,91;;2,2642353901723964;2,256963894877492
0,9199999999999999;;2,274618635203108;2,2663691751205444
0,9299999999999999;;2,285050551763798;2,275801635449235
0,9400000000000001;;2,295531335403738;2,285261365211297
0,95;;2,3060611823611112;2,294748453101416
0,96;;2,316640289559851;2,3042629871720792
0,97;;2,327268854606451;2,3138050548440554
0,98;;2,3379470757867393;2,3233747429165343
0,9900000000000001;;2,3486751520626092;2,3329721375769243
1,0;;2,359453283068711;2,3425973244103235
1,01;;2,3702816691091093;2,352250388408684
1,02;;2,3811605111538863;2,3619314139796654
1,03;;2,392090010835707;2,371640484955196
1,04;;2,4030703704463354;2,3813776845997547
1,05;;2,4141017929331032;2,391143095618373
1,06;;2,4251844818953274;2,4009368001643745
1,0699999999999998;;2,436318641580679;2,4107588798468593
1,08;;2,447504476881494;2,4206094157379363
1,09;;2,458742193331038;2,430488488379718
1,0999999999999999;;2,4700319970997047;2,440396177791083
1,11;;2,4813740949911636;2,4503325634742112
1,1199999999999999;;2,4927686944384466;2,4602977244209057
1,13;;2,5042160034999745;2,4702917391187
1,1400000000000001;;2,515716230855517;2,480314685556763
1,15;;2,527269585802095;2,490366641231605
1,16;;2,538876278249815;2,500447683152596
1,17;;2,550536518717632;2,510557887847295
1,18;;2,562250518329053;2,520697331366603
1,1900000000000002;;2,574018488807761;2,5308660892897366
1,2;;2,5858406424731752;2,541064236729043
1,21;;2,597717192235933;2,551291848334642
1,22;;2,6096483515932976;2,561548998298916
1,23;;2,621634334624494;2,5718357603608446
1,24;;2,6336753559859636;2,5821522078101906
1,25;3,172;2,645771630906537;2,5924984134915428
1,26;;2,657923375182534;2,6028744498082195
1,27;;2,6701308051727737;2,613280388726037
1,28;;2,682394137793504;2,6237163017769456
1,29;;2,6947135905132478;2,6341822600625395
1,3;;2,7070893813475587;2,644678334257443
1,31;;2,71952172885369;2,655204594612578
1,32;;2,732010852125175;2,665761110958316
1,3299999999999998;;2,744556970786314;2,6763479527075145
1,34;;2,7571603049865723;2,68696518885845
1,35;;2,7698210753948747;2,6976128879976375
1,3599999999999999;;2,7825395031938167;2,7082911183025566
1,37;;2,7953158100737716;2,7189999475442708
1,38;;2,808150218226895;2,729739443089952
1,39;;2,8210429503410372;2,7405096719053166
1,4000000000000001;;2,8339942295935483;2,7513107005569615
1,41;;2,847004279644981;2,76214259521462
1,4200000000000002;;2,8600733246326895;2,7730054216533286
1,43;;2,8732015891643203;2,78389924525551
1,44;;2,8863892983111965;2,7948241310129807
1,4500000000000002;;2,899636677601593;2,8057801435288736
1,46;;2,9129439530138965;2,816767347019488
1,47;;2,9263113509696606;2,8277858053160707
1,48;;2,939739098326539;2,838835581866517
1,49;;2,953227422371109;2,8499167397370098
1,5;;2,966776550811575;2,8610293416135875
1,51;;2,980386711770354;2,8721734498036486
1,52;;2,9940581337765413;2,8833491262373925
1,53;;3,007791045758254;2,8945564324692015
1,54;;3,021585677034853;2,905795429678958
1,55;;3,035442257309039;2,91706617867331
1,5599999999999998;;3,049361016658821;2,9283687398868774
1,5699999999999998;;3,0633421855293625;2,9397031733834047
1,58;;3,0773859947246924;2,9510695388568604
1,59;;3,0914926753992877;2,9624678956324875
1,6;;3,105662459049526;2,9738983026678043
1,6099999999999999;;3,1198955775050012;2,9853608185535534
1,6199999999999999;;3,134192262919708;2,996855501514612
1,63;;3,1485527477630844;3,0083824094108476
1,6400000000000001;;3,1629772648109205;3,019941599737937
1,6500000000000001;;3,177466047136127;3,0315331296281425
1,66;;3,1920193280993616;3,0431570558510437
1,67;;3,2066373413395133;3,0548134348142324
1,68;;3,2213203207640424;3,0665023225639674
1,69;;3,2360685005391767;3,078223774785794
1,7000000000000002;;3,2508821150799583;3,0899778468051253
1,71;;3,2657613990401417;3,101764593587791
1,72;;3,2807065873019488;3,1135840697405497
1,73;;3,2957179149656612;3,1254363295115697
1,7399999999999998;;3,31079561733907;3,13732142679088
1,75;3,828;;
1,7500000000000002;;3,3259399299267676;3,1492394151107885
1,76;;3,34115108841928;3,161190347646267
1,77;;3,3564293286820517;3,173174277215318
1,78;;3,371774886744262;3,1851912562793037
1,79;;3,3871879987874873;3,197241336943252
1,7999999999999998;;3,402668901134203;3,2093245709561367
1,81;;3,418217830236119;3,221441009711135
1,82;;3,433835022662351;3,233590704245854
1,83;;3,449520715087434;3,2457737052425433
1,8399999999999999;;3,46527514427916;3,257990063028276
1,8499999999999999;;3,4810985470862543;3,2702398275751148
1,8599999999999999;;3,496991160425878;3,282523048500255
1,87;;3,512953221270963;3,2948397750661433
1,8800000000000001;;3,5289849666373727;3,307190056180585
1,8900000000000001;;3,545086633570894;3,319573940396826
1,9;;3,56125845913405;3,3319914759136204
1,91;;3,5775006803927387;3,344442710575279
1,92;;3,5938135344026976;3,3569276918717015
1,9300000000000002;;3,6101972581957855;3,3694464669383914
1,94;;3,626652088766088;3,38199908255646
1,95;;3,643178263055843;3,3945855851526097
1,96;;3,6597760179411845;3,407206020799107
1,97;;3,6764455902176993;3,419860435213741
1,9800000000000002;;3,693187216585809;3,4325488737597682
1,9900000000000002;;3,7100011336359553;3,445271381445844
2,0;;3,7268875778336117;3,458028002925946
2,01;;3,743846785504099;3,4708187824992813
2,02;;3,7608789928172177;3,4836437641101874
2,03;;3,7779844357716845;3,4965029913480143
2,04;;3,795163350179394;3,50939650744701
2,0500000000000003;;3,8124159716494677;3,5223243552861825
2,06;;3,82974253557213;3,535286577389162
2,07;;3,8471432771023855;3,5482832159240534
2,08;;3,8646184311434966;3,5613143127032765
2,09;;3,882168232330273;3,5743799091833997
2,1;;3,8997929150121666;3,5874800464649717
2,11;;3,917492713236166;3,6006147652923364
2,12;;3,935267860729499;3,6137841060534535
2,13;;3,953118590882131;3,6269881087796985
2,1399999999999997;;3,9710451367290758;3,640226813145673
2,15;;3,989047730932495;3,653500258468995
2,16;;4,0071266057636095;3,666808483710091
2,17;;4,025281993084401;3,6801515274719865
2,18;;4,043514124329126;3,693529428000083
2,19;;4,061823230485611;3,7069422231819393
2,1999999999999997;;4,080209542076366;3,720389950547043
2,21;;4,098673289139481;3,7338726472665833
2,22;;4,117214701209328;3,747390350153216
2,23;;4,135834007297057;3,7609430956608274
2,2399999999999998;;4,154531435870897;3,7745309198842976
2,25;7,453;4,173307214836244;3,7881538585592582
2,26;;4,192161571515547;3,8018119470618457
2,27;;4,211094732628001;3,815505220408462
2,2800000000000002;;4,230106924269027;3,8292337132555208
2,29;;4,249198371889551;3,8429974598992
2,3;;4,268369300275083;3,856796494275196
2,31;;4,287619933524588;3,870630849958467
2,32;;4,306950495029158;3,884500560162979
2,33;;4,32636120745048;3,898405657741459
2,34;;4,345852292699098;3,912346175185133
2,35;;4,365423971912479;3,9263221446234784
2,36;;4,385076465432874;3,9403335978239626
2,37;;4,404809992784977;3,9543805661917943
2,3800000000000003;;4,42462477265338;3,968463080769663
2,39;;4,444521022859835;3,9825811722374858
2,4;;4,464498960340314;3,9967348709121557
2,41;;4,484558801121862;4,010924206747283
2,42;;4,504700760299263;4,025149209332942
2,4299999999999997;;4,524925052011498;4,03940990789542
2,44;;4,545231889418018;4,053706331296965
2,45;;4,565621484674803;4,068038508035529
2,46;;4,586094048910249;4,082406466244522
2,4699999999999998;;4,606649792200845;4,096810233692562
2,48;;4,627288923546664;4,111249837783221
2,4899999999999998;;4,6480116508466525;4,125725305554783
2,5;;4,668818180873748;4,140236663679996
2,5100000000000002;;4,689708719249794;4,1547839384658225
2,52;;4,71068347042027;4,1693671558532
2,53;;4,73174263762884;4,183986341416794
2,54;;4,752886422891715;4,198641520364764
2,55;;4,774115026971822;4,21333271753851
2,56;;4,79542864935282;4,228059957412448
2,5700000000000003;;4,816827488212901;4,242823264093761
2,58;;4,838311740398446;4,257622661322168
2,59;;4,859881601397485;4,272458172469692
2,6;;4,881537265312997;4,28732982054042
2,6100000000000003;;4,903278924836028;4,302237628170276
2,62;;4,92510677121865;4,317181617626786
2,63;;4,947020994246754;4,332161810808853
2,64;;4,969021782212665;4,347178229246526
2,65;;4,99110932188762;4,362230894100773
2,6599999999999997;;5,013283798494062;4,377319826163258
2,67;;5,035545395677806;4,392445045856115
2,68;;5,057894295480012;4,407606573231721
2,69;;5,080330678309057;4,422804427972481
2,7;;5,102854722912221;4,4380386293906
2,71;;5,12546660634725;4,453309196427868
2,7199999999999998;;5,148166503953763;4,4686161476554345
2,73;;5,170954589324541;4,483959501273598
2,74;;5,193831034276657;4,499339275111577
2,75;7,375;5,2167960088225005;4,514755486627301
2,76;;5,239849681140654;4,530208152907193
2,77;;5,262992217546657;4,545697290665947
2,78;;5,286223782463653;4,561222916246318
2,79;;5,309544538392905;4,5767850456189025
2,8000000000000003;;5,332954645884218;4,592383694381923
2,81;;5,356454263506238;4,608018877761013
2,82;;5,380043547816657;4,623690610608997
2,83;;5,403722653332312;4,639398907405679
2,8400000000000003;;5,427491732499193;4,655143782257624
2,85;;5,451350935662357;4,6709252488979365
2,86;;5,475300411035758;4,686743320686045
2,87;;5,499340304671991;4,702598010607483
2,88;;5,523470760431965;4,71848933127367
2,8899999999999997;;5,547691919954496;4,734417294921684
2,9000000000000004;;5,572003922625845;4,750381913414049
2,91;;5,596406905549167;4,766383198238496
2,92;;5,620901003513948;4,782421160507751
2,93;;5,645486348965339;4,798495810959301
2,94;;5,67016307197348;4,81460715995516
2,9499999999999997;;5,694931300202762;4,830755217481644
2,96;;5,719791158881072;4,846939993149136
2,97;;5,744742770768978;4,86316149619184
2,98;;5,769786256128924;4,87941973546755
2,9899999999999998;;5,79492173269438;4,895714719457405
3,0;;5,820149315639;4,91204645626564
3,01;;5,845469117545739;4,928414953619337
3,02;;5,870881248376012;4,944820218868177
3,0300000000000002;;5,896385815438829;4,961262258984175
3,04;;5,9219829233599475;4,977741080561426
3,05;;5,947672674051046;4,994256689815835
3,06;;5,973455166678917;5,01080909258485
3,0700000000000003;;5,9993304976346975;5,027398294327186
3,08;;6,025298760503123;5,0440243001225475
3,09;;6,051360046031842;5,060687114671342
3,1;;6,0775144421007665;5,0773867422943955
3,11;;6,103762033691484;5,094123186932648
3,1199999999999997;;6,130102902856734;5,110896452146859
3,1300000000000003;;6,1565371286899655;5,127706541117305
3,1399999999999997;;6,183064787294938;5,144553456643449
3,15;;6,2096859517554535;5,161437201143648
3,16;;6,2364006921051445;5,178357776654793
3,17;;6,26320907529738;5,195315184832005
3,18;;6,290111165175264;5,212309426948277
3,19;;6,317107022441764;5,229340503894132
3,2;;6,344196704629941;5,246408416177266
3,2099999999999995;;6,371380266073324;5,263513163922179
3,2199999999999998;;6,398657757876413;5,280654746869812
3,2300000000000004;;6,426029227885326;5,297833164377162
3,2399999999999998;;6,453494720658584;5,315048415416884
3,25;8,938;6,481054277438094;5,332300498576911
3,26;;6,5087079361202385;5,349589412060029
3,27;;6,536455731227194;5,366915153683466
3,2800000000000002;;6,564297693878395;5,384277720878467
3,29;;6,592233851762202;5,401677110689858
3,3000000000000003;;6,620264229107767;5,419113319775591
3,3099999999999996;;6,64838884665709;5,436586344406295
3,32;;6,676607721637311;5,454096180464806
3,3300000000000005;;6,704920867733193;5,471642823445681
3,34;;6,733328295059851;5,489226268454712
3,35;;6,7618300101357285;5,506846510208431
3,36;;6,7904260158557825;5,524503543033583
3,37;;6,819116311464952;5,542197360866604
3,38;;6,847900892531865;5,559927957253089
3,39;;6,876779750922829;5,5776953253472366
3,4000000000000004;;6,9057528747760815;5,595499457911284
3,4099999999999997;;6,934820248476324;5,61334034731493
3,42;;6,963981852629575;5,631217985534756
3,4299999999999997;;6,993237664038261;5,649132364153603
3,44;;7,022587655676686;5,667083474359976
3,45;;7,0520317966667445;5,685071306947395
3,46;;7,0815700522540155;5,703095852313764
3,47;;7,111202383784144;5,721157100460701
3,4799999999999995;;7,140928748679575;5,739255040992868
3,49;;7,170749100416638;5,757389663117288
3,5000000000000004;;7,200663388502959;5,775560955642627
3,51;;7,230671558455249;5,793768906978481
3,52;;7,260773551777476;5,8120135051346535
3,53;;7,290969305939356;5,83029473772038
3,54;;7,321258754355283;5,84861259194358
3,55;;7,351641826363613;5,866967054610066
3,56;;7,382118447206348;5,885358112122746
3,5700000000000003;;7,412688538009226;5,9037857504808064
3,58;;7,443352015762221;5,922249955278879
3,5900000000000003;;7,47410879330045;5,940750711706191
3,5999999999999996;;7,504958779285508;5,959288004545699
3,61;;7,5359018781872384;5,977861818173203
3,62;;7,5669379902659095;5,996472136556441
3,63;;7,598067011554876;6,015118943254176
3,64;;7,629288833843649;6,033802221415254
3,65;;7,660603344661446;6,052521953777644
3,66;;7,692010427261183;6,071278122667472
3,6700000000000004;;7,723509960603943;6,090070709998023
3,6799999999999997;;7,755101819343905;6,108899697268726
3,6900000000000004;;7,786785873813784;6,12776506556414
3,6999999999999997;;7,818561990010679;6,146666795552874
3,71;;7,850430029582513;6,16560486748656
3,7199999999999998;;7,882389849814861;6,184579261198729
3,73;;7,914441303618364;6,20358995610373
3,74;;7,9465842395165796;6,222636931195587
3,75;11,375;7,978818501634384;6,241720165046863
3,7600000000000002;;8,011143929686867;6,260839635807496
3,7699999999999996;;8,043560358968742;6,279995321203608
3,7800000000000002;;8,0760676203443;6,299187198536308
3,7900000000000005;;8,10866554023785;6,318415244680462
3,8;;8,141353940624718;6,337679436083447
3,81;;8,174132639022789;6,356979748763901
3,82;;8,207001448484544;6,376316158310421
3,83;;8,239960177589674;6,395688639880269
3,84;;8,27300863043822;6,415097168198043
3,85;;8,306146606644267;6,434541717554339
3,8600000000000003;;8,339373901330188;6,454022261804376
3,8699999999999997;;8,372690305121418;6,473538774366615
3,88;;8,406095604141832;6,493091228221363
3,8899999999999997;;8,439589580009606;6,512679595909326
3,9;;8,473172009833721;6,532303849530186
3,91;;8,506842666210954;6,551963960741117
3,92;;8,540601317223475;6,571659900755304
3,93;;8,574447726436993;6,591391640340442
3,94;;8,608381652899476;6,611159149817199
3,95;;8,64240285114042;6,630962399057675
3,9600000000000004;;8,676511071170701;6,650801357483832
3,9699999999999998;;8,710706058482982;6,670675994065901
3,9800000000000004;;8,744987554052726;6,690586277320793
3,9899999999999998;;8,779355294339695;6,710532175310438
4,0;;8,813809011290127;6,730513655640177
4,01;;8,848348432339382;6,750530685457062
4,02;;8,882973280415225;6,770583231448189
4,03;;8,91768327394165;6,790671259838984
4,04;;8,952478126843252;6,810794736391471
4,05;;8,987357548550216;6,8309536264025414
4,06;;9,022321244003825;6,851147894702177
4,07;;9,057368913662556;6,871377505651678
4,08;;9,092500253508724;6,891642423141844
4,09;;9,127714955055708;6,911942610591173
4,1000000000000005;;9,163012705355715;6,93227803094401
4,109999999999999;;9,198393187008099;6,952648646668686
4,12;;9,233856078168282;6,973054419755661
4,130000000000001;;9,269401052557146;6,9934953117156065
4,14;;9,305027779471041;7,01397128357751
4,15;;9,340735923792346;7,0344822958867494
4,16;;9,376525146000489;7,055028308703129
4,17;;9,412395102183616;7,075609281598935
4,18;;9,448345444050732;7,096225173656948
4,19;;9,4843758189444;7,116875943468451
4,2;;9,520485869853943;7,13756154913121
4,21;;9,556675235429223;7,158281948247457
4,22;;9,592943549994903;7,179037097921839
4,2299999999999995;;9,629290443565239;7,199826954759363
4,24;;9,665715541859388;7,220651474863327
4,25;14,688;9,702218466317229;7,241510613833216
4,26;;9,738798834115686;7,26240432676262
4,2700000000000005;;9,775456258185566;7,283332568237112
4,279999999999999;;9,81219034722885;7,3042952923321005
4,29;;9,849000705736556;7,325292452610723
4,3;;9,885886934006997;7,346324002121657
4,31;;9,92284862816459;7,367389893396967
4,32;;9,959885380179111;7,388490078449929
4,33;;9,996996777885412;7,409624508772827
4,34;;10,034182405003637;7,430793135334762
4,35;;10,071441841159864;7,451995908579428
4,36;;10,108774661907237;7,473232778422906
4,37;;10,14618043874749;7,494503694251407
4,38;;10,183658739152978;7,515808604919052
4,390000000000001;;10,22120912658911;7,537147458745604
4,3999999999999995;;10,258831160537207;7,558520203514217
4,41;;10,296524396517826;7,579926786469169
4,42;;10,334288386114427;7,6013671543135795
4,43;;10,372122676997536;7,622841253207129
4,44;;10,410026812949274;7,644349028763785
4,45;;10,448000333888263;7,665890426049473
4,46;;10,486042775894987;7,687465389579817
4,47;;10,52415367123747;7,709073863317806
4,4799999999999995;;10,562332548397407;7,730715790671499
4,49;;10,600578932096598;7,752391114491706
4,5;;10,638892343323795;7,774099777069667
4,51;;10,677272299361912;7,795841720134741
4,52;;10,715718313815568;7,817616884852089
4,53;;10,75422989663899;7,839425211820337
4,54;;10,792806554164244;7,8612666410692595
4,55;;10,831447789129838;7,88314111205746
4,5600000000000005;;10,870153100709615;7,905048563670044
4,569999999999999;;10,908921984541976;7,926988934216286
4,58;;10,947753932759454;7,948962161427334
4,590000000000001;;10,986648434018537;7,970968182453859
4,6;;11,025604973529845;7,993006933863756
4,61;;11,064623033088603;8,015078351639838
4,62;;11,103702091105346;8,037182371177508
4,63;;11,142841622636984;8,059318927282467
4,64;;11,182041099418106;8,081487954168411
4,65;;11,221299989892557;8,103689385454738
4,66;;11,260617759245273;8,125923154164264
4,67;;11,299993869434406;8,14818919272094
4,68;;11,33942777922367;8,170487432947583
4,6899999999999995;;11,37891894421496;8,19281780606362
4,7;;11,418466816881178;8,21518024268281
4,71;;11,458070846599334;8,237574672811038
4,72;;11,497730479683852;8,260001025844048
4,73;;11,537445159420116;8,282459230565252
4,74;;11,577214326098188;8,304949215143484
4,75;7,188;11,617037417046832;8,327470907130845
4,760000000000001;;11,656913866667642;8,350024233460495
4,77;;11,69684310646942;8,372609120444475
4,78;;11,736824565102781;8,39522549377159
4,79;;11,776857668394866;8,417873278505235
4,8;;11,816941839384329;8,440552399081286
4,81;;11,85707649835644;8,463262779305994
4,82;;11,897261062878401;8,486004342353912
4,83;;11,937494947834809;8,508777010765794
4,84;;11,977777565463297;8,531580706446578
4,8500000000000005;;12,018108325390338;8,554415350663337
4,859999999999999;;12,058486634667181;8,57728086404327
4,87;;12,098911897806;8,600177166571738
4,88;;12,139383516816082;8,623104177590259
4,89;;12,179900891240274;8,646061815794589
4,9;;12,220463418191512;8,669049999232806
4,91;;12,261070492389445;8,6920686453034
4,92;;12,30172150619728;8,715117670753411
4,93;;12,342415849658677;8,738196991676581
4,9399999999999995;;12,3831529105348;8,76130652351153
4,95;;12,423932074341485;8,784446181039982
4,96;;12,46475272438649;8,807615878384974
4,97;;12,505614241806907;8,830815529009138
4,9799999999999995;;12,546516005606643;8,854045045712997
4,99;;12,58745739269401;8,877304340633275
5,0;;12,628437777919418;8,900593325241253
5,01;;12,66945653411317;8,923911910341163
5,0200000000000005;;12,710513032123353;8,947260006068603
5,029999999999999;;12,751606640853769;8,97063752188897
5,04;;12,79273672730206;8,994044366595963
5,050000000000001;;12,83390265659779;9,017480448310087
5,06;;12,875103792040678;9,0409456744772
5,07;;12,916339495138939;9,064439951867124
5,08;;12,957609125647597;9,08796318657223
5,09;;12,998912041606967;9,111515284006126
5,1;;13,040247599381159;9,135096148902333
5,11;;13,081615153696669;9,158705685313041
5,12;;13,123014057680992;9,182343796607851
5,13;;13,16444366290136;9,206010385472613
5,140000000000001;;13,205903319403491;9,229705353908264
5,1499999999999995;;13,247392375750398;9,253428603229715
5,16;;13,288910179061297;9,277180034064802
5,17;;13,330456075050476;9,300959546353232
5,18;;13,372029408066316;9,324767039345621
5,19;;13,413629521130293;9,348602411602549
5,2;;13,45525575597604;9,372465560993653
5,21;;13,496907453088454;9,39635638469678
5,220000000000001;;13,538583951742849;9,420274779197173
5,2299999999999995;;13,58028459004413;9,444220640286709
5,24;;13,622008704966033;9,46819386306319
5,25;10,063;13,663755632390346;9,492194341929642
5,26;;13,705524707146227;9,516221970593717
5,27;;13,747315263049503;9,540276642067102
5,28;;13,789126632942017;9,564358248664988
5,29;;13,830958148730994;9,588466682005585
5,3;;13,872809141428439;9,612601833009691
5,3100000000000005;;13,914678941190541;9,636763591900309
5,319999999999999;;13,95656687735711;9,660951848202295
5,33;;13,998472278491043;9,685166490742104
5,34;;14,040394472417757;9,70940740764751
5,35;;14,0823327862647;9,733674486347459
5,36;;14,124286546500825;9,757967613571926
5,37;;14,166255078976098;9,782286675351825
5,38;;14,208237708961006;9,80663155701899
5,390000000000001;;14,250233761186065;9,831002143206192
5,4;;14,292242559881347;9,855398317847214
5,41;;14,334263428815987;9,87981996417699
5,42;;14,376295691337713;9,904266964731782
5,43;;14,418338670412355;9,92873920134942
5,4399999999999995;;14,460391688663348;9,953236555169585
5,45;;14,502454068411266;9,977758906634188
5,46;;14,544525131713264;10,002306135487718
5,47;;14,58660420040261;10,026878120777745
5,48;;14,628690596128127;10,051474740855415
5,489999999999999;;14,670783640393653;10,076095873376017
5,5;;14,712882654597497;10,100741395299625
5,510000000000001;;14,7549869600718;10,12541118289175
5,52;;14,797095878121985;10,1501051117241
5,53;;14,839208730066089;10,174823056675374
5,54;;14,881324837274116;10,199564891932104
5,55;;14,923443521207341;10,224330490989573
5,56;;14,965564103457586;10,24911972665278
5,57;;15,007685905786461;10,273932471037458
5,58;;15,049808250164572;10,29876859557117
5,59;;15,091930458810676;10,323627970994433
5,6000000000000005;;15,134051854230806;10,348510467361933
5,609999999999999;;15,176171759257342;10,373415954043766
5,62;;15,218289497088055;10,398344299726778
5,63;;15,260404391325038;10,423295372415899
5,64;;15,30251576601367;10,448269039435612
5,65;;15,34462294568146;10,47326516743143
5,66;;15,386725255376849;10,498283622371448
5,67;;15,42882202070796;10,523324269547944
5,680000000000001;;15,470912567881262;10,548386973579055
5,6899999999999995;;15,512996223740178;10,5734715984105
5,7;;15,555072315803638;10,59857800731737
5,71;;15,597140172304494;10,623706062905958
5,72;;15,639199122227941;10,648855627115678
5,7299999999999995;;15,681248495349799;10,674026561221012
5,74;;15,723287622274738;10,69921872583355
5,75;7,063;15,765315834474373;10,72443198090404
5,76;;15,807332464325338;10,749666185724552
5,7700000000000005;;15,849336845147198;10,77492119893066
5,779999999999999;;15,891328311240297;10,8001968785037
5,79;;15,933306197923523;10,82549308177309
5,800000000000001;;15,975269841571889;10,850809665418689
5,81;;16,01721857965409;10,876146485473221
5,82;;16,059151750769946;10,901503397324795
5,83;;16,10106869468764;10,926880255719412
5,84;;16,14296875238095;10,952276914763592
5,8500000000000005;;16,184851266066257;10,977693227927023
5,86;;16,226715579239517;11,003129048045285
5,87;;16,268561036713034;11,02858422732262
5,88;;16,310386984652133;11,05405861733477
5,89;;16,352192770611687;11,079552069031859
5,8999999999999995;;16,393977743572492;11,105064432741342
5,91;;16,435741253977532;11,130595558171013
5,92;;16,47748265376804;11,156145294412042
5,93;;16,519201296419453;11,181713489942108
5,94;;16,560896536977197;11,207299992628567
5,949999999999999;;16,602567732092282;11,232904649731656
5,96;;16,64421424005682;11,258527307907807
5,970000000000001;;16,685835420839215;11,284167813212933
5,9799999999999995;;16,72743063611936;11,309826011105859
5,99;;16,768999249323578;11,33550174645175
6,0;;16,810540625659304;11,361194863525585
6,01;;16,852054132149743;11,386905206015738
6,02;;16,893539137668224;11,412632617027565
6,03;;16,934995012972397;11,438376939087052
6,04;;16,97642113073824;11,46413801414453
6,05;;17,01781686559386;11,489915683578431
6,0600000000000005;;17,05918159415309;11,5157097881991
6,069999999999999;;17,10051469504888;11,541520168252648
6,08;;17,14181554896649;11,56734666342488
6,09;;17,18308353867644;11,593189112845232
6,1;;17,22431804906726;11,619047355090807
6,11;;17,26551846717804;11,644921228190416
6,12;;17,306684182230693;11,670810569628706
6,13;;17,347814585662046;11,696715216350306
6,140000000000001;;17,388909071155677;11,722635004764035
6,15;;17,429967034673506;11,748569770747162
6,16;;17,470987874487157;11,774519349649701
6,17;;17,51197099120907;11,800483576298763
6,18;;17,552915787823363;11,826462285002947
6,1899999999999995;;17,593821669716448;11,852455309556778
6,2;;17,6346880447074;11,878462483245212
6,21;;17,675514323078016;11,904483638848127
6,22;;17,71629991760269;11,930518608644936
6,23;;17,757044243577973;11,956567224419182
6,239999999999999;;17,79774671885186;11,982629317463202
6,25;6,938;17,838406763852845;12,00870471858285
