;x D4;x CLV D4 NGD;x CLV D4 AGD;y D4;y CLV D4 NGD;y CLV D4 AGD
0,0;1,5;1,5;1,5;5,0;5,0;5,0
0,01;;1,5062859834825293;1,5140055463266124;;4,958870827406601;4,985284489835343
0,02;;1,5126005553577293;1,5281023571555739;;4,918563048851171;4,970516493766128
0,03;;1,5189437725678678;1,542290419438845;;4,87905004134529;4,9556961197243075
0,04;;1,5253156938108448;1,5565697095875213;;4,840306291250854;4,940823483974493
0,05;;1,5317163794773;1,5709401933640252;;4,8023073370101494;4,9258987111888155
0,06;;1,5381458915910189;1,585401825776128;;4,765029715392406;4,910921934520218
0,06999999999999999;;1,544604293752427;1,5999545509728743;;4,728450911007294;4,895893295674142
0,08;;1,5510916510849864;1,6145983021424855;;4,692549308855947;4,880812944978545
0,09;;1,557608030184314;1,62933300141231;;4,657304149708264;4,865681041452181
0,1;;1,5641534990698558;1,6441585597508999;;4,622695488111945;4,850497752871113
0,11;;1,570728127138965;1,659074876872283;;4,588704152853812;4,835263255833375
0,12;;1,5773319851232417;1,6740818411425067;;4,555311709707886;4,819977735821744
0,13;;1,5839651450469987;1,6891793294885264;;4,522500426317297;4,804641387264553
0,13999999999999999;;1,5906276801877304;1,7043672073095137;;4,490253239068721;4,789254413594509
0,15;;1,5973196650384676;1,7196453283906528;;4,458553721828615;4,7738170273054354
0,16;;1,6040411752719126;1,7350135348195053;;4,427386056420251;4,758329450006893
0,16999999999999998;;1,610792287706249;1,7504716569050116;;4,396735004729457;4,74279191247664
0,18;;1,6175730802725374;1,7660195130992011;;4,3665858823351495;4,727204654710843
0,19;;1,6243836319835998;1,7816569099216881;;4,336924533568249;4,711567925972022
0,2;;1,6312240229043207;1,79738364188702;;4,307737307909492;4,695881984834638
0,21;;1,6380943341232777;1,8131994914349518;;4,279011037642996;4,680147099228301
0,22;;1,6449946477256334;1,8291042288637174;;4,250733016688288;4,664363546478524
0,22999999999999998;;1,6519250467672206;1,8450976122663656;;4,222890980538899;4,6485316133449786
0,24;;1,6588856152497538;1,8611793874702358;;4,195473087240602;4,632651596057205
0,25;2,15;1,6658764380971092;1,8773492879796332;4,166666667;4,168467899346957;4,6167238003477085
0,26;;1,672897601132617;1,8936070349217802;;4,1418643667940644;4,600748541482415
0,27;;1,6799491910573108;1,9099523369961047;;4,115651810640345;4,584726144288411
0,27999999999999997;;1,6870312954290847;1,9263848904269338;;4,089819907620786;4,568656943178942
0,29;;1,6941440026427126;1,942904378919659;;4,064358675468441;4,552541282175599
0,3;;1,7012874019106832;1,9595104736204314;;4,039258458959079;4,536379514927667
0,31;;1,7084615832448113;1,976202833079457;;4,014509916637756;4,520172004728573
0,32;;1,7156666374385836;1,9929811032179483;;3,9901040081887382;4,5039191245293955
0,33;;1,7229026560502028;2,009844917298793;;3,9660319824126873;4,487621256949393
0,33999999999999997;;1,730169731386296;2,0267938959010015;;3,942285365777319;4,471278794283499
0,35000000000000003;;1,7374679564862556;2,043827646897984;;3,9188559515098698;4,454892138506756
0,36;;1,7447974251071736;2,060945765439723;;3,895735789201695;4,438461701275633
0,37;;1,7521582317093523;2,0781478339388855;;3,872917174897165;4,4219879039261984
0,38;;1,7595504714423529;2,095433422060935;;3,8503926416407452;4,405471177469106
0,38999999999999996;;1,766974240131561;2,1128020867182875;;3,8281549504577392;4,388911962581357
0,4;;1,7744296342652421;2,130253372068571;;3,8061970817456627;4,372310709594802
0,41000000000000003;;1,7819167509820657;2,1477868095170183;;3,7845122270546114;4,355667878481352
0,42;;1,7894356880590712;2,165401917723063;;3,763093781236274;4,338983938834867
0,43;;1,7969865439000596;2,1830982026111583;;3,7419353349424482;4,322259369849686
0,44;;1,804569417524388;2,200875157385875;;3,721030667455052;4,305494660295774
0,44999999999999996;;1,8121844085561474;2,2187322625513146;;3,70037373983067;4,288690308490466
0,45999999999999996;;1,8198316172137077;2,236668985934872;;3,679958688343661;4,271846822266761
0,47000000000000003;;1,8275111442996121;2,2546847827153877;;3,65977981821278;4,254964718938169
0,48;;1,8352230911908034;2,2727790954557157;;3,639831597597116;4,238044525260066
0,49;;1,8429675598291675;2,2909513541397457;;3,6201086518479646;4,221086777387556
0,5;;1,8507446527123803;2,309200976213904;;3,600605758004013;4,204092020829807
0,51;;1,8585544728850432;2,327527366633156;;3,5813178395179053;4,187060810400855
0,52;;1,866397123930093;2,345929917911538;;3,5622399612029345;4,1699937101668505
0,53;;1,8742727099604752;2,3644080101772387;;3,543367324389229;4,152891293389756
0,54;;1,882181335611069;2,3829610112322466;;3,524695262279374;4,13575414246746
0,5499999999999999;;1,890123106030849;2,4015882766165815;;3,506219235493969;4,118582848870314
0,5599999999999999;;1,898098126875277;2,420289149677119;;3,4879348277981292;4,101378013074083
0,5700000000000001;;1,9061065042989118;2,4390629616410258;;3,4698377420004225;4,08414024448931
0,58;;1,914148344948226;2,4579090316938013;;3,4519237960161937;4,066870161387086
0,59;;1,9222237559546227;2,476826667061949;;3,4341889190876422;4,049568390821225
0,6;;1,9303328449276391;2,495815163100255;;3,416629148153446;4,032235568546863
0,61;;1,9384757199483345;2,5148738033836966;;3,3992406243610622;4,014872338935462
0,62;;1,9466524895628476;2,5340018598039635;;3,382019589715241;3,9974793548862526
0,63;;1,9548632627761218;2,553198592670587;;3,36496238385658;3,980057277734095
0,64;;1,9631081490457842;2,5724632508166705;;3,348065440964288;3,962606777153804
0,65;;1,9713872582761787;2,5917950717092078;;3,3313252867776177;3,945128531060926
0,66;;1,9797007008125393;2,611193281563972;;3,31473853573071;3,9276232255089947
0,67;;1,9880485874353018;2,6306570954649584;;3,2983018881958515;3,910091554583291
0,6799999999999999;;1,9964310293545442;2,6501857174883594;;3,282012127830398;3,8925342202911155
0,69;;2,0048481382045553;2,669778340831048;;3,2658661190228657;3,874951932448606
0,7000000000000001;;2,0133000260385163;2,689434147943535;;3,249860804433895;3,8573454085641314
0,7100000000000001;;2,021786805323301;2,709152310667387;;3,2339932026280134;3,8397153737182728
0,72;;2,030308588934382;2,728931990377047;;3,218260405792324;3,822062560440445
0,73;;2,0388654901508385;2,748772338126044;;3,202659577538431;3,804387708582175
0,74;;2,0474576226504624;2,768672494797536;;3,1871879507840872;3,7866915651870827
0,75;2,578;2,0560851005049603;2,7886315912591524;2,666666667;3,17184282571123;3,768974884357599
0,76;;2,0647480381752414;2,8086487485220837;;3,1566215677972127;3,751238427118462
0,77;;2,073446550506792;2,828723077904378;;3,141521605916209;3,7334829612770335
0,7799999999999999;;2,082180752725129;2,8488536811983827;;3,1265404305078963;3,7157092612804865
0,79;;2,090950760431331;2,869039650842283;;3,111675591810659;3,6979181080699015
0,8;;2,0997566895976423;2,88928007009568;;3,0969246981567045;3,6801102889313335
0,8099999999999999;;2,1085986565631454;2,909574013219142;;3,0822854143265586;3,6622865973438925
0,8200000000000001;;2,117476778029498;2,9299205456576694;;3,067755459960578;3,6444478328248944
0,83;;2,1263911710567363;2,9503187242280107;;3,0533326080251904;3,626594800772148
0,84;;2,135341953059131;2,9707675973097487;;3,0390146833316747;3,6087283123034197
0,8500000000000001;;2,1443292418011057;2,991266205040098;;3,0247995611054233;3,590849184093153
0,86;;2,153353155393202;3,0118135795123258;;3,0106851656036913;3,5729582382065006
0,8699999999999999;;2,162413812288101;3,032408744977734;;2,996669468779931;3,5550563019307284
0,88;;2,171511331276687;3,053050718051106;;2,9827504889929184;3,537144207604072
0,89;;2,180645831484156;3,0737385079195443;;2,9689262897589193;3,5192227924421045
0,8999999999999999;;2,1898174323661683;3,0944711165546144;;2,9551949785452587;3,501292898361687
0,91;;2,19902625370504;3,115247538927703;;2,9415547056036933;3,483355371802585
0,9199999999999999;;2,208272415605969;3,1360667632284946;;2,9280036628420913;3,4654110635468163
0,9299999999999999;;2,2175560384933006;3,1569277710864942;;2,9145400827329517;3,4474608285358097
0,9400000000000001;;2,2268772431068173;3,177829537795472;;2,901162237257395;3,4295055256854576
0,95;;2,236236150498068;3,198771032540756;;2,887868436883283;3,4115460176991372
0,96;;2,2456328820267193;3,219751218629261;;2,8746570295762086;3,3935831708787876
0,97;;2,255067559356934;3,2407690537221545;;2,8615263998421328;3,3756178549341245
0,98;;2,264540304453774;3,261823490070059;;2,848474967800503;3,3576509427900763
0,9900000000000001;;2,274051239579627;3,2829134747506785;;2,8355011882867407;3,33968331039253
1,0;;2,283600487290649;3,3040379499087447;;2,822603549983025;3,3217158365124795
1,01;;2,2931881704332313;3,3251958529981773;;2,809780574576344;3,3037494025486556
1,02;;2,302814412140479;3,3463861170263383;;2,7970308159428328;3,28578489232874
1,03;;2,3124793358287086;3,3676076708002736;;2,7843528593574587;3,2678231919092466
1,04;;2,3221830651939537;3,3888594391748263;;2,771745320728141;3,2498651893741712
1,05;;2,331925724208491;3,4101403433025057;;2,7592068458534427;3,231911774632494
1,06;;2,341707437117368;3,4314493008849887;;2,746736109702997;3,2139638392146392
1,0699999999999998;;2,351528328434946;3,4527852264261467;;2,7343318157198766;3,196022276067987
1,08;;2,3613885229414464;3,474147031486469;;2,7219926951441256;3,1780879793515266
1,09;;2,371288145679505;3,495533624938758;;2,7097175063567307;3,1601618442297603
1,0999999999999999;;2,3812273219507323;3,516943913224992;;2,6975050342433113;3,1422447666659443
1,11;;2,391206177312272;3,538376800614212;;2,685354089576858;3,1243376432147763
1,1199999999999999;;2,401224837573369;3,5598311894613137;;2,6732635084188616;3,1064413708146286
1,13;;2,411283428791935;3,5813059804666447;;2,6612321515381976;3,08855684657941
1,1400000000000001;;2,421382077271107;3,602800072936232;;2,649258903847178;3,0706849675901844
1,15;;2,4315209095558186;3,624312365042569;;2,6373426738541843;3,052826630686625
1,16;;2,441700052429357;3,6458417540857986;;2,6254823931323026;3,0349827322584093
1,17;;2,4519196329099175;3,6673871367551785;;2,613677015803461;3,0171541680366674
1,18;;2,46217977824716;3,6889474093907104;;2,601925518037522;2,999341832885567
1,1900000000000002;;2,4724806159187533;3,71052146824479;;2,59022689756585;2,9815466205941483
1,2;;2,482822273626911;3,7321082097437612;;2,578580173208868;2,963769423668511
1,21;;2,4932048792949293;3,753706530749257;;2,5669843844171374;2,9460111331244345
1,22;;2,503628561063704;3,7753153288191794;;2,555438590825541;2,92827263828056
1,23;;2,5140934472882446;3,79693350246821;;2,543941871820109;2,9105548265522136
1,24;;2,5245996665341752;3,81855995142772;;2,5324933261171054;2,8928585832459754
1,25;3,172;2,535147347574226;3,840193576904959;1,833333333;2,521092071353963;2,8751847913550965
1,26;;2,5457366193847086;3,8618332818413887;;2,5097372436916894;2,857534331355856
1,27;;2,55636761114198;3,88347797117005;;2,498427997428377;2,839908081004961
1,28;;2,5670404522188925;3,9051265520718332;;2,4871635046234633;2,822306915138084
1,29;;2,577755272181227;3,926777934230537;;2,4759429547323952;2,804731705469632
1,3;;2,588512200784112;3,9484310300865832;;2,464765554251376;2,7871833203938405
1,31;;2,5993113679684248;3,970084755089286;;2,4536305263718665;2,769662624787296
1,32;;2,610152903857173;3,99173802794754;;2,4425371106445444;2,752170479812965
1,3299999999999998;;2,621036938751863;4,013389770878822;;2,4314845626524177;2,7347077427258317
1,34;;2,631963603128844;4,035038909856391;;2,420472153692813;2,717275266680228
1,35;;2,642933027635636;4,056684374854556;;2,40949917046796;2,699873900538954
1,3599999999999999;;2,653945343087234;4,078325100091932;;2,398564914783907;2,6825044886842613
1,37;;2,6650006804623945;4,099960024272541;;2,3876687032575084;2,665167870830799
1,38;;2,676099170899895;4,121588090824664;;2,3768098670312456;2,6478648818406034
1,39;;2,6872409456947786;4,143208248137343;;2,365987751495628;2,6305963515402055
1,4000000000000001;;2,698426136294567;4,164819449794411;;2,3552017160189536;2,61336310453995
1,41;;2,709654874295455;4,1864206548059695;;2,3444511336842035;2,5961659600555986
1,4200000000000002;;2,7209272914384792;4,208010827837189;;2,3337353910328513;2,579005731732294
1,43;;2,7322435196056594;4,229588939434352;;2,3230538878153815;2,5618832274709646
1,44;;2,7436036908161174;4,251153966248037;;2,3124060367483152;2,5447992492572444
1,4500000000000002;;2,755007937222168;4,2727048912533405;;2,301791263277549;2,527754592992971
1,46;;2,766456391105381;4,294240703967059;;2,2912090053478154;2,51075004833035
1,47;;2,7779491848726208;4,315760400661738;;2,280658713178083;2,493786398508826
1,48;;2,789486451052051;4,337262984576489;;2,2701398490427285;2,4768644201947603
1,49;;2,801068322289116;4,358747466124509;;2,259651887058294;2,459984883323951
1,5;;2,812694931342491;4,380212863097207;;2,249194312975679;2,44314855094707
1,51;;2,824366411080002;4,401658200864866;;2,238766623977602;2,426356179078078
1,52;;2,836082894474515;4,423082512573759;;2,2283683284811753;2,409608516545664
1,53;;2,8478445145997973;4,44448483933965;;2,2179989459454434;2,3929063048477794
1,54;;2,8596514046263426;4,465864230437604;;2,2076580066837472;2,3762502780093064
1,55;;2,871503697817169;4,487219743488045;;2,1973450516807613;2,3596411624429194
1,5599999999999998;;2,8834015275235814;4,5085504446389875;;2,187059632414079;2,3430796768131836
1,5699999999999998;;2,895345027180903;4,5298554087443925;;2,1768013106802075;2,326566531903936
1,58;;2,907334330304172;4,55113371953857;;2,1665696584248533;2,3101024304889983
1,59;;2,9193695704838034;4,572384469806588;;2,1563642575773563;2,2936880672062543
1,6;;2,9314508813812203;4,593606761550627;;2,146184699889176;2,277324128435135
1,6099999999999999;;2,943578396724447;4,614799706152238;;2,1360305867762968;2,2610112921775505
1,6199999999999999;;2,95575225030367;4,6359624245304305;;2,1259015291654455;2,244750227942292
1,63;;2,967972575966757;4,657094047295592;;2,1157971473440114;2,2285415966329514
1,6400000000000001;;2,980239507614748;4,678193714899138;;2,1057170708135637;2,212386050439373
1,6500000000000001;;2,992553179197306;4,699260577778916;;2,0956609381468594;2,1962842327326677
1,66;;3,0049137247081275;4,720293796500276;;2,0856283968482465;2,180236777963818
1,67;;3,0173212781803214;4,741292541892811;;2,0756191032173628;2,1642443115658927
1,68;;3,0297759736817476;4,762255995182712;;2,0656327222160393;2,1483074498598893
1,69;;3,0422779453103153;4,78318334812073;;2,055668927338311;2,1324267999642217
1,7000000000000002;;3,0548273271892477;4,804073803105716;;2,0457274004834503;2,116602959707867
1,71;;3,0674242534623;4,824926573303705;;2,0358078318319426;2,1008365175471884
1,72;;3,0800688582889486;4,845740882762554;;2,0259099197243025;2,0851280524864313
1,73;;3,0927612758395298;4,866515966522086;;2,0160333705426723;2,069478134001915
1,7399999999999998;;3,105501640290344;4,887251070719756;;2,006177898595108;2,053887321969917
1,75;3,828;;;1,333333333;;
1,7500000000000002;;3,1182900858187224;4,907945452691824;;1,9963432260024778;2,0383561665982457
1,76;;3,1311267465980404;4,92859838107;;1,9865290825879045;2,022885208361523
1,77;;3,144011756792709;4,949209135873615;;1,9767352057686745;2,0074749779401446
1,78;;3,1569452505531057;4,969777008597263;;1,9669613404505437;1,9921259961629423
1,79;;3,169927362010475;4,990301302293942;;1,9572072389243726;1,976838773953524
1,7999999999999998;;3,1829582252717827;5,0107813316537015;;1,9474726607650208;1,961613812280289
1,81;;3,196037974414529;5,031216423077795;;1,9377573727324393;1,9464516021101055
1,82;;3,2091667434815165;5,051605914748343;;1,9280611486748982;1,9313526243656431
1,83;;3,222344666475576;5,071949156693548;;1,91838376943428;1,9163173498863344
1,8399999999999999;;3,2355718773542512;5,092245510848436;;1,9087250227533905;1,901346239392959
1,8499999999999999;;3,248848510024436;5,112494351111179;;1,8990847031852176;1,886439743455824
1,8599999999999999;;3,262174698336969;5,132695063394998;;1,88946261200409;1,8715983024665261
1,87;;3,2755505760811836;5,152847045675675;;1,879858557118674;1,8568223466132645
1,8800000000000001;;3,288976276979412;5,17294970803471;;1,8702723529867575;1,842112295859687
1,8900000000000001;;3,3024519346814496;5,19300247269813;;1,8607038205317672;1,8274685599272353
1,9;;3,315977682758964;5,213004774071003;;1,851152787060969;1,8128915382809694
1,91;;3,329553654699869;5,232956058767668;;1,8416190861852995;1,7983816201188332
1,92;;3,3431799839026466;5,252855785637738;;1,8321025577407823;1,7839391843643337
1,9300000000000002;;3,3568568036706234;5,272703425787894;;1,8226030477114783;1,7695645996625984
1,94;;3,370584247206202;5,292498462599515;;1,8131204081539267;1,755258224379775
1,95;;3,3843624476050467;5,312240391742195;;1,803654497123029;1,7410204066057398
1,96;;3,3981915378502188;5,331928721183168;;1,7942051785993332;1,726851484160072
1,97;;3,412071650806269;5,351562971192709;;1,7847723224176728;1,7127517846012574
1,9800000000000002;;3,4260029192132797;5,371142674345541;;1,7753558041971216;1,6987216252390787
1,9900000000000002;;3,4399854756808605;5,390667375518307;;1,7659555052722213;1,6847613131501524
2,0;;3,454019452682094;5,410136631883142;;1,7565713126254396;1,6708711451965617
2,01;;3,468104982547441;5,429550012897425;;1,7472031188208246;1,6570514080475511
2,02;;3,4822421974585867;5,448907100289725;;1,7378508219388096;1,6433023782042249
2,03;;3,496431229442245;5,468207488042026;;1,7285143255121422;1,629624322027215
2,04;;3,5106722103639174;5,487450782368283;;1,719193538462884;1,6160174957672513
2,0500000000000003;;3,524965271921593;5,506636601689345;;1,709888375040465;1,6024821455986082
2,06;;3,539310545639409;5,525764576604333;;1,7005987547607397;1,5890185076553567
2,07;;3,5537081628612603;5,544834349858516;;1,691324602346021;1,5756268080703801
2,08;;3,5681582547443553;5,563845576307746;;1,6820658476660557;1,5623072630171018
2,09;;3,5826609522527244;5,582797922879511;;1,6728224256799094;1,549060078753871
2,1;;3,5972163861506856;5,60169106853069;;1,663594276378723;1,5358854516709453
2,11;;3,6118246869962474;5,620524704202052;;1,6543813447293216;1,522783568340029
2,12;;3,626485985134476;5,639298532769566;;1,645183580618628;1,5097546055662991
2,13;;3,6412004106908005;5,658012268992602;;1,636000938798868;1,4967987304428754
2,1399999999999997;;3,655968093564278;5,676665639459075;;1,6268333788335243;1,4839161004076618
2,15;;3,670789163420801;5,695258382527607;;1,6176808650440164;1,4711068633025233
2,16;;3,6856637496862565;5,7137902482667755;;1,6085433664570812;1,458371157434723
2,17;;3,70059198153964;5,732260998391512;;1,5994208567528148;1,445709111640569
2,18;;3,7155739879061116;5,75067040619672;;1,5903133142133616;1,4331208453512152
2,19;;3,7306098974500066;5,769018256488189;;1,5812207216722165;1,4206064686605533
2,1999999999999997;;3,745699838567792;5,787304345510869;;1,5721430664641143;1,4081660823951405
2,21;;3,7608439393809783;5,80552848087457;;1,5630803403754816;1,3957997781861002
2,22;;3,776042327728971;5,823690481477177;;1,5540325395954306;1,383507638542945
2,23;;3,7912951311618803;5,8417901774254215;;1,5449996646672597;1,3712897369292512
2,2399999999999998;;3,806602476933279;5,859827409953307;;1,535981720440444;1,359146137840134
2,25;7,453;3,8219644919929037;5,877802031338254;0,583333333;1,5269787160230937;1,3470768968814633
2,26;;3,837381302979309;5,895713904815014;;1,5179906647348527;1,3350820608507614
2,27;;3,8528530362124753;5,913562904487458;;1,5090175840602114;1,3231616678197158
2,2800000000000002;;3,868379817686356;5,931348915238285;;1,5000594956022222;1,3113157472182606
2,29;;3,8839617730613827;5,949071832636731;;1,4911164250365845;1,2995443199201602
2,3;;3,8995990276569175;5,966731562844347;;1,4821884020660816;1,287847398330032
2,31;;3,915291706443651;5,984328022518928;;1,4732754603753508;1,276224986471764
2,32;;3,931039934035952;6,00186113871663;;1,4643776375859667;1,2646770800782576
2,33;;3,94684383468417;6,019330848792398;;1,455494975211805;1,2532036666824373
2,34;;3,9627035322668807;6,036737100298724;;1,4466275186146864;1,2418047257094793
2,35;;3,978619150283088;6,054079850882833;;1,4377753169602625;1,23048022857019
2,36;;3,9945908118443674;6,071359068182365;;1,4289384231741387;1,2192301387554902
2,37;;4,010618639666969;6,088574729719603;;1,4201168938982023;1,2080544119319345
2,3800000000000003;;4,026702756063861;6,105726822794337;;1,411310789447151;1,1969529960382264
2,39;;4,042843282936727;6,122815344375423;;1,4025201737651904;1,1859258313826568
2,4;;4,05904034176792;6,1398403009910965;;1,393745114382889;1,174972850741423
2,41;;4,075294053612355;6,156801708618118;;1,3849856823741757;1,1640939794577712
2,42;;4,091604539089355;6,173699592569816;;1,3762419523134568;1,1532891355419053
2,4299999999999997;;4,107971918374456;6,190533987383084;;1,3675140022328387;1,142558229771613
2,44;;4,1243963111911555;6,207304936704396;;1,3588019135794371;1,1319011657935525
2,45;;4,140877836802607;6,224012493174922;;1,350105771172763;1,1213178402251553
2,46;;4,157416614003281;6,240656718314784;;1,3414256631621593;1,110808142757083
2,4699999999999998;;4,174012761110559;6,257237682406525;;1,332761680984281;1,1003719562561978
2,48;;4,190666395956295;6,273755464377854;;1,3241139193206004;1,0900091568689896
2,4899999999999998;;4,207377635878318;6,290210151683724;;1,3154824760549222;1,0797196141254193
2,5;;4,224146597711892;6,306601840187809;;1,306867452230891;1,069503191043115
2,5100000000000002;;4,240973397781126;6,322930634043416;;1,2982689520094857;1,0593597442318943
2,52;;4,257858151890333;6,339196645573936;;1,2896870826264748;1,0492891239985447
2,53;;4,274800975315356;6,355399995152836;;1,281121954349827;1,0392911744518307
2,54;;4,291801982794832;6,371540811083292;;1,2725736804370604;1,0293657336076774
2,55;;4,308861288521406;6,387619229477486;;1,2640423770925213;1,0195126334944862
2,56;;4,325979006132925;6,403635394135657;;1,255528163424568;1,0097317002585369
2,5700000000000003;;4,3431552487035505;6,419589456424911;;1,2470311614026657;1,0000227542694402
2,58;;4,360390128734857;6,435481575157899;;1,2385514958143602;0,9903856102255901
2,59;;4,377683758146866;6,451311916471359;;1,2300892942221333;0,980820077259582
2,6;;4,395036248269041;6,467080653704609;;1,2216446869201203;0,9713259590435526
2,6100000000000003;;4,4124477098312385;6,4827879672780355;;1,213217806890681;0,9619030538944041
2,62;;4,429918252954615;6,498434044571606;;1,2048087897608122;0,9525511548788731
2,63;;4,447447987142492;6,514019079803471;;1,1964177737583914;0,9432700499184073
2,64;;4,465037021271171;6,529543273908699;;1,1880448996682405;0,9340595218938139
2,65;;4,482685463580717;6,545006834418185;;1,1796903107879988;0,9249193487496418
2,6599999999999997;;4,500393421665688;6,560409975337775;;1,171354152883798;0,9158493035982659
2,67;;4,518161002465834;6,575752917027658;;1,163036574145725;0,9068491548236349
2,68;;4,535988312256742;6,591035886082053;;1,1547377251430693;0,8979186661846584
2,69;;4,553875456640454;6,606259115209254;;1,1464577587793379;0,8890575969181868
2,7;;4,571822540536035;6,621422843112048;;1,138196830247038;0,8802657018415668
2,71;;4,589829668170102;6,636527314368557;;1,129955096982211;0,871542731454735
2,7199999999999998;;4,607896943067325;6,651572779313547;;1,1217327186187163;0,8628884320418204
2,73;;4,626024468040872;6,666559493920229;;1,1135298569422494;0,8543025457722262
2,74;;4,644212345182827;6,68148771968259;;1,1053466758441;0,8457848108011718
2,75;7,375;4,662460675854571;6,6963577234983;1,333333333;1,0971833412746241;0,8373349613696519
2,76;;4,680769560677122;6,711169777552209;;1,0890400211964406;0,8289527279038025
2,77;;4,699139099521443;6,725924159200484;;1,080916885537337;0,8206378371136395
2,78;;4,717569391498709;6,740621150855403;;1,07281410614288;0,8123900120911492
2,79;;4,736060534950543;6,75526103987085;;1,0647318567287245;0,804208972407706
2,8000000000000003;;4,754612627439219;6,769844118428529;;1,056670312832617;0,7960944342107936
2,81;;4,77322576573783;6,78437068342493;;1,0486296517660867;0,788046110320012
2,82;;4,791900045820421;6,798841036359076;;1,0406100525658213;0,7800637103223441
2,83;;4,810635562852095;6,81325548322107;;1,03261169594472;0,7721469406666658
2,8400000000000003;;4,8294324111790825;6,827614334381478;;1,0246347642426232;0,7642955047574784
2,85;;4,848290684318784;6,84191790448156;;1,0166794413767124;0,7565091030478457
2,86;;4,867210474949783;6,856166512324387;;1,0087459127915785;0,7487874331315172
2,87;;4,886191874901826;6,8703604807668475;;1,0008343654089542;0,7411301898342214
2,88;;4,90523497514578;6,884500136612582;;0,992944987577109;0,7335370653041133
2,8899999999999997;;4,924339865783559;6,898585810505859;;0,9850779690199042;0,7260077491013597
2,9000000000000004;;4,94350663603803;6,912617836826414;;0,9772335007855025;0,7185419282868454
2,91;;4,9627353742428735;6,926596553585252;;0,9694117751947436;0,7111392875099999
2,92;;4,982026167832454;6,940522302321477;;0,9616129857891585;0,7037995090957034
2,93;;5,001379103331634;6,954395428000107;;0,9538373272786546;0,696522273130295
2,94;;5,0207942663455825;6,968216278910937;;0,9460849954888445;0,6893072575466426
2,9499999999999997;;5,040271741549555;6,981985206568437;;0,9383561873080328;0,6821541382082793
2,96;;5,0598116126786605;6,995702565612719;;0,9306511006338536;0,6750625889925891
2,97;;5,079413962517593;7,009368713711564;;0,9229699343195696;0,6680322818730386
2,98;;5,099078872890362;7,022984011463549;;0,9153128881200189;0,6610628870004371
2,9899999999999998;;5,118806424649991;7,036548822302259;;0,9076801626372261;0,6541540727832252
3,0;;5,138596697668209;7,050063512401616;;0,9000719592656682;0,6473055059667776
3,01;;5,158449770825114;7,063528450582316;;0,8924884801372098;0,640516851711722
3,02;;5,178365721998835;7,076944008219406;;0,8849299280656939;0,6337877736712546
3,0300000000000002;;5,198344628055173;7,0903105591509865;;0,8773965064912077;0,6271179340674594
3,04;;5,218386564837224;7,103628479588068;;0,869888419424018;0,6205069937666187
3,05;;5,2384916071550025;7,116898148025572;;0,8624058713881825;0,6139546123535118
3,06;;5,258659828775042;7,130119945154492;;0,8549490673648421;0,6074604482046991
3,0700000000000003;;5,278891302409997;7,143294253775221;;0,8475182127351978;0,6010241585607866
3,08;;5,299186099708225;7,156421458712046;;0,840113513223179;0,594645399597669
3,09;;5,31954429124337;7,169501946728815;;0,8327351748378082;0,5883238264967481
3,1;;5,339965946503937;7,18253610644579;;0,8253834038152691;0,5820590935141252
3,11;;5,360451133882857;7,195524328257668;;0,818058406560683;0,5758508540487667
3,1199999999999997;;5,380999920667059;7,208467004252798;;0,8107603895896037;0,5696987607096401
3,1300000000000003;;5,401612373027033;7,22136452813358;;0,8034895594692336;0,56360246538182
3,1399999999999997;;5,422288556006377;7,23421729513804;;0,7962461227593789;0,5575616192915717
3,15;;5,443028533511379;7,247025701962623;;0,7890302859531343;0,5515758730703952
3,16;;5,463832368300562;7,259790146686134;;0,7818422554173312;0,5456448768180546
3,17;;5,4847001219742575;7,2725110286949075;;0,774682237332733;0,5397682801645707
3,18;;5,5056318549641725;7,285188748609138;;0,7675504376340065;0,5339457323311957
3,19;;5,526627626522959;7,2978237082104105;;0,7604470619494705;0,5281768821903639
3,2;;5,547687494713797;7,310416310370411;;0,753372315540634;0,5224613783246224
3,2099999999999995;;5,568811516399975;7,322966958980824;;0,746326403241537;0,5167988690845463
3,2199999999999998;;5,5899997472345;7,335476058884407;;0,7393095293979012;0,5111890026456382
3,2300000000000004;;5,611252241649685;7,34794401580725;;0,7323218978061096;0,5056314270642213
3,2399999999999998;;5,632569052846766;7,360371236292196;;0,7253637116520246;0,5001257903323272
3,25;8,938;5,65395023278556;7,372758127633455;0,75;0,7184351734496454;0,4946717404315736
3,26;;5,675395832174072;7,385105097812354;;0,711536484979647;0,48926892538605965
3,27;;5,696905900458178;7,397412555434276;;0,7046678472277825;0,4839169933142567
3,2800000000000002;;5,718480485811298;7,409680909666742;;0,6978294603231844;0,4786155924799194
3,29;;5,740119635124087;7,421910570178647;;0,6910215234765715;0,4733643713420134
3,3000000000000003;;5,761823393994152;7,434101947080646;;0,6842442349183782;0,468162978603668
3,3099999999999996;;5,783591806715789;7,446255450866674;;0,6774977918368211;0,46301106326016006
3,32;;5,805424916269745;7,458371492356602;;0,6707823903159191;0,4579082746459328
3,3300000000000005;;5,827322764312994;7,47045048264002;;0,6640982252734867;0,45285426248066274
3,34;;5,849285391168551;7,482492833021137;;0,6574454903991118;0,4478486769143721
3,35;;5,871312835815313;7,49449895496481;;0,6508243780921372;0,4428911685715994
3,36;;5,893405135877913;7,506469260043646;;0,6442350793996695;0,43798138859463787
3,37;;5,915562327616622;7,518404159886238;;0,637677783954624;0,4331189886858421
3,38;;5,9377844459172735;7,530304066126461;;0,6311526799138315;0,42830362114901555
3,39;;5,960071524281221;7,542169390353867;;0,6246599538962218;0,4235349389298853
3,4000000000000004;;5,982423594815335;7,55400054406515;;0,6181997909211051;0,4188125956556716
3,4099999999999997;;6,004840688222025;7,5657979386166625;;0,6117723743465739;0,41413624567376234
3,42;;6,027322833789325;7,577561985178014;;0,6053778858080332;0,40950554408949363
3,4299999999999997;;6,049870059380975;7,589293094686682;;0,5990165051569035;0,40492014680305993
3,44;;6,072482391426588;7,600991677803688;;0,5926884103994859;0,40037971054554145
3,45;;6,095159854911828;7,612658144870288;;0,5863937776360421;0,3958838929140782
3,46;;6,117902473368647;7,624292905865681;;0,5801327810000841;0,39143235240618335
3,47;;6,140710268865563;7,635896370365732;;0,5739055925979151;0,38702474845321483
3,4799999999999995;;6,16358326199798;7,647468947502685;;0,567712382448432;0,38266074145300966
3,49;;6,186521471878571;7,659011045925879;;0,561553318423216;0,37833999280169034
3,5000000000000004;;6,209524916127685;7,670523073763415;;0,5554285661869379;0,37406216492465605
3,51;;6,2325936108638285;7,682005438584825;;0,5493382891380927;0,3698269213067625
3,52;;6,255727570694205;7,693458547364674;;0,5432826483500894;0,3656339265217007
3,53;;6,278926808705268;7,704882806447119;;0,5372618025127319;0,36148284626059346
3,54;;6,302191336453382;7,716278621511404;;0,5312759078740921;0,35737334735980225
3,55;;6,325521163955505;7,727646397538278;;0,5253251181828194;0,3533050978279691
3,56;;6,348916299679944;7,73898653877733;;0,5194095846309006;0,3492777668722951
3,5700000000000003;;6,37237675053717;7,750299448715233;;0,5135294557968975;0,3452910249240677
3,58;;6,395902521870692;7,761585530044873;;0,5076848775896861;0,34134454366344563
3,5900000000000003;;6,419493617447996;7,772845184635368;;0,5018759931927239;0,3374379960435118
3,5999999999999996;;6,44315003945155;7,784078813502956;;0,49610294300886826;0,33357105631360384
3,61;;6,466871788469879;7,795286816782746;;0,49036586460577036;0,3297434000419301
3,62;;6,490658863488694;7,8064695937013155;;0,4846648926618766;0,3259547041374864
3,63;;6,514511261882107;7,8176275425501505;;0,47900015891305087;0,32220464687127437
3,64;;6,538428979403913;7,828761060659911;;0,4733717920998548;0,31849290789684015
3,65;;6,562412010178937;7,839870544375516;;0,46777991791550527;0,31481916827013756
3,66;;6,586460346694461;7,850956389032031;;0,4622246589545359;0,31118311046872754
3,6700000000000004;;6,610573979791732;7,862018988931353;;0,4567061346621885;0,30758441841032325
3,6799999999999997;;6,634752898657524;7,873058737319674;;0,4512244612845621;0,3040227774706919
3,6900000000000004;;6,658997090815826;7,884076026365737;;0,4457797518195364;0,3004978745009174
3,6999999999999997;;6,6833065421195395;7,895071247139811;;0,44037211596851483;0,297009397844046
3,71;;6,707681236742334;7,906044789593472;;0,4350016600889827;0,2935570373511062
3,7199999999999998;;6,732121157170521;7,916997042540076;;0,42966848714794076;0,29014048439653334
3,73;;6,756626284195062;7,9279283936359874;;0,424372696676207;0,2867594318929886
3,74;;6,781196596903614;7,938839229362516;;0,4191143847236384;0,28341357430559927
3,75;11,375;6,80583207267271;7,949729935008566;0,333333333;0,4138936438152781;0,2801026076656164
3,7600000000000002;;6,830532687159996;7,960600894653971;;0,408710562908466;0,2768262295835075
3,7699999999999996;;6,855298414296567;7,971452491153523;;0,4035652273509313;0,2735841392614911
3,7800000000000002;;6,880129226279398;7,9822851061216795;;0,39845771883989184;0,270376037505521
3,7900000000000005;;6,9050250935638555;7,993099119917919;;0,39338811538218976;0,26720162673673425
3,8;;6,929985984856319;8,003894911632761;;0,3883564912554802;0,2640606110023658
3,81;;6,955011867106887;8,014672859074432;;0,3833629169705003;0,2609526959861432
3,82;;6,980102705502178;8,02543333875615;;0,3784074592344465;0,2578775890181716
3,83;;7,00525846345824;8,03617672588404;;0,37349018091547614;0,25483499908431406
3,84;;7,030479102613542;8,046903394345664;;0,36861114100835995;0,25182463683507916
3,85;;7,055764582822082;8,057613716699137;;0,3637703946013087;0,2488462145940242
3,8600000000000003;;7,081114862146586;8,06830806416285;;0,35896799284399494;0,24589944636568273
3,8699999999999997;;7,1065298968518125;8,078986806605759;;0,354203982916792;0,24298404784302555
3,88;;7,132009641397969;8,089650312538257;;0,34947840800125063;0,2400997364144628
3,8899999999999997;;7,157554048434203;8,1002989491036;;0,3447913072518394;0,23724623117039945
3,9;;7,18316306879225;8,110933082069874;;0,34014271576895827;0,2344232529093458
3,91;;7,208836651480136;8,121553075822524;;0,3355326645732608;0,2316305241436009
3,92;;7,234574743676025;8,132159293357393;;0,330961180581289;0,22886776910450835
3,93;;7,260377290722153;8,142752096274295;;0,3264282865824511;0,2261347137472989
3,94;;7,286244236118889;8,15333184477109;;0,32193400121735505;0,2234310857555259
3,95;;7,312175521518893;8,163898897638264;;0,3174783389575171;0,22075661454510165
3,9600000000000004;;7,3381710867214;8,174453612254013;;0,3130613100864625;0,21811103126794343
3,9699999999999998;;7,364230869666594;8,184996344579776;;0,30868292068223646;0,2154940688152379
3,9800000000000004;;7,390354806430143;8,195527449156302;;0,3043431726013347;0,2129054618203279
3,9899999999999998;;7,416542831217776;8,206047279100108;;0,3000420634640841;0,21034494666123857
4,0;;7,4427948763600575;8,216556186100451;;0,29577958664146403;0,2078122614628368
4,01;;7,469110872307209;8,227054520416718;;0,29155573124341083;0,2053071460986475
4,02;;7,495490747624103;8,237542630876273;;0,28737048210859134;0,20282934219231985
4,03;;7,52193442898533;8,248020864872698;;0,28322381979567873;0,200378593118762
4,04;;7,548441841170416;8,258489568364505;;0,2791157205761305;0,19795464400494545
4,05;;7,575012907059152;8,268949085874215;;0,27504615642848257;0,1955572417303878
4,06;;7,601647547627034;8,27939976048787;;0,27101509503417165;0,19318613492732312
4,07;;7,628345681940846;8,289841933854923;;0,2670224997748909;0,19084107398056382
4,08;;7,655107227154332;8,300275946188524;;0,2630683297314935;0,18852181102706536
4,09;;7,681932098504026;8,310702136266185;;0,25915253968444296;0,18622809995519538
4,1000000000000005;;7,708820209305188;8,321120841430814;;0,25527508011582467;0,18395969640371915
4,109999999999999;;7,7357714709478556;8,331532397592104;;0,25143589721292203;0,1817163577605061
4,12;;7,762785792893056;8,3419371392283;;0,2476349328733568;0,17949784316096165
4,130000000000001;;7,7898630826690844;8,352335399388288;;0,24387212471180944;0,17730391348619784
4,14;;7,817003245867962;8,362727509694034;;0,24014740606830937;0,1751343313609411
4,15;;7,844206186142013;8,373113800343372;;0,23646070601810296;0,17298886115118772
4,16;;7,871471805200522;8,383494600113083;;0,23281194938310643;0,17086726896161653
4,17;;7,89880000280658;8,39387023636233;;0,22920105674493088;0,16876932263275712
4,18;;7,926190676774019;8,404241035036373;;0,22562794445949005;0,1666947917379273
4,19;;7,953643722964498;8,4146073206706;;0,22209252467318188;0,16464344757994098
4,2;;7,981159035284675;8,424969416394866;;0,2185947053406483;0,16261506318759675
4,21;;8,00873650568358;8,435327643938106;;0,21513439024409797;0,16060941331194675
4,22;;8,03637602415004;8,445682323633225;;0,21171147901420173;0,1586262744223597
4,2299999999999995;;8,064077478710301;8,456033774422304;;0,20832586715254217;0,15666542470237635
4,24;;8,091840755425713;8,466382313862013;;0,20497744605561932;0,15472664404536843
4,25;14,688;8,1196657383906;8,476728258129357;0,25;0,20166610304040014;0,15280971405000351
4,26;;8,147552309730237;8,487071922027626;;0,1983917213714035;0,15091441801552197
4,2700000000000005;;8,175500349598959;8,49741361899262;;0,19515418028931217;0,14904054093683158
4,279999999999999;;8,20350973617839;8,50775366109912;;0,19195335504110322;0,14718786949942722
4,29;;8,23158034567584;8,518092359067587;;0,18878911691167552;0,14535619207413444
4,3;;8,259712052322769;8,528430022271106;;0,18566133325697712;0,14354529871169133
4,31;;8,28790472837345;8,53876695874255;;0,18256986753860246;0,14175498113716475
4,32;;8,316158244103713;8,549103475181964;;0,17951457935985535;0,13998503274421153
4,33;;8,34447246780985;8,559439876964177;;0,17649532450325944;0,13823524858918831
4,34;;8,372847265807623;8,569776468146609;;0,17351195496949579;0,13650542538511262
4,35;;8,40128250243144;8,580113551477291;;0,17056431901775476;0,1347953614954831
4,36;;8,429778040033627;8,59045142840309;;0,1676522612074795;0,13310485692796042
4,37;;8,45833373898384;8,600790399078116;;0,1647756224414856;0,13143371332791703
4,38;;8,48694945766862;8,611130762372328;;0,1619342400104304;0,1297817339718555
4,390000000000001;;8,515625052491073;8,621472815880322;;0,159127947638616;0,12814872376070424
4,3999999999999995;;8,54436037787066;8,631816855930298;;0,15635657553110133;0,12653448921299293
4,41;;8,573155286243168;8,642163177593202;;0,15361995042209614;0,12493883845791007
4,42;;8,602009628060735;8,652512074692039;;0,1509178956246222;0,1233615812282521
4,43;;8,630923251792076;8,662863839811344;;0,14825023108140456;0,12180252885326137
4,44;;8,659896003922812;8,673218764306823;;0,14561677341697496;0,12026149425136193
4,45;;8,688927728955898;8,683577138315151;;0,1430173359909605;0,11873829192279634
4,46;;8,718018269412248;8,693939250763911;;0,14045172895252211;0,1172327379421637
4,47;;8,747167465831414;8,704305389381691;;0,13791975929592515;0,11574464995086839
4,4799999999999995;;8,776375156772456;8,714675840708312;;0,13542123091720357;0,11427384714947798
4,49;;8,805641178814897;8,725050890105218;;0,13295594467189348;0,11282015028999753
4,5;;8,834965366559821;8,735430821765968;;0,13052369843380243;0,11138338166806196
4,51;;8,864347552631113;8,745815918726889;;0,12812428715478294;0,10996336511504999
4,52;;8,893787567676808;8,756206462877849;;0,1257575029254792;0,1085599259901241
4,53;;8,923285240370568;8,766602734973128;;0,12342313503701402;0,10717289117219925
4,54;;8,952840397413286;8,777005014642453;;0,1211209700435817;0,10580208905184364
4,55;;8,982452863534839;8,787413580402108;;0,11885079182591196;0,10444734952311409
4,5600000000000005;;9,012122461495926;8,797828709666184;;0,11661238165557242;0,10310850397533047
4,569999999999999;;9,04184901209006;8,808250678757922;;0,11440551826007334;0,10178538528479181
4,58;;9,071632334145693;8,818679762921175;;0,11222997788873608;0,10047782780643524
4,590000000000001;;9,101472244528429;8,829116236331947;;0,11008553437929564;0,099185667365445
4,6;;9,131368558143386;8,839560372110071;;0,10797195922519287;0,09790874124880951
4,61;;9,161321087937704;8,850012442330952;;0,10588902164352264;0,0966468881968316
4,62;;9,191329644903112;8,860472718037396;;0,10383648864360356;0,09539994839459676
4,63;;9,221394038078685;8,870941469251571;;0,101814125096124;0,09416776346339718
4,64;;9,251514074553684;8,881418964987002;;0,09982169380283265;0,09295017645211895
4,65;;9,281689559470534;8,891905473260694;;0,09785895556673078;0,09174703182859177
4,66;;9,311920296027902;8,902401261105307;;0,0959256692627308;0,0905581754709063
4,67;;9,34220608548393;8,912906594581425;;0,09402159190873764;0,08938345465869883
4,68;;9,372546727159563;8,923421738789889;;0,09214647873711793;0,08822271806440814
4,6899999999999995;;9,402942018442005;8,933946957884212;;0,09030008326651412;0,0870758157445053
4,7;;9,433391754788286;8,944482515083072;;0,08848215737396647;0,08594259913069986
4,71;;9,46389572972896;8,955028672682841;;0,0866924513673011;0,08482292102112385
4,72;;9,49445373487192;8,965585692070222;;0,08493071405774477;0,08371663557149576
4,73;;9,525065559906324;8,976153833734926;;0,08319669283272699;0,0826235982862672
4,74;;9,555730992606625;8,986733357282386;;0,08149013372883075;0,08154366600975485
4,75;7,188;9,586449818836769;8,997324521446597;0,25;0,07981078150484741;0,0804766969172571
4,760000000000001;;9,617221822554438;9,007927584102942;;0,07815837971490228;0,07942255050616125
4,77;;9,648046785815467;9,018542802281114;;0,07653267078160673;0,07838108758704031
4,78;;9,678924488778348;9,029170432178077;;0,07493339606919745;0,07735217027474142
4,79;;9,709854709708846;9,039810729171075;;0,07336029595662753;0,07633566197947061
4,8;;9,740837224984755;9,0504639478307;;0,07181310991056415;0,07533142739787141
4,81;;9,771871809100734;9,061130341933993;;0,07029157655825909;0,07433933250410266
4,82;;9,802958234673286;9,0718101644776;;0,0687954337602502;0,07335924454091514
4,83;;9,834096272445825;9,082503667690974;;0,06732441868285786;0,07239103201073023
4,84;;9,865285691293876;9,093211103049597;;0,06587826787043566;0,07143456466672034
4,8500000000000005;;9,896526258230375;9,103932721288274;;0,06445671731734008;0,07048971350389449
4,859999999999999;;9,927817738411072;9,114668772414436;;0,0630595025395812;0,06955635075018994
4,87;;9,959159895140083;9,125419505721501;;0,06168635864611563;0,06863434985757026
4,88;;9,990552489875487;9,13618516980225;;0,06033702040974983;0,06772358549313412
4,89;;10,021995282235101;9,146966012562254;;0,05901122233761245;0,06682393353023262
4,9;;10,053488030002331;9,157762281233332;;0,057708698741164105;0,06593527103959922
4,91;;10,085030489132109;9,168574222387017;;0,056429183805709326;0,06505747628049317
4,92;;10,116622413756994;9,179402081948089;;0,05517241165937421;0,06419042869185626
4,93;;10,14826355619334;9,190246105208102;;0,05393811644151899;0,06333400888348614
4,9399999999999995;;10,179953666947581;9,20110653683896;;0,052726032370550326;0,06248809862722602
4,95;;10,211692494722628;9,21198362090651;;0,05153589381110256;0,06165258084817278
4,96;;10,243479786424365;9,222877600884157;;0,05036743534055516;0,06082733961590435
4,97;;10,275315287168262;9,233788719666514;;0,04922039181485549;0,06001226013572711
4,9799999999999995;;10,307198740286092;9,244717219583062;;0,04809449843361711;0,05920722873994506
4,99;;10,33912988733274;9,255663342411848;;0,046989490804464226;0,05841213287915173
5,0;;10,371108468093125;9,266627329393172;;0,045905105006592895;0,05762686111354548
5,01;;10,403134220589235;9,277609421243339;;0,04484107765352104;0,05685130310426922
5,0200000000000005;;10,435206881087275;9,288609858168401;;0,043797145955000664;0,056085349604775764
5,029999999999999;;10,46732618410486;9,299628879877906;;0,04277304777806663;0,05532889245222053
5,04;;10,49949186241841;9,310666725598706;;0,041768521707193244;0,054581824558879784
5,050000000000001;;10,531703647070552;9,321723634088743;;0,04078330710353928;0,05384403990359936
5,06;;10,563961267377683;9,332799843650868;;0,039817144163252716;0,05311543352327107
5,07;;10,596264450937632;9,343895592146673;;0,03886977397481451;0,05239590150433912
5,08;;10,62861292363738;9,355011117010337;;0,03794093857540086;0,05168534097433848
5,09;;10,661006409660946;9,366146655262492;;0,037030381006239434;0,05098365009346334
5,1;;10,693444631497321;9,377302443524092;;0,03613784536694252;0,050290728046168784
5,11;;10,725927309948544;9,388478718030303;;0,03526307686879607;0,04960647503280492
5,12;;10,758454164137836;9,399675714644403;;0,034405821886987716;0,04893079226128537
5,13;;10,791024911517882;9,410893668871694;;0,03356582801175483;0,04826358193878921
5,140000000000001;;10,82363926787918;9,422132815873432;;0,03274284409843777;0,04760474726349865
5,1499999999999995;;10,856296947358496;9,433393390480754;;0,0319366203164221;0,046954192416372026
5,16;;10,888997662447444;9,444675627208635;;0,031146908196955005;0,04631182255295272
5,17;;10,921741124001114;9,45597976026984;;0,03037346067982429;0,04567754379521584
5,18;;10,95452704124686;9,467306023588893;;0,029616032158884167;0,04505126322345087
5,19;;10,987355121793147;9,478654650816061;;0,028874378526419588;0,04443288886818321
5,2;;11,020225071638505;9,490025875341336;;0,028148257216336525;0,04382232970213368
5,21;;11,053136595180591;9,501419930308442;;0,027437427246169266;0,0432194956322169
5,220000000000001;;11,086089395225347;9,512837048628839;;0,026741649257895954;0,042624297491579054
5,2299999999999995;;11,119083172996241;9,52427746299574;;0,026060685557554756;0,0420366470316754
5,24;;11,152117628143642;9,535741405898145;;0,02539430015365338;0,041456456914387645
5,25;10,063;11,185192458754237;9,547229109634875;0,0;0,024742258794367762;0,04088364070418284
5,26;;11,218307361360605;9,558740806328617;;0,0241043290035224;0,04031811286031198
5,27;;11,251462030950849;9,570276727939985;;0,023480280115351075;0,03975978872905091
5,28;;11,284656160978347;9,581837106281585;;0,02286988330803344;0,03920858453598254
5,29;;11,317889443371582;9,593422173032085;;0,022272911636005862;0,03866441737832119
5,3;;11,351161568544086;9,605032159750309;;0,021689140061045383;0,03812720521727925
5,3100000000000005;;11,384472225404467;9,616667297889324;;0,02111834548212647;0,03759686687047647
5,319999999999999;;11,417821101366536;9,628327818810549;;0,02056030676405132;0,03707332200439231
5,33;;11,451207882359556;9,64001395379787;;0,02001480476485474;0,036556491126861115
5,34;;11,484632252838525;9,651725934071761;;0,019481622361987378;0,03604629557961153
5,35;;11,518093895794625;9,66346399080342;;0,018960544477278223;0,03554265753084859
5,36;;11,551592492765728;9,675228355128915;;0,01845135810068271;0,03504549996788048
5,37;;11,585127723847002;9,687019258163343;;0,01795385231281998;0,0345547466897891
5,38;;11,618699267701615;9,69883693101499;;0,017467818306305408;0,03407032230014502
5,390000000000001;;11,652306801571541;9,710681604799518;;0,01699304940588476;0,03359215219976691
5,4;;11,68595000128845;9,72255351065415;;0,016529341087377303;0,03312016257952562
5,41;;11,719628541284699;9,734452879751874;;0,016076490995435778;0,032654280413193064
5,42;;11,753342094604415;9,746379943315658;;0,015634298960131972;0,032194433450336124
5,43;;11,787090332914676;9,758334932632676;;0,01520256701237735;0,03174055020925553
5,4399999999999995;;11,82087292651678;9,77031807906855;;0,01478109939818889;0,03129255996997004
5,45;;11,854689544357624;9,782329614081608;;0,014369702591810593;0,030850392767245615
5,46;;11,88853985404114;9,79436976923714;;0,013968185307703137;0,030413979383670773
5,47;;11,92242352183987;9,806438776221691;;0,01357635851141207;0,029983251342776317
5,48;;11,956340212706607;9,818536866857364;;0,013194035429328942;0,02955814090220143
5,489999999999999;;11,990289590286126;9,830664273116117;;0,012821031557357664;0,02913858104690511
5,5;;12,024271316927042;9,842821227134106;;0,012457164668500038;0,028724505482422988
5,510000000000001;;12,058285053693691;9,855007961226024;;0,012102254819375685;0,028315848628170572
5,52;;12,092330460378188;9,867224707899467;;0,011756124355689804;0,027912545610791248
5,53;;12,126407195512519;9,879471699869317;;0,011418597916665708;0,027514532257550725
5,54;;12,160514916380736;9,891749170072135;;0,011089502438457164;0,02712174508977695
5,55;;12,19465327903126;9,904057351680585;;0,01076866715655718;0,026734121316345796
5,56;;12,22882193828925;9,91639647811787;;0,01045592360722003;0,026351598827212525
5,57;;12,263020547769095;9,92876678307219;;0,010151105627913742;0,025974116186988912
5,58;;12,297248759886955;9,941168500511221;;0,009854049356820651;0,025601612628566132
5,59;;12,331506225873428;9,953601864696621;;0,009564593231403984;0,025234028046783253
5,6000000000000005;;12,365792595786287;9,966067110198543;;0,009282577986058839;0,02487130299214137
5,609999999999999;;12,40010751852331;9,978564471910191;;0,009007846648866199;0,02451337866456337
5,62;;12,434450641835218;9,991094185062401;;0,008740244537468718;0,024160196907198932
5,63;;12,468821612338644;10,003656485238205;;0,008479619254088171;0,023811700200275617
5,64;;12,503220075529269;10,01625160838748;;0,008225820679702924;0,02346783165499451
5,65;;12,537645675794987;10,028879790841588;;0,007978700967406244;0,023128535007471782
5,66;;12,57209805642918;10,04154126932805;;0,007738114534964701;0,02279375461272522
5,67;;12,60657685964407;10,054236280985249;;0,007503918056596988;0,022463435438705937
5,680000000000001;;12,64108172658417;10,06696506337716;;0,007275970453993403;0,022137523060375103
5,6899999999999995;;12,675612297339805;10,079727854508112;;0,007054132886596417;0,021815963653825654
5,7;;12,710168210960742;10,09252489283759;;0,006838268741162714;0,021498703990448585
5,71;;12,744749105469854;10,105356417295042;;0,0066282436206278605;0,021185691431144512
5,72;;12,77935461787694;10,11822266729475;;0,006423925332293447;0,02087687392057908
5,7299999999999995;;12,813984384192567;10,131123882750716;;0,0062251838753583965;0,020572199981483425
5,74;;12,848638039442038;10,144060304091587;;0,006031891427814591;0,020271618708998528
5,75;7,063;12,88331521767939;10,15703217227561;0,0;0,005843922332728296;0,01997507976506433
5,76;;12,91801555200154;10,17003972880564;;0,005661153083927449;0,019682533372852206
5,7700000000000005;;12,952738674562454;10,183083215744169;;0,005483462311116428;0,019393930311241866
5,779999999999999;;12,987484216587434;10,196162875728394;;0,005310730764438664;0,019109221909341858
5,79;;13,022251808387475;10,209278951985345;;0,005142841298507857;0,018828360041053493
5,800000000000001;;13,057041079373674;10,222431688347019;;0,004979678855928894;0,018551297119678702
5,81;;13,091851658071741;10,235621329265587;;0,00482113045032847;0,01827798609257071
5,82;;13,12668317213663;10,248848119828642;;0,004667085148916247;0,018008380435827854
5,83;;13,161535248367146;10,26211230577446;;0,004517434054597162;0,017742434149030768
5,84;;13,196407512720713;10,275414133507349;;0,0043720702876546185;0,017480101750021952
5,8500000000000005;;13,231299590328183;10,288753850113007;;0,004230888967025049;0,017221338269728093
5,86;;13,266211105508726;10,302131703373957;;0,004093787191183646;0,01696609924702481
5,87;;13,301141681784792;10,315547941785008;;0,003960664018661061;0,01671434072364361
5,88;;13,33609094189714;10,329002814568785;;0,003831420448210629;0,016466019239120947
5,89;;13,371058507819955;10,342496571691294;;0,003705959398645513;0,016221091825789097
5,8999999999999995;;13,406044000776005;10,35602946387755;;0,0035841856883649125;0,01597951600380876
5,91;;13,441047041251924;10,369601742627259;;0,0034660060145881963;0,015741249776243003
5,92;;13,476067249013479;10,383213660230542;;0,0033513289323159182;0,015506251624172844
5,93;;13,511104243120995;10,396865469783737;;0,0032400648330356864;0,015274480501853415
5,94;;13,546157641944786;10,410557425205239;;0,003132125923191546;0,015045895831911398
5,949999999999999;;13,581227063180672;10,424289781251407;;0,003027426202434509;0,014820457500583008
5,96;;13,616312123865578;10,43806279353254;;0,0029258814416718774;0,014598125852992324
5,970000000000001;;13,651412440393145;10,45187671852889;;0,0028274091609329375;0,014378861688470251
5,9799999999999995;;13,686527628529468;10,465731813606766;;0,0027319286070676724;0,014162626255913064
5,99;;13,721657303428872;10,479628337034695;;0,0026393607312955735;0,013949381249181018
6,0;;13,756801079649701;10,493566547999627;;0,0025496281666209627;0,0137390888025368
6,01;;13,791958571170255;10,507546706623241;;0,002462655205130646;0,013531711486122923
6,02;;13,827129391404714;10,5215690739783;;0,0023783677751900577;0,013327212301478694
6,03;;13,86231315321915;10,535633912105078;;0,0022966934185531234;0,01312555467709598
6,04;;13,897509468947588;10,54974148402786;;0,002217561267401054;0,012926702464013775
6,05;;13,932717950408124;10,563892053771523;;0,002140902021324838;0,012730619931451291
6,0600000000000005;;13,9679382089191;10,578085886378178;;0,002066647924265883;0,012537271762479344
6,069999999999999;;14,00316985531532;10,592323247923897;;0,001994732741428902;0,012346623049729867
6,08;;14,038412499964345;10,606604405535531;;0,001925091736180741;0,012158639291143128
6,09;;14,073665752782775;10,620929627407568;;0,001857661646948702;0,011973286385752919
6,1;;14,108929223252671;10,635299182819121;;0,001792380664131117;0,011790530629508713
6,11;;14,14420252043795;10,649713342150969;;0,0017291884070331322;0,01161033871113531
6,12;;14,179485253000855;10,664172376902682;;0,0016680259008398479;0,01143267770802932
6,13;;14,214777029218475;10,67867655970985;;0,0016088355536388297;0,011257515082192361
6,140000000000001;;14,25007745699929;10,693226164361382;;0,001551561133503576;0,011084818676200765
6,15;;14,285386143899775;10,707821465816911;;0,0014961477456491754;0,010914556709211522
6,16;;14,32070269714104;10,722462740224271;;0,0014425418096710274;0,010746697773004256
6,17;;14,35602672362551;10,737150264937087;;0,0013906910368771325;0,010581210828058992
6,18;;14,391357829953623;10,751884318532444;;0,0013405444077241079;0,010418065199669474
6,1899999999999995;;14,426695622440604;10,766665180828662;;0,0012920521493667194;0,010257230574091841
6,2;;14,46203970713326;10,781493132903172;;0,0012451657133303287;0,01009867699472826
6,21;;14,49738968982675;10,796368457110479;;0,0011998377533154454;0,009942374858345733
6,22;;14,5327451760815;10,811291437100238;;0,0011560221031429187;0,00978829491132912
6,23;;14,568105771240049;10,826262357835434;;0,0011136737548483311;0,009636408245968845
6,239999999999999;;14,603471080443974;10,841281505610665;;0,0010727488369335102;0,009486686296782685
6,25;6,938;14,638840708650845;10,856349168070537;0,0;0,0010332045927828413;0,00933910083687136
