;x D1;x Harissons AD NGD;x Harissons D1 AGD;y D1;y Harissons AD NGD;y Harissons D1 AGD
0,0;0,75;0,75;0,75;2,5;2,5;2,5
0,01;;0,7565412569204503;0,7552389458927316;;2,4973318641430837;2,486198404041276
0,02;;0,7631693231498654;0,7629647466876963;;2,494565927952123;2,4722529949232728
0,03;;0,7698845951808702;0,7710089305652845;;2,4917039063481212;2,4583699780569424
0,04;;0,7766874790380015;0,779208628587044;;2,4887474922886788;2,444573457137287
0,05;;0,7835783899164407;0,7875252729903464;;2,485698357024032;2,430871419253057
0,06;;0,7905577518212875;0,7959441234477486;;2,4825581503501923;2,4172675401081714
0,06999999999999999;;0,7976259972080614;0,8044581974191856;;2,4793285008592156;2,4037637088211454
0,08;;0,8047835666250073;0,813063784915862;;2,4760110161866358;2,3903609022373757
0,09;;0,81203090835769;0,8217587921725118;;2,472607283256096;2,377059569423153
0,1;;0,8193684780762784;0,8305420138415732;;2,4691188685212047;2,363859827581373
0,11;;0,8267967384858447;0,8394127723699418;;2,465547318204656;2,3507615724973765
0,12;;0,8343161589799402;0,8483707227592154;;2,4618941585346357;2,3377645455902507
0,13;;0,8419272152976491;0,857415739386977;;2,458160895978555;2,3248683769980323
0,13999999999999999;;0,8496303891842728;0,8665478467223416;;2,454349017474129;2,31207261453635
0,15;;0,8574261680557487;0,8757671749761363;;2,4504599906578464;2,2993767438858224
0,16;;0,8653150446668718;0,8850739306317972;;2,446495264090844;2,286780203096607
0,16999999999999998;;0,8732975167833501;0,8944683762307144;;2,442456267482228;2,274282393277969
0,18;;0,8813740868576936;0,9039508161179998;;2,4383444119098656;2,261882686648592
0,19;;0,8895452617089129;0,9135215861443503;;2,434161090038675;2,2495804327132127
0,2;;0,8978115522059785;0,9231810460632334;;2,4299076763364478;2,2373749630789215
0,21;;0,9061734729549722;0,9329295738069809;;2,4255855272872235;2,22526559526421
0,22;;0,9146315419898436;0,9427675610994758;;2,421195981602254;2,21325163574914
0,22999999999999998;;0,9231862804666735;0,9526954100369196;;2,416740360428579;2,20133238244484
0,24;;0,9318382123613284;0,9627135303811755;;2,4122199675552394;2,1895071267125035
0,25;0,763;0,9405878641703834;0,9728223373852557;2,666666667;2,4076360896171605;2,1777751550284763
0,26;;0,949435764615181;0,9830222500214544;;2,4029899962967267;2,1661357503681686
0,27;;0,9583824443488831;0,9933136895177601;;2,398282940523078;2,154588193364256
0,27999999999999997;;0,9674284356663724;1,003697078132862;;2,39351615866915;2,1431317632819953
0,29;;0,9765742722168494;1,0141728381176245;;2,388690870746487;2,131765738845074
0,3;;0,9858204887189719;1,0247413908236083;;2,383808280597852;2,120489398938335
0,31;;0,9951676206783754;1,0354031559285;;2,3788695760876584;2,1093020232083317
0,32;;1,0046162041074196;1,0461585507551814;;2,3738759292902487;2,0982028925785365
0,33;;1,0141667752469947;1,0570079896663196;;2,3688284966760453;2,0871912896927998
0,33999999999999997;;1,023819870290229;1,0679518835202446;;2,3637284192955943;2,076266499298148
0,35000000000000003;;1,033576025107936;1,0789906391768493;;2,3585768229615316;2,0654278085760103
0,36;;1,0434357749756367;1,0901246590445315;;2,3533748184284917;2,054674507429394
0,37;;1,0533996543020052;1,1013543406609707;;2,34812350157098;2,044005888732234
0,38;;1,0634681963585733;1,1126800763019233;;2,342823953559239;2,033421248546142
0,38999999999999996;;1,0736419330105405;1,1241022526133093;;2,3374772410331213;2,02291988630893
0,4;;1,0839213944485404;1,1356212502627365;;2,3320844162740038;2,0125011049986012
0,41000000000000003;;1,0943071089212075;1,147237443607299;;2,326646517374751;2,0021642112759532
0,42;;1,1047996024684064;1,158951200375047;;2,321164568407765;1,9919085156084584
0,43;;1,1153993986549728;1,1707628813579742;;2,3156395795911298;1,981733332377711
0,44;;1,126107018304836;1,1826728401147382;;2,310072547452881;1,971637979972406
0,44999999999999996;;1,1369229792353819;1,1946814226816271;;2,304464454993418;1,9616217808685414
0,45999999999999996;;1,1478477959919333;1,206788967290537;;2,2988162718460785;1,9516840616983153
0,47000000000000003;;1,158881979582219;1,2189958040929239;;2,2931289544359004;1,9418241533089855
0,48;;1,170026037210717;1,231302254888866;;2,2874034461365853;1,932041390812808
0,49;;1,1812804720127539;1,2437086328605156;;2,281640677425692;1,9223351136290194
0,5;;1,1926457827882553;1,2562152423093336;;2,27584156603807;1,9127046655187183
0,51;;1,2041224637350456;1,2688223783966055;;2,2700070171175613;1,9031493946133906
0,52;;1,2157110041815993;1,2815303268868161;;2,264137923366985;1,8936686534377418
0,53;;1,2274118883191545;1,2943393638935394;;2,258235165196427;1,8842617989274166
0,54;;1,2392255949331097;1,307249755627554;;2,2522996108698496;1,8749281924421248
0,5499999999999999;;1,251152597133619;1,3202617581469518;;2,2463321166500445;1,8656671997746315
0,5599999999999999;;1,2631933620853248;1,3333756171090527;;2,240333526941945;1,85647819115602
0,5700000000000001;;1,2753483507361603;1,3465915675239746;;2,2343046744343162;1,8473605412575964
0,58;;1,2876180175451635;1,359909833509744;;2,228246380239842;1,8383136291897564
0,59;;1,3000028102092627;1,3733306280488642;;2,2221594540336245;1,8293368384981101
0,6;;1,3125031693889826;1,3868541527462777;;2,216044694190118;1,8204295571571294
0,61;;1,3251195284330426;1,4004805975886865;;2,2099028879185107;1,8115911775615485
0,62;;1,3378523131018194;1,4142101407052199;;2,203734811396572;1,8028210965157376
0,63;;1,3507019412896535;1,4280429481294417;;2,1975412299029853;1,794118715221236
0,64;;1,3636688227459897;1,4419791735627212;;2,191322897948181;1,7854834392626213
0,65;;1,3767533587953462;1,4560189581389953;;2,1850805594036857;1,7769146785918744
0,66;;1,3899559420561185;1,4701624301909675;;2,1788149476300056;1,7684118475113766
0,67;;1,4032769561582241;1,484409705017798;;2,172526785603061;1,7599743646556771
0,6799999999999999;;1,4167167754596142;1,4987608846543516;;2,1662167860391843;1,751601652972142
0,69;;1,4302757647616724;1,5132160576420783;;2,1598856515187035;1,7432931397005962
0,7000000000000001;;1,4439542790235365;1,5277752988016058;;2,15353407460812;1,735048256352057
0,7100000000000001;;1,4577526630753885;1,5424386690071437;;2,1471627379809024;1,7268664386866457
0,72;;1,471671251330757;1,5572062149627883;;2,1407723145369064;1,718747126690762
0,73;;1,4857103674978913;1,5720779689808382;;2,1343634675204424;1,7106897645535977
0,74;;1,4998703242902705;1,5870539487622282;;2,127936850636998;1,7026938006430556
0,75;1,281;1,514151423136319;1,6021341571791992;1,833333333;2,1214931081686355;1,6947586874811382
0,76;;1,5285539538884079;1,6173185820603229;;2,1150328750880814;1,6868838817188647
0,77;;1,5430781945312262;1,6326071959780084;;2,108556777171512;1,6790688441107708
0,7799999999999999;;1,5577244108896156;1,6479999560386185;;2,1020654311100646;1,6713130394890385
0,79;;1,5724928563359681;1,6634968036753304;;2,0955594446200725;1,6636159367373031
0,8;;1,5873837714972918;1,679097664443875;;2,0890394165520516;1,6559770087641792
0,8099999999999999;;1,6023973839620596;1,6948024478212989;;2,0825059369984436;1,6483957324765435
0,8200000000000001;;1,61753390798696;1,710611047007889;;2,075959587400132;1,6408715887526113
0,83;;1,6327935442036707;1,7265233387324046;;2,0694009406517497;1,63340406241484
0,84;;1,6481764793257951;1,7425391830607684;;2,062830561205779;1,625992642202689
0,8500000000000001;;1,6636828858560921;1,7586584232083637;;2,0562490051754727;1,618636820745266
0,86;;1,679312921794146;1,7748808853560918;;2,0496568204365975;1,6113360945338862
0,8699999999999999;;1,6950667303446267;1,7912063784703418;;2,0430545467280186;1,6040899638945665
0,88;;1,7109444396262918;1,8076346941270303;;2,0364427157511362;1,5968979329604804
0,89;;1,72694616238189;1,8241656063398644;;2,0298218512681907;1,5897595096443946
0,8999999999999999;;1,7430719956891367;1,8407988713929906;;2,0231924691994396;1,5826742056111034
0,91;;1,7593220206729248;1,8575342276781848;;2,0165550777192283;1,5756415362498846
0,9199999999999999;;1,775696302218946;1,8743713955367405;;2,0099101773509664;1,568661020646989
0,9299999999999999;;1,7921948886889083;1,8913100771062237;;2,003258261061013;1,561732181558184
0,9400000000000001;;1,808817811637522;1,9083499561722426;;1,9965998143514911;1,5548545453813605
0,95;;1,8255650855314498;1,9254906980254012;;1,989935315352043;1,5480276421292243
0,96;;1,8424367074704109;1,9427319493235955;;1,9832652349105324;1,5412510054020763
0,97;;1,8594326569106288;1,9600733379598054;;1,9765900366827116;1,5345241723607015
0,98;;1,8765528953908281;1,977514472935549;;1,9699101772208603;1,527846683699373
0,9900000000000001;;1,8937973662609762;1,9950549442401544;;1,9632261060614102;1,5212180836189821
1,0;;1,9111659944139738;2,0126943227360035;;1,9565382658115669;1,5146379198003084
1,01;;1,9286586860205122;2,03043216004991;;1,9498470922349362;1,50810574337743
1,02;;1,9462753282672873;2,0482679884707795;;1,943153014336173;1,5016211089112947
1,03;;1,9640157890988037;2,0662013208537093;;1,9364564544446556;1,4951835743634487
1,04;;1,9818799169629675;2,084231650530679;;1,9297578282972025;1,4887927010699378
1,05;;1,9998675405606943;2,1023584512279765;;1,923057545119839;1,4824480537153835
1,06;;2,017978468599742;2,1205811769905125;;1,9163560077086255;1,4761492003072434
1,0699999999999998;;2,036212489552994;2,1388992621131666;;1,9096536125095576;1,4698957121502616
1,08;;2,0545693714214126;2,157312121079304;;1,9029507496975466;1,4636871638211104
1,09;;2,0730488615018796;2,175819148506601;;1,8962478032544965;1,4575231331432383
1,0999999999999999;;2,0916506861601523;2,194419719100327;;1,889545151046478;1,4514032011619167
1,11;;2,110374550609159;2,2131131876141996;;1,8828431649000181;1,4453269521194994
1,1199999999999999;;2,1292201386928418;2,2318988888189524;;1,8761422106775125;1,4392939734308963
1,13;;2,148187112675803;2,250776137478743;;1,8694426483517668;1,433303855659263
1,1400000000000001;;2,1672751130389374;2,269744228335515;;1,8627448320796822;1,4273561924919131
1,15;;2,186483758281308;2,288802436101434;;1,856049110275093;1,421450580716456
1,16;;2,2058126447284705;2,307950015459525;;1,8493558256807598;1,4155866201971585
1,17;;2,2252613463474673;2,3271862010725988;;1,8426653154395394;1,409763913851542
1,18;;2,2448294145687258;2,3465102076005864;;1,8359779111647296;1,403982067627211
1,1900000000000002;;2,2645163781150632;2,3659212297263768;;1,829293939009603;1,3982406904789166
1,2;;2,284321742838021;2,3854184421902573;;1,8226137197361396;1,3925393943458588
1,21;;2,3042449915617627;2,405000999833042;;1,8159375687829646;1,3868777941292283
1,22;;2,3242855839347123;2,4246680376479692;;1,8092657963325025;1,3812555076699904
1,23;;2,3444429562891846;2,444418670841456;;1,802598707377354;1,3756721557269127
1,24;;2,3647165215091888;2,4642519949027757;;1,7959366017859062;1,3701273619548355
1,25;2,469;2,3851056689066246;2,4841670856827296;0,833333333;1,7892797743671847;1,3646207528831904
1,26;;2,405609764106072;2,5041629994813714;;1,7826285149349534;1,3591519578947655
1,27;;2,4262281489383715;2,524238773144838;;1,7759831083710755;1,353720609204718
1,28;;2,4469601413431987;2,5443934241713415;;1,7693438346881374;1,3483263418398364
1,29;;2,4678050352808145;2,5646259508263576;;1,7627109690913496;1,342968793618051
1,3;;2,488762100653193;2,584935332267049;;1,7560847820397294;1,337647605128196
1,31;;2,509830583234701;2,6053205286759535;;1,7494655393065743;1,332362419710021
1,32;;2,531009704612515;2,6257804814039525;;1,7428535020392344;1,3271128834344534
1,3299999999999998;;2,552298662136947;2,646314113122543;;1,7362489268181902;1,3218986450841113
1,34;;2,573696628881854;2,6669203279854186;;1,7296520657154455;1,316719356134066
1,35;;2,595202753615284;2,6875980117993445;;1,7230631663522433;1,3115746707328588
1,3599999999999999;;2,616816160780538;2,7083460322043496;;1,7164824719561078;1,3064642456837632
1,37;;2,638535950487781;2,7291632388631957;;1,7099102214172255;1,3013877404262981
1,38;;2,6603611985163584;2,7500484636600997;;1,7033466493441731;1,296344817017995
1,39;;2,6822909563279587;2,7710005209087076;;1,6967919861189917;1,2913351401164064
1,4000000000000001;;2,7043242510907537;2,792018207569249;;1,6902464579516239;1,2863583769613682
1,41;;2,7264600857146473;2,813100303474848;;1,683710286933716;1,2814141973575073
1,4200000000000002;;2,748697438897748;2,834245571566928;;1,6771836910917937;1,2765022736569933
1,43;;2,771035265184181;2,8554527581396565;;1,6706668844398167;1,27162228074254
1,44;;2,7934724950333467;2,876720593093353;;1,664160077031123;1,266773896010646
1,4500000000000002;;2,816008034900719;2,8980477901967885;;1,657663475009764;1,2619567993550824
1,46;;2,8386407673302734;2,9194330473582917;;1,6511772806612448;1,2571706731506194
1,47;;2,861369551058639;2,9408750469055702;;1,6447016924626663;1,2524152022369928
1,48;;2,884193221131018;2,9623724558741418;;1,6382369051322874;1,2476900739031114
1,49;;2,9071105890289703;2,9839239263042705;;1,6317831096785038;1,2429949778714995
1,5;;2,930120442810094;3,005528095546296;;1,6253404934482565;1,2383296062829747
1,51;;2,9532215472596652;3,027183586574226;;1,6189092401748721;1,2336936536815597
1,52;;2,976412644054261;3,0488890083074605;;1,6124895300253452;1,2290868169996256
1,53;;2,999692451937399;3,070642955940513;;1,606081539647065;1,2245087955432654
1,54;;3,023059666907216;3,0924440112805804;;1,5996854422139954;1,2199592909778934
1,55;;3,046512962416187;3,1142907430928055;;1,5933014074723153;1,215438007314072
1,5599999999999998;;3,0700509895828856;3,136181707453072;;1,586929601785521;1,210944650893561
1,5699999999999998;;3,0936723774157806;3,1581154481081635;;1,5805701881789995;1,2064789303755865
1,58;;3,117375733049034;3,180090496843109;;1,5742233263840826;1,2020405567233314
1,59;;3,141159641990283;3,202105373855533;;1,5678891728815776;1,1976292431906395
1,6;;3,1650226683803613;3,224158588136822;;1,5615678809447908;1,1932447053089337
1,6099999999999999;;3,1889633552648955;3,2462486378599036;;1,555259600682044;1,1888866608743471
1,6199999999999999;;3,2129802248777346;3,268374010773449;;1,5489644790786885;1,1845548299350592
1,63;;3,2370717789361176;3,2905331846022676;;1,5426826600386296;1,1802489347788405
1,6400000000000001;;3,261236498947513;3,3127246274537;;1,536414284425357;1,1759686999208003
1,6500000000000001;;3,285472846528028;3,3349467982297756;;1,5301594901024942;1,1717138520913317
1,66;;3,309779263732283;3,3571981470449064;;1,5239184119738698;1,1674841202242552
1,67;;3,334154173394636;3,379477115648887;;1,5176911820231156;1,1632792354451575
1,68;;3,358595979481633;3,401782137854962;;1,5114779293527976;1,1590989310599198
1,69;;3,383103067455546;3,424111639972714;;1,5052787802230847;1,1549429425434343
1,7000000000000002;;3,4076738046488524;3,446464041245525;;1,4990938580899609;1,1508110075285054
1,71;;3,4323065406494937;3,468837754292353;;1,4929232836429858;1,1467028657949339
1,72;;3,4569996076967584;3,4912311855535814;;1,4867671748426068;1,142618259258775
1,73;;3,481751321087589;3,513642735740647;;1,4806256469570325;1,1385569319617774
1,7399999999999998;;3,5065599795931455;3,5360708002892145;;1,4744988125986678;1,134518630060989
1,75;3,672;;;0,833333333;;
1,7500000000000002;;3,531423865885421;3,5585137698156113;;1,4683867817601155;1,130503101818532
1,76;;3,556341246973678;3,580970030576231;;1,462289661849757;1,126510097591544
1,77;;3,5813103746505393;3,6034379649296793;;1,4562075577269016;1,1225393698222774
1,78;;3,6063294859474375;3,625915951801319;;1,4501405717365283;1,1185906730283584
1,79;;3,6313968035992437;3,648402367149982;;1,4440888037436084;1,1146637637931984
1,7999999999999998;;3,6565105365177906;3,6708955844365354;;1,4380523511670225;1,110758400756557
1,81;;3,681668880274058;3,693393975094035;;1,4320313090130734;1,106874344605249
1,82;;3,706870017588727;3,715895908999149;;1,4260257699086027;1,1030113580639982
1,83;;3,732112118830867;3,738399754944601;;1,4200358241337092;1,0991692058864249
1,8399999999999999;;3,7573933425244337;3,760903881112306;;1,4140615596540802;1,0953476548461725
1,8499999999999999;;3,7827118358623193;3,7834066555469317;;1,4081030621529358;1,0915464737281637
1,8599999999999999;;3,808065735227628;3,8059064466295762;;1,4021604150625944;1,0877654333199855
1,87;;3,833453166721898;3,8284016235512843;;1,3962336995956588;1,0840043064033955
1,8800000000000001;;3,8588722466999315;3,850890556786098;;1,3903229947758322;1,080262867745951
1,8900000000000001;;3,8843210823109304;3,8733716185633607;;1,3844283774683628;1,0765408940927508
1,9;;3,9097977720455988;3,895843183338975;;1,3785499224101276;1,0728381641582916
1,91;;3,935300406288883;3,9183036282653285;;1,3726877022393542;1,0691544586184303
1,92;;3,9608270678780046;3,9407513336596;;1,366841787524987;1,065489560102452
1,9300000000000002;;3,9863758326654506;3,9631846834701547;;1,3610122467957022;1,061843253185237
1,94;;4,011944770086553;3,9856020657407525;;1,3551991465685742;1,0582153243795243
1,95;;4,037531943731322;4,008001873072277;;1,3494025513773973;1,0546055621282666
1,96;;4,06313541192015;4,03038250308171;;1,3436225238006692;1,0510137567970754
1,97;;4,08875322828304;4,052742358858076;;1,3378591244892368;1,0474397006667482
1,9800000000000002;;4,114383442341979;4,07507984941508;;1,3321124121936094;1,0438831879258779
1,9900000000000002;;4,140024100096082;4,0973933901401685;;1,3263824437909455;1,040344014663536
2,0;;4,1656732446091445;4,119681403239746;;1,320669274311711;1,036821978862032
2,01;;4,191328916599211;4,141942318180294;;1,3149729569660185;1,0333168803897375
2,02;;4,216989155029783;4,1641745721251135;;1,3092935431696495;1,0298285209939775
2,03;;4,24265199770228;4,186376610366452;;1,3036310825697615;1,0263567042939816
2,04;;4,268315481849399;4,208546886752774;;1,297985623070284;1,0229012357738918
2,0500000000000003;;4,2939776447289315;4,230683864110904;;1,2923572108570087;1,0194619227758235
2,06;;4,3196365242177075;4,252786014662827;;1,2867458904223776;1,0160385744929765
2,07;;4,345290159405262;4,274851820436901;;1,2811517045899667;1,0126310019627904
2,08;;4,370936591186816;4,29687977367326;;1,2755746945386774;1,0092390180601412
2,09;;4,396573862855226;4,318868377223176;;1,2700148998266343;1,0058624374905782
2,1;;4,422200020691495;4,340816144942175;;1,2644723584147897;1,0025010767835936
2,11;;4,44781311455347;4,362721602076686;;1,2589471066902467;0,9991547542859215
2,12;;4,473411198462349;4,384583285644033;;1,2534391794892925;0,9958232901548663
2,13;;4,498992331186608;4,406399744805559;;1,2479486101201596;0,9925065063516532
2,1399999999999997;;4,5245545768229976;4,4281695412327045;;1,2424754303855012;0,9892042266347986
2,15;;4,550096005374209;4,449891249465844;;1,2370196706046013;0,9859162765534979
2,16;;4,575614693322869;4,471563457265717;;1,2315813596353082;0,9826424834410253
2,17;;4,601108724201483;4,49318476595728;;1,226160524895703;0,9793826764081434
2,18;;4,62657618915797;4,51475379076582;;1,2207571923855032;0,976136686336519
2,19;;4,6520151875164455;4,536269161145159;;1,215371386707204;0,972904345872143
2,1999999999999997;;4,677423827332889;4,557729521097837;;1,2100031310869634;0,9696854894187493
2,21;;4,7028002259453645;4,579133529487103;;1,2046524473952287;0,9664799531312294
2,22;;4,728142510518447;4,600479860340589;;1,1993193561671123;0,9632875749090428
2,23;;4,7534488185815365;4,621767203145562;;1,194003876622518;0,9601081943896166
2,2399999999999998;;4,778717298560716;4,64299426313562;;1,1887060266860185;0,9569416529417321
2,25;5,281;4,803946110303859;4,664159761568724;0,333333333;1,18342582300649;0,9537877936588971
2,26;;4,829133425598652;4,6852624359964725;;1,1781632809765075;0,9506464613527011
2,27;;4,854277428683254;4,706301040524535;;1,1729184147514968;0,9475175025461464
2,2800000000000002;;4,879376316749271;4,727274346064133;;1,1676912372686552;0,9444007654669587
2,29;;4,9044283004367815;4,748181140574533;;1,1624817602656377;0,9412961000408704
2,3;;4,929431604321128;4,769020229296437;;1,15728999429901;0,9382033578848741
2,31;;4,954384467391194;4,78979043497625;;1,1521159487624786;0,9351223923004462
2,32;;4,979285143518914;4,810490598081144;;1,1469596319048925;0,9320530582667378
2,33;;5,0041319019197745;4,831119577004904;;1,1418210508480222;0,9289952124337255
2,34;;5,028923027604037;4,851676248264464;;1,1367002116041207;0,9259487131153299
2,35;;5,0536568218184845;4,872159506687197;;1,1315971190932639;0,9229134202824881
2,36;;5,078331602478425;4,8925682655888165;;1,12651177716048;0,9198891955561884
2,37;;5,102945704589795;4,912901456942001;;1,1214441885926614;0,9168759022004564
2,3800000000000003;;5,12749748066109;4,933158031535632;;1,1163943551352715;0,9138734051152982
2,39;;5,151985301104993;4,953336959124708;;1,1113622775088405;0,9108815708295936
2,4;;5,176407554629487;4,973437228570931;;1,1063479554252553;0,907900267493939
2,41;;5,200762648618268;4,993457847973959;;1,1013513876038497;0,90492936487344
2,42;;5,225049009500318;5,013397844793375;;1,0963725717872912;0,9019687343404493
2,4299999999999997;;5,2492650831084875;5,0332562659613895;;1,0914115047572708;0,8990182488672513
2,44;;5,2734093350269236;5,053032177986319;;1,0864681823499946;0,8960777830186885
2,45;;5,297480250927229;5,072724667046866;;1,0815425994714865;0,8931472129447326
2,46;;5,321476336893239;5,092332839077285;;1,0766347501126923;0,8902264163729954
2,4699999999999998;;5,34539611973429;5,111855819843457;;1,0717446273644007;0,8873152726011793
2,48;;5,36923814728689;5,131292755009958;;1,0668722234319725;0,8844136624894676
2,4899999999999998;;5,393000988704701;5,150642810198172;;1,06201752964989;0,8815214684528535
2,5;;5,416683234736768;5,16990517103555;;1,0571805364961164;0,8786385744534027
2,5100000000000002;;5,4402834979938985;5,189079043196063;;1,0523612336062815;0,8757648659924565
2,52;;5,4638004132031766;5,20816365243196;;1,0475596097876831;0,8729002301027667
2,53;;5,487232637450533;5,227158244596924;;1,0427756530331165;0,8700445553405673
2,54;;5,510578850411354;5,246062085660698;;1,0380093505345238;0,8671977317775782
2,55;;5,533837754569093;5,264874461715305;;1,0332606886964781;0,864359650992945
2,56;;5,557008075421884;5,283594678972977;;1,0285296531494892;0,8615302060651094
2,5700000000000003;;5,580088561677137;5,302222063755874;;1,0238162287631456;0,858709291563614
2,58;;5,603077985434143;5,3207559624777385;;1,019120399659089;0,8558968035408382
2,59;;5,625975142354676;5,339195741617595;;1,014442149223823;0,8530926395236674
2,6;;5,648778851821637;5,357540787685617;;1,0097814601213593;0,8502966985050936
2,6100000000000003;;5,671487957085771;5,375790507181295;;1,005138314305704;0,8475088809357479
2,62;;5,694101325400496;5,393944326544037;;1,0005126930331831;0,8447290887153658
2,63;;5,716617848144907;5,41200169209634;;0,9959045768746124;0,8419572251841838
2,64;;5,739036440935003;5,429962069979665;;0,9913139457273107;0,8391931951142684
2,65;;5,761356043723222;5,447824946083168;;0,98674077882696;0,836436904700778
2,6599999999999997;;5,783575620886351;5,465589825965424;;0,982185054759314;0,8336882615531575
2,67;;5,805694161301922;5,483256234769307;;0,9776467514717548;0,830947174686265
2,68;;5,827710678413141;5,500823717130145;;0,973125846284706;0,8282135545114345
2,69;;5,8496242102825295;5,518291837077351;;0,9686223159028924;0,8254873128274706
2,7;;5,871433819634309;5,5356601779296435;;0,96413613642646;0,8227683628115778
2,71;;5,893138593885713;5,552928342184037;;0,9596672833619512;0,8200566190102273
2,7199999999999998;;5,914737645167304;5,570095951398754;;0,9552157316331377;0,8173519973299577
2,73;;5,9362301103324775;5,587162646070222;;0,9507814555917138;0,814654415028113
2,74;;5,957615150956232;5,604128085504317;;0,9463644290278537;0,8119637907035192
2,75;7,063;5,978891953323418;5,62099194768202;0,833333333;0,9419646251806276;0,8092800442870981
2,76;;6,0000597284065655;5,637753929119649;;0,9375820167482871;0,806603097032421
2,77;;6,021117711833473;5,654413744723829;;0,9332165758984143;0,803932871506203
2,78;;6,042065163844724;5,670971127641376;;0,9288682742779407;0,8012692915787386
2,79;;6,062901369241282;5,687425829104252;;0,9245370830230343;0,7986122824142797
2,8000000000000003;;6,083625637322369;5,703777618269764;;0,9202229727688589;0,7959617704613573
2,81;;6,104237301813766;5,720026282056172;;0,9159259136592056;0,7933176834430481
2,82;;6,124735720786764;5,736171624973881;;0,9116458753559982;0,7906799503471871
2,83;;6,145120276567908;5,7522134689523705;;0,9073828270486745;0,7880485014165275
2,8400000000000003;;6,165390375639772;5,768151653163043;;0,9031367374634446;0,7854232681388497
2,85;;6,185545448532924;5,7839860338381515;;0,8989075748724276;0,7828041832370196
2,86;;6,205584949709296;5,7997164840859705;;0,8946953071026684;0,780191180658999
2,87;;6,225508357437163;5,815342893702383;;0,8904999015450357;0,7775841955678081
2,88;;6,245315173657934;5,830865168979046;;0,8863213251630021;0,7749831643314433
2,8899999999999997;;6,265004923844957;5,846283232508288;;0,88215954450131;0,7723880245127502
2,9000000000000004;;6,284577156854563;5,8615970229849275;;0,8780145256945197;0,7697987148592532
2,91;;6,304031444769527;5,876806495005131;;0,8738862344754501;0,7672151752929468
2,92;;6,323367382735235;5,891911618862533;;0,8697746361834997;0,7646373469000435
2,93;;6,342584588788665;5,906912380341704;;0,8656796957728636;0,762065171920687
2,94;;6,361682703680502;5,921808780509187;;0,8616013778206384;0,7594985937386282
2,9499999999999997;;6,3806613906905385;5,936600835502217;;0,8575396465348194;0,756937556870866
2,96;;6,399520335436614;5,95128857631531;;0,8534944657621903;0,7543820069572561
2,97;;6,418259245677294;5,965872048584828;;0,8494657989961107;0,7518318907500892
2,98;;6,436877851108527;5,9803513123717265;;0,8454536093841947;0,7492871561036376
2,9899999999999998;;6,455375903154485;5,994726441942592;;0,84145785973589;0,7467477519636773
3,0;;6,47375317475282;6,0089975255491295;;0,8374785125299538;0,7442136283569808
3,01;;6,492009460134538;6,0231646652062345;;0,833515529921829;0,7416847363807897
3,02;;6,510144574598744;6,037227976468819;;0,82956887375092;0,7391610281922613
3,0300000000000002;;6,52815835428244;6,051187588207491;;0,8256385055477712;0,736642456997897
3,04;;6,546050655925621;6,065043642383256;;0,8217243865411475;0,7341289770429519
3,05;;6,563821356631876;6,078796293821357;;0,8178264776650203;0,7316205436008263
3,06;;6,581470353624711;6,092445709984398;;0,8139447395654573;0,7291171129624433
3,0700000000000003;;6,598997563999813;6,105992070744868;;0,8100791326074197;0,7266186424256131
3,08;;6,616402924473459;6,1194355681572015;;0,8062296168814665;0,7241250902843857
3,09;;6,633686391127296;6,132776406229496;;0,8023961522103674;0,7216364158183938
3,1;;6,650847939149693;6,146014800695007;;0,7985786981556251;0,7191525792821891
3,11;;6,667887562573869;6,159150978783544;;0,794777214023909;0,7166735418945716
3,1199999999999997;;6,6848052740130095;6,172185178992877;;0,7909916588734004;0,7141992658279156
3,1300000000000003;;6,70160110439258;6,185117650860276;;0,7872219915200493;0,711729714197493
3,1399999999999997;;6,718275102680016;6,197948654734278;;0,783468170543749;0,7092648510507981
3,15;;6,734827335612023;6,210678461546813;;0,7797301542944189;0,7068046413568697
3,16;;6,751257887419635;6,223307352585773;;0,7760079008980116;0,7043490509956228
3,17;;6,767566859551279;6,235835619268133;;0,7723013682624292;0,7018980467471791
3,18;;6,7837543703939795;6,248263562913727;;0,7686105140833623;0,6994515962812086
3,19;;6,799820554992941;6,260591494519775;;0,7649352958500463;0,697009668146278
3,2;;6,815765564769653;6,272819734536245;;0,7612756708509376;0,6945722317592108
3,2099999999999995;;6,8315895672387175;6,284948612642154;;0,7576315961793113;0,6921392573944589
3,2199999999999998;;6,847292745723579;6,296978467522887;;0,754003028738779;0,6897107161734879
3,2300000000000004;;6,862875299071316;6,308909646648629;;0,7503899252487316;0,6872865800541788
3,2399999999999998;;6,878337441366664;6,320742506053964;;0,7467922422497055;0,6848668218202486
3,25;9,594;6,893679401645482;6,3324774101187735;0,416666667;0,743209936108669;0,6824514150706852
3,26;;6,908901423607736;6,344114731350449;;0,7396429630242418;0,6800403342092101
3,27;;6,924003765330261;6,355654850167544;;0,7360912790318339;0,6776335544337576
3,2800000000000002;;6,938986698979383;6,367098154684902;;0,7325548400087156;0,675231051725982
3,29;;6,9538505105235835;6,378445040500346;;0,7290336016790145;0,6728328028407884
3,3000000000000003;;6,96859549944636;6,389695910482995;;0,7255275196186415;0,6704387852958927
3,3099999999999996;;6,983221978459412;6,400851174563258;;0,7220365492601466;0,6680489773614094
3,32;;6,9977302732163;6,411911249524581;;0,718560645897505;0,6656633580494702
3,3300000000000005;;7,01212072202672;6,422876558796997;;0,7150997646908365;0,6632819071038755
3,34;;7,026393675571522;6,433747532252526;;0,711653860671055;0,6609046049897793
3,35;;7,0405494966186035;6,444524606002503;;0,7082228887444513;0,6585314328834082
3,36;;7,054588559739799;6,455208222196847;;0,7048068036972124;0,656162372661819
3,37;;7,068511251028899;6,465798828825356;;0,7014055601998727;0,6537974068926926
3,38;;7,0823179678209;6,4762968795210405;;0,6980191128117019;0,6514365188241692
3,39;;7,096009118412621;6,486702833365561;;0,6946474159850301;0,6490796923747227
3,4000000000000004;;7,10958512178478;6,4970171546968025;;0,6912904240695075;0,6467269121230792
3,4099999999999997;;7,1230464073256385;6,507240312918614;;0,6879480913163061;0,6443781632981779
3,42;;7,136393414556337;6,517372782312767;;0,6846203718822536;0,6420334317691767
3,4299999999999997;;7,149626592857977;6,527415041853143;;0,6813072198339154;0,6396927040355069
3,44;;7,162746401200612;6,537367575022209;;0,678008589151608;0,6373559672169714
3,45;;7,175753307874157;6,547230869629778;;0,6747244337333594;0,6350232090438954
3,46;;7,188647790221389;6,557005417634113;;0,6714547073988077;0,6326944178473252
3,47;;7,201430334373054;6,566691714965372;;0,6681993638930435;0,630369582549278
3,4799999999999995;;7,214101434985197;6,5762902613514305;;0,6649583568903946;0,6280486926530461
3,49;;7,22666159497879;6,5858015601461055;;0,6617316399981544;0,6257317382335521
3,5000000000000004;;7,23911132528172;6,595226118159781;;0,6585191667602561;0,6234187099277615
3,51;;7,251451144573213;6,60456444549247;;0,6553208906608898;0,6211095989251486
3,52;;7,26368157903077;6,613817055369333;;0,6521367651280648;0,6188043969582196
3,53;;7,275803162079653;6,622984463978627;;0,648966743537123;0,6165030962930962
3,54;;7,2878164341450145;6,632067190312145;;0,6458107792141932;0,6142056897201537
3,55;;7,299721942406701;6,641065756008129;;0,6426688254395969;0,6119121705447224
3,56;;7,311520240556794;6,649980685196661;;0,639540835451202;0,6096225325778478
3,5700000000000003;;7,323211888559939;6,658812504347555;;0,6364267624477238;0,6073367701271132
3,58;;7,334797452416512;6,667561742120735;;0,6333265595919776;0,6050548779875243
3,5900000000000003;;7,346277503928658;6,67622892921912;;0,6302401800140801;0,6027768514324577
3,5999999999999996;;7,3576526204692465;6,68481459824401;;0,6271675768146027;0,600502686204673
3,61;;7,368923384753803;6,6933192835529605;;0,624108703067674;0,5982323785073893
3,62;;7,380090384615402;6,701743521120164;;0,6210635118240388;0,5959659249954301
3,63;;7,391154212782618;6,710087848399332;;0,6180319561140646;0,5937033227664305
3,64;;7,402115466660509;6,7183528041890535;;0,6150139889507041;0,5914445693521146
3,65;;7,412974748114683;6,726538928500658;;0,612009563332412;0,5891896627096402
3,66;;7,423732663258487;6,734646762428541;;0,6090186322460137;0,5869386012130108
3,6700000000000004;;7,4343898222433;6,742676848022972;;0,6060411486695312;0,5846913836445574
3,6799999999999997;;7,4449468390519895;6,750629728165355;;0,6030770655749648;0,5824480091864912
3,6900000000000004;;7,455404331295532;6,7585059464459585;;0,6001263359310259;0,5802084774125226
3,6999999999999997;;7,465762920012786;6,766306047044062;;0,5971889127058362;0,577972788279558
3,71;;7,476023229473499;6,77403057461056;;0,5942647488695716;0,5757409421194588
3,7199999999999998;;7,486185886984469;6,781680074152955;;0,591353797397075;0,5735129396308809
3,73;;7,496251522698938;6,7892550909227705;;0,5884560112704201;0,5712887818711795
3,74;;7,506220769429196;6,796756170305344;;0,5855713434814371;0,5690684702483919
3,75;10,5;7,516094262462389;6,804183857711991;0,583333333;0,5826997470341964;0,5668520065132895
3,7600000000000002;;7,52587263937956;6,811538698474528;;0,5798411749474527;0,5646393927515055
3,7699999999999996;;7,535556539877884;6,818821237742123;;0,5769955802570491;0,5624306313757357
3,7800000000000002;;7,545146605596151;6,82603202038048;;0,5741629160182817;0,5602257251180126
3,7900000000000005;;7,554643479943414;6,833171590873306;;0,5713431353082262;0,558024677022056
3,8;;7,56404780793088;6,840240493226072;;0,5685361912280251;0,555827490435697
3,81;;7,573360236006977;6,847239270872031;;0,5657420369051378;0,5536341690033757
3,82;;7,582581411895608;6,854168466580469;;0,5629606254955535;0,5514447166587172
3,83;;7,591711984437586;6,861028622367186;;0,5601919101859667;0,5492591376171806
3,84;;7,600752603435227;6,867820279407165;;0,5574358441959171;0,5470774363687848
3,85;;7,609703919500094;6,874543977949417;;0,5546923807798926;0,5448996176709092
3,8600000000000003;;7,618566583903877;6,881200257233977;;0,5519614732293974;0,5427256865411714
3,8699999999999997;;7,627341248432382;6,88778965541103;;0,5492430748749854;0,5405556482503802
3,88;;7,636028565242628;6,894312709462147;;0,5465371390882576;0,5383895083155645
3,8899999999999997;;7,644629186723019;6,9007699551235815;;0,5438436192838283;0,5362272724930803
3,9;;7,653143765356576;6,907161926811647;;0,5411624689212532;0,5340689467717908
3,91;;7,6615729535872035;6,91348915755011;;0,5384936415069286;0,5319145373663265
3,92;;7,669917403688981;6,919752178899594;;0,535837090595955;0,5297640507104182
3,93;;7,678177767638435;6,925951520888962;;0,5331927697939692;0,5276174934503091
3,94;;7,686354696989789;6,932087711948661;;0,5305606327589445;0,5254748724382415
3,95;;7,694448842753142;6,938161278845986;;0,5279406332029586;0,523336194726021
3,9600000000000004;;7,702460855275578;6,944172746622259;;0,525332724893931;0,5212014675586556
3,9699999999999998;;7,71039138412515;6,950122638531876;;0,52273686165733;0,5190706983680728
3,9800000000000004;;7,718241077977738;6,95601147598321;;0,5201529973778461;0,5169438947669098
3,9899999999999998;;7,726010584506722;6,9618397784813375;;0,5175810860010428;0,5148210645423844
4,0;;7,733700550275478;6,967608063572566;;0,5150210815349666;0,5127022156502357
4,01;;7,741311620632624;6,973316846790729;;0,5124729380517393;0,5105873562087464
4,02;;7,748844439610033;6,97896664160523;;0,5099366096891133;0,5084764944928359
4,03;;7,756299649823534;6,9845579593707985;;0,5074120506520017;0,5063696389282321
4,04;;7,763677892376301;6,99009130927895;;0,5048992152139806;0,504266798085716
4,05;;7,7709798067649025;6,995567198311091;;0,5023980577187619;0,5021679806754428
4,06;;7,778206030787939;7,0009861311932875;;0,4999085325816397;0,5000731955413372
4,07;;7,785357200457288;7,006348610352617;;0,4974305942909097;0,4979824516555626
4,08;;7,792433949911879;7,011655135875129;;0,4949641974092621;0,49589575811306585
4,09;;7,7994369113339905;7,016906205465347;;0,49250929657514714;0,49381312412619455
4,1000000000000005;;7,806366714868035;7,022102314407306;;0,4900658465041152;0,491734559019389
4,109999999999999;;7,813223988541772;7,027243955527103;;0,48763380199013234;0,4896600722239478
4,12;;7,820009358189957;7,032331619156912;;0,48521311790686716;0,48758967327286434
4,130000000000001;;7,826723447380343;7,037365793100459;;0,4828037492089575;0,48552337179574
4,14;;7,833366877342046;7,042346962599925;;0,4804056509332489;0,48346117751376655
4,15;;7,839940266896207;7,047275610304235;;0,478018778200008;0,4814031002347806
4,16;;7,846444232388923;7,052152216238737;;0,4756430862141164;0,4793491498483933
4,17;;7,85287938762643;7,056977257776218;;0,4732785302662359;0,4772993363211871
4,18;;7,859246343812473;7,061751209609248;;0,4709250657339533;0,47525366969198674
4,19;;7,865545709487853;7,066474543723813;;0,4685826480829002;0,47321216006719874
4,2;;7,8717780904721;7,071147729374227;;0,466251232867853;0,4711748176162239
4,21;;7,877944089807244;7,075771233059283;;0,4639307757338058;0,4691416525669357
4,22;;7,884044307703647;7,080345518499633;;0,46162123241702574;0,46711267520123223
4,2299999999999995;;7,890079341487864;7,084871046616357;;0,4593225587460829;0,46508789585065446
4,24;;7,896049785552488;7,089348275510707;;0,4570347106428613;0,4630673248920745
4,25;16,5;7,901956231307958;7,0937776604449985;0,333333333;0,45475764412354663;0,4610509727434519
4,26;;7,907799267136282;7,098159653824624;;0,45249131529959397;0,45903884985965665
4,2700000000000005;;7,91357947834665;7,10249470518117;;0,4502356803786735;0,4570309667283605
4,279999999999999;;7,919297447132893;7,106783261156603;;0,4479906956655989;0,45502733386599653
4,29;;7,9249537525327725;7,111025765488517;;0,44575631756323;0,45302796181378047
4,3;;7,9305489703890295;7,115222658996395;;0,44353250257336196;0,45103286113380425
4,31;;7,936083673312202;7,119374379568905;;0,44131920729758994;0,44904204240518975
4,32;;7,9415584306451565;7,123481362152145;;0,43911638843815576;0,44705551622030987
4,33;;7,946973808429278;7,127544038738878;;0,43692400279877713;0,4450732931810749
4,34;;7,95233036937234;7,131562838358692;;0,43474200728545526;0,44309538389528047
4,35;;7,95762867281796;7,1355381870690815;;0,4325703589072658;0,44112179897302106
4,36;;7,9628692747166605;7,139470507947421;;0,43040901477713006;0,43915254902316514
4,37;;7,9680527275984545;7,1433602210838245;;0,42825793211256996;0,4371876446498946
4,38;;7,973179580546969;7,147207743574845;;0,42611706823644285;0,43522709644930396
4,390000000000001;;7,978250379175039;7,151013489518016;;0,42398638057765997;0,4332709150060623
4,3999999999999995;;7,983265665601755;7,154777870007199;;0,4218658266718882;0,43131911089013686
4,41;;7,988225978430947;7,158501293128734;;0,4197553641622319;0,42937169465357433
4,42;;7,993131852731031;7,162184163958348;;0,417654950799902;0,4274286768273462
4,43;;7,997983820016236;7,165826884558828;;0,4155645444448644;0,4254900679182498
4,44;;8,002782408229159;7,169429853978421;;0,41348410306647365;0,42355587840586917
4,45;;8,007528141724595;7,172993468249952;;0,41141358474409206;0,4216261187395968
4,46;;8,012221541254673;7,176518120390634;;0,4093529476676886;0,4197007993357085
4,47;;8,016863123955194;7,1800042004025615;;0,40730215013842636;0,41777993057449986
4,4799999999999995;;8,021453403333203;7,183452095273852;;0,40526115056923157;0,41586352279747657
4,49;;8,025992889255733;7,186862188980441;;0,4032299074853488;0,41395158630460277
4,5;;8,0304820879397;7,190234862488489;;0,4012083795248806;0,41204413135160395
4,51;;8,034921501942927;7,193570493757404;;0,39919652543931133;0,410141168147325
4,52;;8,039311630156261;7,196869457743446;;0,39719430409401746;0,40824270685114283
4,53;;8,043652967796772;7,200132126403907;;0,3952016744687629;0,4063487575704338
4,54;;8,047946006401963;7,203358868701844;;0,3932185956581807;0,40445933035809367
4,55;;8,052191233825036;7,206550050611356;;0,3912450268722385;0,4025744352101104
4,5600000000000005;;8,056389134231123;7,209706035123379;;0,3892809274366928;0,4006940820631898
4,569999999999999;;8,060540188094485;7,212827182251989;;0,3873262567935281;0,39881828079243337
4,58;;8,064644872196657;7,215913849041206;;0,3853809745013814;0,39694704120906527
4,590000000000001;;8,068703659625498;7,218966389572258;;0,38344504023595666;0,3950803730582134
4,6;;8,07271701977513;7,221985154971326;;0,3815184137904229;0,3932182860167379
4,61;;8,076685418346754;7,2249704934177235;;0,3796010550757998;0,39136078969110905
4,62;;8,080609317350294;7,227922750152516;;0,37769292412133326;0,3895078936153375
4,63;;8,08448917510686;7,230842267487556;;0,3757939810748548;0,3876596072489489
4,64;;8,088325446252012;7,233729384814927;;0,3739041862031306;0,38581593997500924
4,65;;8,092118581739788;7,236584438616775;;0,3720234998921976;0,3839769010981963
4,66;;8,095869028847485;7,239407762475523;;0,37015188264768856;0,3821424998429192
4,67;;8,09957723118117;7,24219968708445;;0,36828929509514363;0,38031274535148235
4,68;;8,103243628681888;7,244960540258619;;0,36643569798031145;0,37848764668229723
4,6899999999999995;;8,10686865763257;7,247690646946151;;0,3645910521694379;0,37666721280813786
4,7;;8,11045275066557;7,250390329239823;;0,3627553186495443;0,37485145261444197
4,71;;8,113996336770901;7,253059906388988;;0,36092845852869426;0,37304037489765624
4,72;;8,117499841305035;7,2556996948117884;;0,3591104330362485;0,37123398836362415
4,73;;8,120963686000355;7,2583100081076735;;0,3573012035231094;0,3694323016260178
4,74;;8,124388288975146;7,260891157070192;;0,35550073146195643;0,3676353232048136
4,75;17,688;8,12777406474419;7,263443449700058;0,333333333;0,35370897844746735;0,3658430615248063
4,760000000000001;;8,131121424229885;7,265967191218474;;0,3519259061965328;0,3640555249141682
4,77;;8,1344307747739;7,268462684080706;;0,35015147654845874;0,36227272160304824
4,78;;8,137702520149338;7,270930227989895;;0,3483856514651578;0,36049465972220957
4,79;;8,140937060573378;7,2733701199111;;0,346628393031334;0,35872134730171085
4,8;;8,144134792720426;7,275782654085549;;0,3448796634546541;0,35695279226962334
4,81;;8,147296109735686;7,27816812204512;;0,34313942506591116;0,3551890024507891
4,82;;8,150421401249197;7,280526812627003;;0,341407640319178;0,35342998556561617
4,83;;8,153511053390286;7,2828590119885535;;0,3396842717919524;0,3516757492289136
4,84;;8,156565448802432;7,28516500362234;;0,33796928218529115;0,3499263009487613
4,8500000000000005;;8,159584966658525;7,287445068371352;;0,33626263432393644;0,34818164812541874
4,859999999999999;;8,1625699826765;7,289699484444376;;0,3345642911564335;0,3464417980502696
4,87;;8,165520869135344;7,2919285274315255;;0,332874215755237;0,34470675790480076
4,88;;8,16843799489144;7,294132470319921;;0,3311923713168132;0,34297653475961953
4,89;;8,171321725395252;7,296311583509505;;0,32951872116172887;0,3412511355735033
4,9;;8,174172422708338;7,298466134828991;;0,3278532287347344;0,33953056719248403
4,91;;8,176990445520655;7,300596389551936;;0,3261958576048388;0,3378148363489684
4,92;;8,179776149168172;7,302702610412925;;0,32454657146537513;0,3361039496608887
4,93;;8,182529885650753;7,304785057623871;;0,3229053341340587;0,33439791363088867
4,9399999999999995;;8,185252003650321;7,306843988890411;;0,3212721095530371;0,3326967346455407
4,95;;8,187942848549266;7,308879659428399;;0,31964686178893315;0,33100041897459614
4,96;;8,190602762449094;7,310892321980488;;0,31802955503287944;0,3293089727702661
4,97;;8,193232084189331;7,312882226832791;;0,31642015360054515;0,3276224020665335
4,9799999999999995;;8,195831149366613;7,314849621831614;;0,31481862193215593;0,3259407127784958
4,99;;8,198400290354021;7,3167947524002726;;0,3132249245925069;0,3242639107017386
5,0;;8,200939836320575;7,318717861555949;;0,31163902627096735;0,32259200151173795
5,01;;8,20345011325095;7,320619189926622;;0,3100608917814792;0,32092499076329195
5,0200000000000005;;8,205931443965351;7,322498975768045;;0,30849048606254764;0,31926288388998136
5,029999999999999;;8,208384148139551;7,324357454980762;;0,30692777417722705;0,31760568620366003
5,04;;8,210808542325095;7,326194861127177;;0,30537272131309634;0,3159534028939692
5,050000000000001;;8,213204939969648;7,328011425448637;;0,303825292782232;0,31430603902788445
5,06;;8,215573651437477;7,329807376882572;;0,30228545402117174;0,31266359954928613
5,07;;8,217914984030056;7,331582942079634;;0,30075317059087187;0,31102608927855624
5,08;;8,220229242006802;7,33333834542087;;0,2992284081766604;0,3093935129122049
5,09;;8,222516726605908;7,335073809034905;;0,29771113258818166;0,30776587502251856
5,1;;8,224777736065294;7,336789552815139;;0,2962013097593358;0,30614318005723606
5,11;;8,227012565643623;7,33848579443694;;0,29469890574821206;0,30452543233924817
5,12;;8,22922150764143;7,340162749374851;;0,29320388673701697;0,30291263606632374
5,13;;8,231404851422317;7,341820630919789;;0,2917162190319951;0,30130479531085697
5,140000000000001;;8,233562883434209;7,343459650196228;;0,2902358690633456;0,2997019140196409
5,1499999999999995;;8,235695887230682;7,345080016179387;;0,2887628033851323;0,2981039960136634
5,16;;8,237804143492344;7,346681935712394;;0,28729698867518827;0,29651104498792474
5,17;;8,23988793004826;7,348265613523432;;0,2858383917350161;0,294923064511281
5,18;;8,241947521897416;7,349831252242861;;0,28438697948968084;0,2933400580263056
5,19;;8,243983191230223;7,351379052420324;;0,28294271898769935;0,29176202884917557
5,2;;8,245995207450044;7,352909212541812;;0,2815055774009238;0,2901889801695779
5,21;;8,24798383719474;7,354421929046702;;0,2800755220244203;0,28862091505063703
5,220000000000001;;8,249949344358239;7,355917396344765;;0,27865252027634235;0,28705783642886323
5,2299999999999995;;8,251891990112098;7,357395806833123;;0,27723653969779966;0,28549974711412135
5,24;;8,253812032927089;7,358857350913177;;0,2758275479527216;0,283946649789618
5,25;20,313;8,255709728594764;7,360302217007483;0,416666667;0,2744255128277171;0,2823985470119118
5,26;;8,257585330249027;7,361730591576582;;0,2730304022319284;0,2808554412109382
5,27;;8,259439088387676;7,363142659135787;;0,27164218419688135;0,27931733469005676
5,28;;8,261271250893945;7,364538602271905;;0,27026082687633074;0,27778422962611515
5,29;;8,263082063058008;7,365918601659915;;0,2688862985461014;0,27625612806953176
5,3;;8,264871767598468;7,367282836079588;;0,26751856760392495;0,2747330319443963
5,3100000000000005;;8,266640604683802;7,368631482432038;;0,266157602569272;0,2732149430485875
5,319999999999999;;8,268388811953772;7,369964715756223;;0,2648033720831811;0,27170186305390825
5,33;;8,270116624540801;7,371282709245373;;0,26345584490808194;0,2701937935062366
5,34;;8,271824275091298;7,372585634263362;;0,2621149899276168;0,2686907358256957
5,35;;8,273511993786931;7,3738736603609984;;0,2607807761464559;0,2671926913068365
5,36;;8,275180008365858;7,3751469552922595;;0,25945317269011015;0,26569966111883897
5,37;;8,27682854414388;7,376405685030444;;0,2581321488047396;0,2642116463057275
5,38;;8,278457824035558;7,377650013784257;;0,25681767385695853;0,26272864778660215
5,390000000000001;;8,280068068575245;7,378880104013819;;0,2555097173336364;0,2612506663558843
5,4;;8,281659495938065;7,380096116446594;;0,2542082488416959;0,2597777026835772
5,41;;8,283232321960815;7,3812982100932425;;0,25291323810790656;0,25830975731554096
5,42;;8,284786760162786;7,382486542263401;;0,25162465497867575;0,25684683067378117
5,43;;8,28632302176652;7,383661268581367;;0,25034246941983596;0,2553889230567515
5,4399999999999995;;8,287841315718481;7,38482254300171;;0,24906665151642876;0,25393603463966957
5,45;;8,289341848709636;7,385970517824803;;0,2477971714724849;0,2524881654748457
5,46;;8,290824825195969;7,387105343712253;;0,24653399961080333;0,251045315492026
5,47;;8,292290447418884;7,388227169702267;;0,24527710637272407;0,24960748449874556
5,48;;8,293738915425532;7,389336143224912;;0,24402646231790026;0,24817467218069592
5,489999999999999;;8,295170427089047;7,390432410117296;;0,24278203812406668;0,24674687810210402
5,5;;8,29658517812868;7,3915161146386605;;0,24154380458680422;0,24532410170612198
5,510000000000001;;8,297983362129829;7,392587399485377;;0,24031173261930402;0,24390634231523084
5,52;;8,299365170563988;7,393646405805856;;0,2390857932521256;0,24249359913165233
5,53;;8,300730792808583;7,394693273215365;;0,2378659576329546;0,241085871237774
5,54;;8,3020804161667;7,3957281398107515;;0,2366521970263569;0,23968315759658415
5,55;;8,303414225886721;7,396751142185073;;0,23544448281353017;0,23828545705211743
5,56;;8,304732405181843;7,397762415442133;;0,23424278649205282;0,2368927683299105
5,57;;8,306035135249493;7,3987620932109275;;0,23304707967563063;0,23550509003746795
5,58;;8,307322595290627;7,399750307659979;;0,23185733409384052;0,2341224206647377
5,59;;8,30859496252893;7,400727189511601;;0,23067352159187232;0,23274475858459612
5,6000000000000005;;8,309852412229892;7,40169286805604;;0,22949561413026778;0,23137210205334224
5,609999999999999;;8,311095117719768;7,402647471165539;;0,22832358378465767;0,23000444921120133
5,62;;8,31232325040443;7,40359112530829;;0,22715740274549562;0,22864179808283616
5,63;;8,313536979788108;7,404523955562304;;0,22599704331779197;0,22728414657786944
5,64;;8,314736473491987;7,405446085629166;;0,2248424779208425;0,22593149249141126
5,65;;8,31592189727272;7,406357637847707;;0,22369367908795718;0,22458383350459715
5,66;;8,317093415040796;7,40725873320756;;0,22255061946618615;0,22324116718513312
5,67;;8,318251188878797;7,408149491362638;;0,2214132718160437;0,2219034909878486
5,680000000000001;;8,319395379059527;7,409030030644491;;0,2202816090112302;0,22057080225525671
5,6899999999999995;;8,320526144064027;7,409900468075584;;0,21915560403835238;0,2192430982181223
5,7;;8,321643640599467;7,410760919382458;;0,2180352299966409;0,21792037599603595
5,71;;8,322748023616894;7,4116114990088;;0,21692046009766805;0,21660263259799709
5,72;;8,323839446328892;7,412452320128416;;0,21581126766506095;0,21528986492300103
5,7299999999999995;;8,32491806022708;7,413283494658096;;0,2147076261342153;0,2139820697606347
5,74;;8,32598401509951;7,4141051332703825;;0,21360950905200565;0,21267924379167705
5,75;18,375;8,32703745904792;7,414917345406244;0,333333333;0,21251689007649613;0,21138138358870773
5,76;;8,328078538504881;7,41572023928764;;0,2114297429766472;0,21008848561671908
5,7700000000000005;;8,329107398250796;7,41651392192999;;0,2103480416320225;0,20880054623373578
5,779999999999999;;8,330124181430786;7,417298499154548;;0,20927176003249354;0,20751756169143942
5,79;;8,331129029571445;7,418074075600664;;0,20820087227794243;0,2062395281357979
5,800000000000001;;8,332122082597463;7,418840754737963;;0,20713535257796492;0,20496644160770183
5,81;;8,333103478848127;7,419598638878409;;0,20607517525156993;0,20369829804360406
5,82;;8,334073355093688;7,4203478291882785;;0,20502031472687826;0,20243509327616419
5,83;;8,335031846551603;7,421088425700028;;0,2039707455408212;0,2011768230348995
5,84;;8,335979086902652;7,421820527324075;;0,20292644233883653;0,1999234829468388
5,8500000000000005;;8,336915208306921;7,422544231860466;;0,2018873798745636;0,19867506853718112
5,86;;8,337840341419657;7,423259636010453;;0,20085353300953743;0,19743157522995886
5,87;;8,338754615406994;7,423966835387971;;0,19982487671288138;0,1961929983487046
5,88;;8,33965815796156;7,424665924531018;;0,19880138606099884;0,1949593331171222
5,89;;8,340551095317943;7,425356996912933;;0,19778303623726368;0,19373057465976135
5,8999999999999995;;8,341433552268036;7,426040144953585;;0,19676980253170975;0,19250671800269592
5,91;;8,34230565217625;7,4267154600304535;;0,19576166034071885;0,1912877580742051
5,92;;8,343167516994605;7,427383032489623;;0,19475858516670905;0,19007368970545974
5,93;;8,344019267277686;7,428042951656675;;0,19376055261782013;0,18886450763120918
5,94;;8,344861022197481;7,428695305847484;;0,19276753840759947;0,18766020649047305
5,949999999999999;;8,345692899558083;7,429340182378917;;0,19177951835468673;0,18646078082723538
5,96;;8,346515015810269;7,429977667579445;;0,19079646838249692;0,18526622509114082
5,970000000000001;;8,347327486065952;7,430607846799649;;0,18981836451890435;0,18407653363819534
5,9799999999999995;;8,34813042411251;7,431230804422638;;0,18884518289592364;0,18289170073146693
5,99;;8,348923942426977;7,431846623874372;;0,18787689974939095;0,18171172054178986
6,0;;8,349708152190134;7,432455387633887;;0,1869134914186456;0,18053658714847237
6,01;;8,350483163300446;7,433057177243435;;0,18595493434620858;0,179366294540004
6,02;;8,351249084387886;7,433652073318521;;0,18500120507746218;0,17820083661476663
6,03;;8,35200602282765;7,434240155557859;;0,1840522802603284;0,1770402071817468
6,04;;8,35275408475372;7,434821502753222;;0,18310813664494674;0,17588439996124988
6,05;;8,353493375072327;7,435396192799214;;0,18216875108335123;0,17473340858561584
6,0600000000000005;;8,354223997475279;7,435964302702944;;0,18123410052914712;0,1735872265999363
6,069999999999999;;8,354946054453169;7,4365259085936115;;0,1803041620371871;0,1724458474627735
6,08;;8,35565964730847;7,437081085731999;;0,17937891276324608;0,17130926454687945
6,09;;8,356364876168493;7,43762990851988;;0,17845832996369754;0,17017747113991813
6,1;;8,35706183999824;7,438172450509333;;0,1775423909951868;0,1690504604451866
6,11;;8,357750636613126;7,438708784411971;;0,17663107331430578;0,16792822558233847
6,12;;8,358431362691588;7,439238982108082;;0,17572435447726653;0,16681075958810782
6,13;;8,359104113787572;7,4397631146556815;;0,17482221213957455;0,16569805541703372
6,140000000000001;;8,359768984342903;7,440281252299475;;0,17392462405570167;0,1645901059421857
6,15;;8,360426067699539;7,440793464479742;;0,17303156807875864;0,16348690395588938
6,16;;8,361075456111706;7,441299819841127;;0,1721430221601674;0,16238844217045295
6,17;;8,361717240757915;7,441800386241348;;0,17125896434933305;0,16129471321889374
6,18;;8,362351511752868;7,442295230759821;;0,17037937279331547;0,1602057096556651
6,1899999999999995;;8,362978358159248;7,442784419706198;;0,1695042257365008;0,15912142395738366
6,2;;8,36359786799939;7,443268018628827;;0,16863350152027237;0,15804184852355585
6,21;;8,364210128266846;7,44374609232312;;0,16776717858268236;0,15696697567730625
6,22;;8,364815224937827;7,444218704839846;;0,1669052354581218;0,15589679766610354
6,23;;8,365413242982546;7,444685919493341;;0,16604765077699168;0,15483130666248784
6,239999999999999;;8,36600426637644;7,445147798869633;;0,1651944032653734;0,15377049476479748
6,25;25,063;8,36658837811128;7,445604404834489;0,083333333;0,16434547174469863;0,1527143539978946
