;x D2;x Harissons D2 NGD;x Harissons D2 AGD;y D2;y Harissons D2 NGD;y Harissons D2 AGD
0,0;1,5;1,5;1,5;2,5;2,5;2,5
0,01;;1,5133176960219543;1,4335807836189036;;2,486900220921454;2,487506179960947
0,02;;1,5267108020212061;1,4466385792236327;;2,4739480876163453;2,4788884456126623
0,03;;1,540178985958126;1,4598269793466754;;2,4611415782548485;2,4703037562515675
0,04;;1,5537219011351715;1,4731870881223101;;2,4484786994467247;2,461748854868607
0,05;;1,5673391861218413;1,4868396999160505;;2,4359574858399777;2,4532178256412154
0,06;;1,581030464684524;1,5017031615579284;;2,423575999725176;2,4446952138255966
0,06999999999999999;;1,5947953457213513;1,5116031900866274;;2,4113323306453625;2,43620457320384
0,08;;1,608633423202175;1,524076274209136;;2,39922459501147;2,427875986729678
0,09;;1,6225442761137767;1,5370043924070187;;2,3872509357231655;2,419624429130962
0,1;;1,6365274684104223;1,5501471010709256;;2,375409521795048;2,4114341538827984
0,11;;1,6505825489698687;1,5634358662367698;;2,3636985479881245;2,403298615267949
0,12;;1,6647090515549299;1,5768417858699768;;2,352116234446488;2,395214131237896
0,13;;1,6789064947807044;1,590349889195542;;2,3406608263391235;2,387178285096332
0,13999999999999999;;1,6931743820875673;1,6039513382936252;;2,3293305935067723;2,3791893321928894
0,15;;1,7075122017200206;1,6176404064676675;;2,31812383011378;2,3712459284760565
0,16;;1,7219194267115039;1,6314131077143197;;2,3070388543048623;2,3633469885411125
0,16999999999999998;;1,7363955148752506;1,6452665020762345;;2,2960740078667152;2,355491604105241
0,18;;1,750939908801286;1,6591983131213253;;2,2852276558944;2,347678993809185
0,19;;1,7655520358596444;1,6732067032719846;;2,274498186462442;2,3399084705942332
0,2;;1,7802313082098968;1,6872901348512348;;2,263884010300569;2,3321794195671126
0,21;;1,7949771228170617;1,701447280425074;;2,2533835604740307;2,3244912824417723
0,22;;1,809788861473976;1,7156769628695703;;2,242995292068429;2,316843546277309
0,22999999999999998;;1,8246658908301974;1,7299781140884296;;2,2327176818789987;2,3092357351198523
0,24;;1,8396075624275041;1,7443497458360913;;2,2225492281042736;2,301667403665288
0,25;1,167;1,8546132127420574;1,7587909286316037;1,666666667;2,212488450044079;2,2941381323639667
0,26;;1,8696821632332823;1,7733007762199835;;2,202533887801786;2,286647523577028
0,27;;1,8848137203995243;1,787878433923892;;2,1926841019907712;2,2791951985145023
0,27999999999999997;;1,9000071758405277;1,8025230697787014;;2,1829376734450174;2,271780794764544
0,29;;1,9152618063267843;1,8172338676950472;;2,1732932029338032;2,2644039642764664
0,3;;1,9305768738757922;1,8320100221223803;;2,163749310880419;2,25706437169692
0,31;;1,9459516258352572;1,846850733840239;;2,1543046370848526;2,249761692984287
0,32;;1,96138529497327;1,8617552066082832;;2,144957840450393;2,242495614244714
0,33;;1,9768770995754856;1,8767226444784504;;2,135707598714089;2,235265830746517
0,33999999999999997;;1,9924262435493199;1,891752249623522;;2,1265526081810195;2,2280720460794803
0,35000000000000003;;2,008031916535186;1,9068432205727965;;2,117491583462309;2,2209139714328696
0,36;;2,0236932940247696;1,9219947507719473;;2,108523257216844;2,2137913249714725
0,37;;2,0394095374863594;1,9372060274034903;;2,0996463798966385;2,206703831293184
0,38;;2,0551797944972208;1,9524762304186534;;2,0908597194957883;2,1996512209548893
0,38999999999999996;;2,071003198883009;1,967804531742207;;2,082162061302975;2,1926332300559
0,4;;2,0868788708642145;1,9831900946199814;;2,0735522076574604;2,1856495998701906
0,41000000000000003;;2,1028059172096105;1,9986320730850273;;2,065028977708527;2,1787000765202302
0,42;;2,118783431396689;2,014129611523204;;2,056591207178315;2,1717844106864588
0,43;;2,134810493779049;2,0296818443226994;;2,048237748128006;2,1649023573474504
0,44;;2,150886171760703;2,0452878955949347;;2,0399674687273084;2,1580536755466304
0,44999999999999996;;2,167009519977259;2,0609468789566106;;2,031779253027197;2,1512381281820487
0,45999999999999996;;2,1831795804839325;2,076657897364487;;2,0236720007358606;2,144455481816273
0,47000000000000003;;2,1993953829503257;2,0924200429959607;;2,015644626997812;2,137705506503899
0,48;;2,2156559448619286;2,1082323971696764;;2,0076960621761177;2,1309879756345382
0,49;;2,231960271728264;2,1240940303013716;;1,9998252516377029;2,1243026657894655
0,5;;2,248307357297608;2,1400040018909183;;1,9920311555416812;2,1176493566103423
0,51;;2,2646961837782107;2,1559613605371646;;1,9843127486306813;2,1110278306786694
0,52;;2,281125722065931;2,1719651439776952;;1,976669020025113;2,1044378734047857
0,53;;2,297594931978194;2,1880143791510567;;1,96909897302034;2,097879272925394
0,54;;2,314102762494182;2,204108082279348;;1,9616016248867165;2,091351820008718
0,5499999999999999;;2,3306481520011486;2,2202452589693706;;1,9541760066724447;2,084855307966516
0,5599999999999999;;2,347230028546759;2,2364249043307716;;1,9468211630092176;2,0783895325722574
0,5700000000000001;;2,3638473100973303;2,252646003109828;;1,939536151920604;2,071954291984868
0,58;;2,380498904801871;2,268907529837673;;1,9323200446331392;2,0655493866775054
0,59;;2,3971837112617775;2,285208448991943;;1,9251719253900823;2,059174619370892
0,6;;2,413900618806073;2,301547715170894;;1,918090891267803;2,052829794970794
0,61;;2,430648507772039;2,317924273279194;;1,9110760519947592;2,0465147205092706
0,62;;2,4474262497911154;2,3343370587246453;;1,9041265297730323;2,040229205089357
0,63;;2,464232708079913;2,3507849976251753;;1,8972414591023798;2,0339730598328964
0,64;;2,481066737736187;2,3672670070255113;;1,890419986606773;2,0277460978312427
0,65;;2,497927186039625;2,3837819951229795;;1,8836612708633822;2,0215481340986057
0,66;;2,5148128927572793;2,4003288615019467;;1,8769644822339777;2,01537898552782
0,67;;2,5317226904534866;2,416906497376427;;1,8703288026987097;2,009238470848344
0,6799999999999999;;2,548655404804098;2,433513785840443;;1,8637534256922346;2,003126410586319
0,69;;2,5656098549148534;2,450149602125732;;1,8572375559421552;1,997042627026526
0,7000000000000001;;2,5825848536437155;2,466812813866422;;1,850780409309742;1,9909869441761012
0,7100000000000001;;2,5995792079269844;2,48350228137033;;1,844381212632902;1,9849591877298802
0,72;;2,616591719109007;2,500216857896543;;1,8380392035713649;1,9789591850372508
0,73;;2,6336211832752903;2,5169553899389525;;1,8317536304540538;1,972986765070411
0,74;;2,650666391588824;2,5337167175154405;;1,8255237521286127;1,9670417583939317
0,75;2,547;2,6677261306294193;2,5504996744624187;2,0;1,819348837813055;1,961123997135538
0,76;;2,684799182735863;2,5673030887344237;;1,8132281669495092;1,9552333149580232
0,77;;2,7018843263506787;2,5841257827084974;;1,8071610290600277;1,9493695470322252
0,7799999999999999;;2,7189803363673004;2,600966573493065;;1,8011467236044312;1,943532530010996
0,79;;2,736085984479441;2,6178242732410557;;1,7951845598401592;1,9377221020040998
0,8;;2,753200039532445;2,6346976894669867;;1,7892738566841013;1,9319381025539826
0,8099999999999999;;2,7703212678764246;2,651585625367762;;1,7834139425763764;1,9261803726123625
0,8200000000000001;;2,7874484337209515;2,668486880146925;;1,7776041553460347;1,920448754517589
0,83;;2,8045802994910933;2,685400249342104;;1,7718438420786593;1,9147430919727269
0,84;;2,8217156261845804;2,7023245251554178;;1,7661323589858315;1,9090632300243244
0,8500000000000001;;2,8388531737298797;2,7192584967865705;;1,760469071276443;1,9034090150418257
0,86;;2,8559917013449585;2,736200950768402;;1,7548533530298218;1,8977802946975932
0,8699999999999999;;2,873129967896516;2,75315067130465;;1,7492845870706517;1,8921769179475045
0,88;;2,890266732259466;2,770106440609668;;1,7437621648456552;1,8865987350120963
0,89;;2,907400753676439;2,7870670392498726;;1,738285486302018;1,881045597358227
0,8999999999999999;;2,9245307921170998;2,804031246486666;;1,732853959767531;1,8755173576812256
0,91;;2,9416556086370407;2,820997840620603;;1,7274670018324212;1,8700138698875117
0,9199999999999999;;2,9587739657360426;2,837965599336562;;1,7221240372328543;1,8645349890776564
0,9299999999999999;;2,97588462771548;2,854933300049679;;1,7168244987360786;1,8590805715298653
0,9400000000000001;;2,992986361034647;2,871899720251819;;1,7115678270271935;1,8536504746838658
0,95;;3,0100779346657944;2,888863637858337;;1,7063534705975123;1,8482445571251758
0,96;;3,027158120447652;2,9058238315549114;;1,7011808856345048;1,8428626785697406
0,97;;3,0442256934372276;2,9227790811442076;;1,6960495359132906;1,83750469984892
0,98;;3,061279432259669;2,939728167892146;;1,6909588926896664;1,8321704828948098
0,9900000000000001;;3,0783181194559712;2,9566698748735503;;1,6859084345946416;1,8268598907258853
1,0;;3,0953405418283277;2,9736029873169425;;1,6808976475304638;1,8215727874329537
1,01;;3,1123454907829173;2,9905262929482754;;1,6759260245681098;1,8163090381653981
1,02;;3,129331762669914;3,0074385823333616;;1,6709930658462278;1,8110685091177106
1,03;;3,146298159120534;3,0243386492187967;;1,666098278471501;1,8058510675162949
1,04;;3,1632434873809063;3,0412252908711532;;1,6612411764204225;1,8006565816065316
1,05;;3,1801665606425855;3,058097308414231;;1,6564212804424523;1,7954849206400982
1,06;;3,1970661983695026;3,0749535071641563;;1,6516381179645452;1,7903359548625315
1,0699999999999998;;3,2139412266211775;3,0917926969621146;;1,6468912229970238;1,7852095555010254
1,08;;3,230790478372003;3,1086136925045245;;1,6421801360407808;1,7801055947524569
1,09;;3,2476127938264163;3,125415313670431;;1,637504403995792;1,7750239457716308
1,0999999999999999;;3,2644070207297955;3,1421963858459425;;1,6328635800709195;1,7699644826597374
1,11;;3,281172014674899;3,158955740245503;;1,628257223694989;1,764927080453015
1,1199999999999999;;3,2979066394036742;3,1756922142298025;;1,6236849004291218;1,7599116151116139
1,13;;3,314609767104301;3,1924046516201594;;1,619146181880305;1,7549179635086498
1,1400000000000001;;3,3312802787032734;3,209091903009168;;1,614640645616179;1,74994600341945
1,15;;3,347917064152399;3,2257528260674464;;1,6101678750810344;1,7449956135109765
1,16;;3,3645190227105575;3,242386285846309;;1,605727459512985;1,7400666733314294
1,17;;3,381085063220063;3,2589911550761834;;1,601318993862318;1,735159063300022
1,18;;3,39761410437752;3,2755663144606153;;1,5969420787109943;1,7302726646969224
1,1900000000000002;;3,414105074999013;3,2921106529656985;;1,592596320193282;1,7254073596533588
1,2;;3,4305569142795242;3,3086230681047684;;1,588281329917516;1,720563031141885
1,21;;3,4469685720464476;3,3251024662182154;;1,5839967248889566;1,7157395629667984
1,22;;3,4633390090070844;3,3415477627482613;;1,5797421274337398;1,7109368397547127
1,23;;3,4796671969900195;3,3579578825085687;;1,5755171651239002;1,7061547469452754
1,24;;3,4959521191802616;3,374331759948538;;1,5713214707034528;1,7013931707820316
1,25;2,172;3,5121927703480615;3,3906683394121666;1,333333333;1,5671546820155178;1,6966519983034278
1,26;;3,528388157071308;3,406966575391342;;1,5630164419304735;1,6919311173339548
1,27;;3,5445372979514205;3,42322543277345;;1,5589063982751237;1,687230416475425
1,28;;3,560639223822656;3,439443887083183;;1,554824203762866;1,6825497850983822
1,29;;3,5766929779547554;3,455620924718441;;1,5507695159248438;1,6778891133336409
1,3;;3,5926976162488633;3,4717555431802203;;1,5467419970420717;1,673248292063953
1,31;;3,608652207426658;3,487846751296392;;1,542741314078518;1,6686272129157993
1,32;;3,6245558332126353;3,503893569439283;;1,538767138615132;1,664025768251301
1,3299999999999998;;3,640407588509497;3,519895029736967;;1,5348191467848031;1,6594438511602554
1,34;;3,656206581566599;3,5358501762781933;;1,530897019208236;1,6548813554522848
1,35;;3,6719519341414166;3,551758065310867;;1,527000440930734;1,650338175649104
1,3599999999999999;;3,6876427816540076;3,567617765434031;;1,5231291013598722;1,6458142069769015
1,37;;3,7032782733344334;3,5834283577832706;;1,5192826942040503;1,6413093453588288
1,38;;3,718857572363119;3,5991889362094853;;1,5154609174119151;1,636823487407606
1,39;;3,7343798560041495;3,6148986074509923;;1,5116634731126355;1,6323565304182284
1,4000000000000001;;3,749844315731477;3,630556491298899;;1,5078900675570213;1,627908372360785
1,41;;3,765250157348049;3,6461617207557144;;1,5041404110594738;1,623478911873378
1,4200000000000002;;3,78059660109785;3,6617134421871658;;1,5004142179407551;1,6190680482551476
1,43;;3,7958828817708725;3,6772108154671894;;1,4967112064715646;1,6146756814593972
1,44;;3,8111082488010255;3,6926530141160785;;1,4930310988169129;1,610301712086818
1,4500000000000002;;3,826271966356999;3,708039225431768;;1,4893736209812805;1,6059460413788134
1,46;;3,841373313426111;3,7233686506142427;;1,4857385027545498;1,6016085712109198
1,47;;3,856411583891171;3,7386405048830813;;1,4821254776587018;1,5972892040863222
1,48;;3,8713860866003773;3,753854017588107;;1,4785342828952635;1,5929878431294653
1,49;;3,886296145430308;3,7690084323131785;;1,4749646592934975;1,5887043920797568
1,5;;3,901141099342036;3,7841030069731167;;1,4714163512593235;1,5844387552853623
1,51;;3,915920302430422;3,7991370139037888;;1,4678891067249604;1,580190837697091
1,52;;3,930633123966638;3,814109739945369;;1,464382677099278;1,5759605448623704
1,53;;3,9452789484339776;3,8290204865188078;;1,4608968172188521;1,571747782919308
1,54;;3,959857175557019;3,8438685696955304;;1,4574312852997064;1,5675524585908418
1,55;;3,9743672203242033;3,858653320260414;;1,4539858428897399;1,5633744791789737
1,5599999999999998;;3,9888085130039;3,8733740837680757;;1,4505602548218224;1,5592137525590906
1,5699999999999998;;4,003180499154039;3,8880302205925212;;1,4471542891675533;1,5550701871743648
1,58;;4,017482639625376;3,902621105970199;;1,4437677171916732;1,550943692030241
1,59;;4,031714410558485;3,9171461300365222;;1,440400313307119;1,5468341766890021
1,6;;4,045875303374559;3,9316046978559136;;1,437051855030712;1,5427415512644138
1,6099999999999999;;4,0599648247601055;3,945996229445435;;1,4337221229394728;1,538665726416452
1,6199999999999999;;4,0739824966456375;3,9603201597920705;;1,4304109006275518;1,5346066133461052
1,63;;4,087927856178438;3,9745759388637323;;1,4271179746637688;1,5305641237902547
1,6400000000000001;;4,101800455689517;3,988763031614065;;1,4238431345497506;1,5265381700166323
1,6500000000000001;;4,115599862654854;4,002880917981132;;1,4205861726786597;1,522528664818851
1,66;;4,129325659651018;4,016929092880053;;1,4173468842945056;1,518535521511511
1,67;;4,142977444305296;4,030907066189689;;1,4141250674520305;1,514558653925379
1,68;;4,15655482924041;4,044814362733461;;1,4109205229771609;1,5105979764026394
1,69;;4,170057442013963;4,0586505222543865;;1,407733054428017;1,506653403792216
1,7000000000000002;;4,183484925052697;4,0724150993844415;;1,4045624680564734;1,502724851445165
1,71;;4,196836935581702;4,08610766360833;;1,4014085727702614;1,4988122352101385
1,72;;4,2101131455486875;4,099727799221772;;1,3982711800956051;1,4949154714289132
1,73;;4,2233132415434165;4,113275105284404;;1,3951501041403884;1,49103447693199
1,7399999999999998;;4,236436924712448;4,126749195567409;;1,3920451615578378;1,4871691690342592
1,75;4,969;;;1,0;;
1,7500000000000002;;4,249483910669296;4,14014969849596;;1,3889561715107182;1,4833194655307302
1,76;;4,26245392940012;4,153476257086614;;1,3858829556360392;1,4794852846923292
1,77;;4,2753467251650905;4,166728528879743;;1,3828253380102502;1,4756665452617568
1,78;;4,288162056395531;4,1799061858671305;;1,3797831451149358;1,471863166449413
1,79;;4,300899695586981;4,193008914414836;;1,3767562058029894;1,4680750679293821
1,7999999999999998;;4,313559429188295;4,206036415181454;;1,3737443512652667;1,464302169835479
1,81;;4,326141057486901;4,2189884030318705;;1,370747414997709;1,4605443927573571
1,82;;4,338644394490358;4,231864606946652;;1,367765232768931;1,4568016577366767
1,83;;4,351069267804327;4,24466476992717;;1,3647976425882646;1,4530738862633297
1,8399999999999999;;4,363415518507085;4,257388648896596;;1,3618444846742561;1,449361000271725
1,8499999999999999;;4,375683001020718;4,27003601459687;;1,3589056014236054;1,4456629221371295
1,8599999999999999;;4,387871582979105;4,282606651481782;;1,355980837380545;1,4419795746720674
1,87;;4,399981145092836;4,295100357606277;;1,3530700392066501;1,4383108811227725
1,8800000000000001;;4,41201158101117;4,307516944512111;;1,350173055651077;1,4346567651656987
1,8900000000000001;;4,423962797181189;4,319856237109982;;1,3472897375212174;1,431017150904081
1,9;;4,435834712704237;4,332118073558249;;1,3444199376537713;1,427391962864552
1,91;;4,447627259189798;4,344302305138378;;1,341563510886225;1,42378112599381
1,92;;4,459340380606928;4,356408796127223;;1,3387203140287318;1,4201845656553398
1,9300000000000002;;4,47097403313335;4,368437423666277;;1,3358902058363922;1,416602207626182
1,94;;4,482528185002363;4,380388077628005;;1,3330730469819212;1,4130339780937546
1,95;;4,494002816347658;4,392260660479388;;1,3302687000287046;1,4094798036527234
1,96;;4,505397919046178;4,4040550871428;;1,3274770294042335;1,40593961130192
1,97;;4,516713496559137;4,415771284854334;;1,3246979013739155;1,402413328441308
1,9800000000000002;;4,5279495637713145;4,427409193019703;;1,3219311840152528;1,3989008828689966
1,9900000000000002;;4,539106146828739;4,438968763067826;;1,3191767471923863;1,3954022027782995
2,0;;4,5501832829748805;4,450449958302239;;1,316434462531001;1,3919172167548404
2,01;;4,561181020385468;4,461852753750421;;1,3137042033935795;1,3884458537737026
2,02;;4,5720994180020345;4,4731771360111745;;1,310985844855011;1,3849880431966206
2,03;;4,582938545364305;4,484423103100158;;1,3082792636785416;1,3815437147692207
2,04;;4,5936984824415426;4,49559066429371;;1,3055843382920633;1,3781127986182957
2,0500000000000003;;4,604379319462944;4,506679839971048;;1,3029009487647383;1,374695225249129
2,06;;4,614981156747206;4,517690661454971;;1,3002289767839548;1,3712909255428558
2,07;;4,625504104531355;4,5286231708511835;;1,2975683056326042;1,3678998307538643
2,08;;4,635948282798954;4,539477420886332;;1,2949188201666815;1,364521872507238
2,09;;4,646313821107764;4,550253474744865;;1,2922804067932032;1,3611569827962384
2,1;;4,656600858416983;4,560951405904849;;1,2896529534484327;1,35780509397982
2,11;;4,6668095429141445;4,571571297972794;;1,2870363495764159;1,3544661387801913
2,12;;4,676940031841773;4,582113244517648;;1,2844304861078177;1,351140050280404
2,13;;4,686992491323877;4,592577348904014;;1,2818352554390608;1,3478267619219853
2,1399999999999997;;4,696967096192397;4,602963724124721;;1,2792505514117531;1,344526207502601
2,15;;4,706864029813667;4,613272492632837;;1,2766762692924096;1,341238321173755
2,16;;4,716683483914979;4,623503786173195;;1,2741123057524602;1,3379630374385256
2,17;;4,726425658411366;4,633657745613579;;1,2715585588485367;1,3347002911493293
2,18;;4,736090761232633;4,643734520775607;;1,2690149280030418;1,331450017505723
2,19;;4,745679008150762;4,653734270265431;;1,2664813139849882;1,3282121520522352
2,1999999999999997;;4,755190622607732;4,663657161304345;;1,263957618891111;1,3249866306762308
2,21;;4,764625835543866;4,673503369559356;;1,2614437461272456;1,3217733896058041
2,22;;4,7739848852267315;4,683273078973843;;1,2589396003899678;1,318572365407706
2,23;;4,783268017080714;4,692966481598356;;1,2564450876484938;1,3153834949852972
2,2399999999999998;;4,7924754835172925;4,702583777421643;;1,2539601151268347;1,3122067155765316
2,25;5,125;4,801607543766108;4,712125174201992;2,0;1,2514845912862036;1,3090419647519693
2,26;;4,810664463706873;4,721590887298943;;1,24901842580767;1,305889180412817
2,27;;4,819646515702199;4,73098113950547;;1,246561529575059;1,3027483007889935
2,2800000000000002;;4,828553978431388;4,740296160880686;;1,2441138146580928;1,2996192644372266
2,29;;4,837387136725254;4,749536188583138;;1,2416751942957691;1,296502010239172
2,3;;4,84614628140203;4,758701466704779;;1,2392455828799738;1,2933964773995577
2,31;;4,854831709104406;4,76779224610566;;1,2368248959393244;1,2903026054443563
2,32;;4,863443722137762;4,7768087842494165;;1,2344130501232442;1,287220334218981
2,33;;4,871982628309635;4,785751345039618;;1,232009963186257;1,2841496038865037
2,34;;4,880448740770467;4,794620198657016;;1,2296155539725062;1,2810903549258976
2,35;;4,888842377855697;4,803415621397779;;1,227229742400491;1,2780425281303034
2,36;;4,8971638629292125;4,812137895512734;;1,2248524494480189;1,275006064605317
2,37;;4,90541352422822;4,820787309047705;;1,222483597137369;1,2719809057672977
2,3800000000000003;;4,913591694709577;4,829364155684966;;1,2201231085206665;1,2689669933417027
2,39;;4,921698711897603;4,83786873458588;;1,2177709076654615;1,2659642693614364
2,4;;4,929734917733433;4,84630135023476;;1,215426919640512;1,262972676165222
2,41;;4,937700658425922;4,854662312284;;1,2130910705017686;1,2599921563959962
2,42;;4,945596284304145;4,862951935400521;;1,2107632872785545;1,2570226529993187
2,4299999999999997;;4,953422149671522;4,871170539113569;;1,2084434979599432;1,2540641092218041
2,44;;4,9611786126615955;4,879318447663908;;1,2061316314813242;1,25111646860957
2,45;;4,968866035095483;4,887395989854439;;1,2038276177111642;1,248179675006704
2,46;;4,976484782341035;4,8954034989022945;;1,2015313874379494;1,2452536725537489
2,4699999999999998;;4,984035223173716;4,903341312292425;;1,1992428723573147;1,2423384056862044
2,48;;4,991517729639243;4,911209771632721;;1,196962005059354;1,2394338191330445
2,4899999999999998;;4,998932676917978;4,919009222510697;;1,1946887190161088;1,236539857915254
2,5;;5,006280443191115;4,926740014351764;;1,1924229485692353;1,233656467344378
2,5100000000000002;;5,013561409508669;4,9344025002791225;;1,1901646289178416;1,2307835930210886
2,52;;5,020775959659281;4,941997036975295;;1,1879136961065013;1,2279211808337664
2,53;;5,027924480041859;4,949523984545326;;1,1856700870134311;1,225069176957096
2,54;;5,035007359539055;4,956983706381671;;1,1834337393388394;1,2222275278506767
2,55;;5,042024989392606;4,964376569030784;;1,181204591593437;1,2193961802576467
2,56;;5,048977763080538;4,971702942061452;;1,1789825830871088;1,216575081203321
2,5700000000000003;;5,055866076196232;4,978963197934844;;1,1767676539177492;1,2137641779938428
2,58;;5,06269032632939;4,9861577118763485;;1,17455974496025;1,2109634182148477
2,59;;5,069450912948865;4,993286861749166;;1,1723587978556476;1,208172749730139
2,6;;5,076148237287397;5,00035102792969;;1,1701647550004206;1,2053921206803786
2,6100000000000003;;5,082782702228233;5,007350593184695;;1,1679775595359396;1,2026214794817853
2,62;;5,0893547121936455;5,014285942550321;;1,1657971553380653;1,1998607748248489
2,63;;5,095864673035345;5,021157463212882;;1,163623487006894;1,1971099556730525
2,64;;5,102312991926792;5,027965544391496;;1,1614564998566466;1,194368971261607
2,65;;5,108700077257396;5,034710577222546;;1,1592961399057002;1,1916377710961967
2,6599999999999997;;5,115026338528615;5,041392954645973;;1,1571423538667625;1,188916304951734
2,67;;5,121292186251945;5,048013071293414;;1,1549950891371794;1,1862045228711247
2,68;;5,127498031848777;5,054571323378177;;1,1528542937893875;1,1835023751640428
2,69;;5,133644287552159;5,061068108587063;;1,1507199165614928;1,1808098124057163
2,7;;5,139731366310412;5,0675038259740255;;1,1485919068479873;1,1781267854357196
2,71;;5,145759681692622;5,0738788758556845;;1,1464702146905947;1,1754532453567768
2,7199999999999998;;5,151729647795988;5,08019365970867;;1,1443547907692462;1,1727891435335733
2,73;;5,157641679155019;5,086448580068814;;1,1422455863931822;1,1701344315915747
2,74;;5,163496190652578;5,092644040432172;;1,1401425534921805;1,1674890614158566
2,75;8,063;5,169293597432747;5,098780445157881;1,5;1,1380456446079075;1,1648529851499387
2,76;;5,175034314815526;5,104858199372838;;1,1359548128853911;1,1622261551946298
2,77;;5,180718758213326;5,110877708878209;;1,133870012064616;1,1596085242068783
2,78;;5,1863473430492695;5,116839380057734;;1,131791196472233;1,1570000450986315
2,79;;5,191920484677274;5,1227436197878555;;1,1297183210133905;1,1544006710357009
2,8000000000000003;;5,197438598303902;5,1285908353496295;;1,1276513411636773;1,1518103554366343
2,81;;5,202902098911973;5,134381434342433;;1,1255902129611801;1,1492290519715955
2,82;;5,208311401185913;5,14011582459945;;1,1235348929986537;1,1466567145612498
2,83;;5,21366691943884;5,14579441410491;;1,1214853384158006;1,144093297375656
2,8400000000000003;;5,218969067541353;5,151417610913105;;1,119441506891659;1,1415387548331637
2,85;;5,22421825885203;5,156985823069133;;1,1174033566371;1,1389930415993188
2,86;;5,229414906149592;5,162499458531377;;1,1153708463874288;1,1364561125857717
2,87;;5,234559421566744;5,167958925095711;;1,1133439353950911;1,1339279229491934
2,88;;5,2396522165256565;5,173364630321397;;1,111322583422481;1,1314084280901955
2,8899999999999997;;5,2446937016750805;5,178716981458686;;1,1093067507348517;1,1288975836522577
2,9000000000000004;;5,249684286829073;5,18401638537809;;1,1072963980933261;1,1263953455206555
2,91;;5,254624380907315;5,189263248501312;;1,105291486748005;1,1239016698214015
2,92;;5,259514391877015;5,194457976733831;;1,1032919784311719;1,1214165129201807
2,93;;5,264354726696353;5,199600975399107;;1,1012978353505956;1,1189398314212995
2,94;;5,269145791259483;5,204692649174409;;1,0993090201829259;1,1164715821666347
2,9499999999999997;;5,2738879903430425;5,209733402028241;;1,097325496067182;1,1140117222345876
2,96;;5,278581727554166;5,21472363715934;;1,0953472265983333;1,1115602089390424
2,97;;5,283227405279982;5,219663756937243;;1,09337417582097;1,109116999828331
2,98;;5,287825424638569;5,224554162844408;;1,0914063082230647;1,1066820526841978
2,9899999999999998;;5,29237618543136;5,2293952554198455;;1,0894435887298193;1,1042553255207714
3,0;;5,296880086096957;5,234187434204281;;1,0874859826976;1,1018367765835386
3,01;;5,301337523666361;5,238931097686794;;1,0855334559079577;1,0994263643483244
3,02;;5,3057488937195805;5,243626643252938;;1,0835859745617331;1,0970240475202722
3,0300000000000002;;5,310114590343597;5,248274467134316;;1,0816435052732434;1,0946297850328301
3,04;;5,314435006091679;5,252874964359589;;1,079706015064552;1,09224353604674
3,05;;5,318710531944018;5,257428528706908;;1,0777734713598193;1,0898652599490293
3,06;;5,322941557269661;5,261935552657735;;1,0758458419797312;1,0874949163520065
3,0700000000000003;;5,327128469789728;5,2663964273520545;;1,0739230951360088;1,0851324650922605
3,08;;5,331271655541894;5,2708115425449344;;1,072005199425993;1,0827778662296614
3,09;;5,335371498846103;5,275181286564435;;1,0700921238273062;1,0804310800463663
3,1;;5,339428382271516;5,279506046270835;;1,0681838376925905;1,078092067045826
3,11;;5,3434426866046385;5,28378620701716;;1,0662803107443177;1,0757607879517965
3,1199999999999997;;5,3474147908186564;5,288022152610994;;1,064381513069674;1,0734372037073514
3,1300000000000003;;5,3513450720439035;5,2922142652775515;;1,0624874151155164;1,0711212754738986
3,1399999999999997;;5,35523390553949;5,296362925623991;;1,0605979876834;1,0688129646301994
3,15;;5,359081664666038;5,300468512604954;;1,0587132019246743;1,0665122327713885
3,16;;5,362888720859527;5,304531403489307;;1,0568330293356518;1,064219041708
3,17;;5,366655443606205;5,308551973828062;;1,0549574417528405;1,0619333534649924
3,18;;5,370382200418578;5,312530597423473;;1,053086411348246;1,059655130280778
3,19;;5,374069356812426;5,31646764629926;;1,05121991062474;1,057384334606254
3,2;;5,377717276284847;5,320363490671973;;1,049357912411492;1,0551209291038366
3,2099999999999995;;5,381326320293298;5,324218498923452;;1,0475003898594677;1,0528648766464972
3,2199999999999998;;5,384896848235623;5,328033037574377;;1,0456473164369884;1,0506161403167995
3,2300000000000004;;5,388429217431042;5,331807471258884;;1,0437986659253553;1,0483746834059426
3,2399999999999998;;5,391923783102082;5,335542162700222;;1,0419544124145346;1,046140469412802
3,25;8,719;5,395380898357436;5,33923747268746;1,333333333;1,0401145302989003;1,043913462042974
3,26;;5,3988009141757285;5,342893760053166;;1,0382789942730437;1,0416936252078246
3,27;;5,402184179390169;5,346511381652116;;1,0364477793276345;1,0394809230235378
3,2800000000000002;;5,405531040674068;5,350090692340944;;1,0346208607453453;1,0372753198101676
3,29;;5,408841842527221;5,353632044958764;;1,0327982140968306;1,0350767800906913
3,3000000000000003;;5,412116927263103;5,357135790308715;;1,0309798152367642;1,0328852685900645
3,3099999999999996;;5,415356634996899;5,360602277140426;;1,0291656402999312;1,0307007502342795
3,32;;5,418561303634317;5,364031852133381;;1,0273556656973757;1,0285231901494245
3,3300000000000005;;5,421731268861196;5,367424859881159;;1,0255498681126023;1,0263525536607454
3,34;;5,4248668641338575;5,370781642876534;;1,0237482244978313;1,024188806291709
3,35;;5,427968420670224;5,374102541497429;;1,0219507120703064;1,0220319137630691
3,36;;5,431036267441646;5,377387893993679;;1,0201573083086544;1,0198818419919338
3,37;;5,434070731165459;5,380638036474619;;1,0183679909492964;1,0177385570908346
3,38;;5,43707213629822;5,383853302897454;;1,0165827379829095;1,015602025366799
3,39;;5,440040805029639;5,387034025056404;;1,0148015276509372;1,0134722133204221
3,4000000000000004;;5,442977057277158;5,390180532572608;;1,0130243384421505;1,0113490876449436
3,4099999999999997;;5,445881210681186;5,39329315288477;;1,011251149089257;1,0092326152253241
3,42;;5,448753580600967;5,39637221124052;;1,0094819385655558;1,0071227631373236
3,4299999999999997;;5,451594480111057;5,3994180306884925;;1,0077166860816429;1,005019498646584
3,44;;5,454404219998404;5,402430932071093;;1,0059553710821598;1,0029227892077106
3,45;;5,457183108760019;5,405411234017937;;1,0041979732425896;1,0008326024633587
3,46;;5,459931452601209;5,40835925293995;;1,0024444724660977;0,998748906243318
3,47;;5,462649555434371;5,411275303024109;;1,0006948488804166;0,9966716685636033
3,4799999999999995;;5,465337718878329;5,414159696228817;;0,998949082834775;0,9946008576255442
3,49;;5,467996242258194;5,4170127422798915;;0,9972071548968696;0,9925364418148768
3,5000000000000004;;5,470625422605736;5,419834748667138;;0,9954690458498806;0,9904783897008401
3,51;;5,473225554660264;5,422626020641524;;0,9937347366895277;0,9884266700352712
3,52;;5,475796930869986;5,425386861212912;;0,9920042086211679;0,9863812517517021
3,53;;5,478339841393838;5,428117571148348;;0,990277443056935;0,9843421039644632
3,54;;5,48085457410378;5,430818448970888;;0,9885544216129184;0,9823091959677824
3,55;;5,483341414587536;5,433489790958961;;0,9868351261063819;0,9802824972348911
3,56;;5,485800646151762;5,436131891146229;;0,9851195385530216;0,9782619774171292
3,5700000000000003;;5,488232549825644;5,438745041321956;;0,9834076411642619;0,9762476063430533
3,58;;5,490637404364903;5,441329531031858;;0,9816994163445908;0,9742393540175475
3,5900000000000003;;5,493015486256188;5,443885647579434;;0,9799948466889306;0,9722371906209343
3,5999999999999996;;5,495367069721867;5,446413676027741;;0,9782939149800477;0,9702410865080896
3,61;;5,497692426725184;5,448913899201626;;0,976596604185997;0,9682510122075576
3,62;;5,4999918269757755;5,4513865976903935;;0,9749028974576044;0,9662669384206705
3,63;;5,502265537935544;5,453832049850886;;0,9732127781259815;0,9642888360206665
3,64;;5,504513824824867;5,456250531810985;;0,9715262297000785;0,9623166760518136
3,65;;5,506736950629138;5,4586423174734975;;0,9698432358642695;0,960350429728533
3,66;;5,50893517610562;5,46100767852044;;0,968163780475972;0,9583900684345258
3,6700000000000004;;5,511108759790612;5,463346884417688;;0,9664878475633006;0,9564355637219009
3,6799999999999997;;5,513257958006907;5,465660202419995;;0,9648154213227538;0,9544868873103063
3,6900000000000004;;5,515383024871547;5,467947897576363;;0,9631464861169299;0,9525440110860599
3,6999999999999997;;5,517484212303846;5,470210232735743;;0,9614810264722818;0,9506069071012873
3,71;;5,519561770033682;5,472447468553087;;0,9598190270768959;0,9486755475730547
3,7199999999999998;;5,521615945610052;5,474659863495698;;0,9581604727783077;0,9467499048825119
3,73;;5,523646984409873;5,476847673849906;;0,9565053485813445;0,9448299515740306
3,74;;5,525655129647022;5,479011153728034;;0,9548536396460013;0,9429156603543495
3,75;7,969;5,527640622381609;5,481150555075655;0,7;0,9532053312853441;0,9410070040917193
3,7600000000000002;;5,529603701529471;5,483266127679134;;0,951560408963444;0,9391039558150506
3,7699999999999996;;5,531544603871879;5,4853581191734335;;0,9499188582933396;0,9372064887130638
3,7800000000000002;;5,533463564065455;5,4874267750501815;;0,9482806650350288;0,9353145761334418
3,7900000000000005;;5,535360814652276;5,489472338665996;;0,9466458150934887;0,933428191581985
3,8;;5,537236586070181;5,491495051251045;;0,9450142945167217;0,9315473087217674
3,81;;5,539091106663244;5,493495151917845;;0,9433860894938315;0,9296719013722963
3,82;;5,540924602692432;5,495472877670284;;0,9417611863531243;0,9278019435086738
3,83;;5,54273729834643;5,49742846341286;;0,9401395715602375;0,925937409260761
3,84;;5,544529415752609;5,499362141960127;;0,9385212317162941;0,9240782729123437
3,85;;5,546301174988168;5,501274144046342;;0,9369061535560835;0,9222245089003016
3,8600000000000003;;5,548052794091401;5,5031646983353095;;0,9352943239462678;0,920376091813779
3,8699999999999997;;5,549784489073113;5,505034031430401;;0,9336857298836126;0,9185329963933584
3,88;;5,5514964739281645;5,506882367884757;;0,9320803584932434;0,9166951975302361
3,8899999999999997;;5,5531889606471365;5,508709930211663;;0,9304781970269268;0,9148626702654012
3,9;;5,5548621592281195;5,510516938895073;;0,9288792328613735;0,9130353897888154
3,91;;5,556516277688609;5,512303612400306;;0,9272834534965688;0,9112133314385971
3,92;;5,5581515220775115;5,514070167184877;;0,9256908465541231;0,9093964707002065
3,93;;5,559768096487248;5,515816817709476;;0,9241013997756474;0,9075847832056342
3,94;;5,561366203065945;5,517543776449083;;0,9225151010211512;0,9057782447325918
3,95;;5,562946042029729;5,5192512539042;;0,9209319382674628;0,9039768312037054
3,9600000000000004;;5,564507811675089;5,52093945861222;;0,9193518996066714;0,9021805186857108
3,9699999999999998;;5,5660517083913215;5,522608597158901;;0,9177749732445919;0,900389283388653
3,9800000000000004;;5,567577926673052;5,524258874189953;;0,9162011474992497;0,8986031016650854
3,9899999999999998;;5,569086659132817;5,525890492422729;;0,9146304107993897;0,896821950009276
4,0;;5,57057809651371;5,527503652658011;;0,9130627516830015;0,8950458050564104
4,01;;5,572052427702088;5,52909855379189;;0,9114981587958706;0,8932746435818035
4,02;;5,573509839740324;5,530675392827738;;0,9099366208901452;0,8915084425001089
4,03;;5,574950517839611;5,532234364888248;;0,9083781268229266;0,889747178864534
4,04;;5,5763746453928125;5,533775663227563;;0,9068226655548778;0,8879908298660568
4,05;;5,577782403987348;5,535299479243469;;0,9052702261488508;0,8862393728326448
4,06;;5,579173973418108;5,536806002489655;;0,9037207977685349;0,8844927852284773
4,07;;5,580549531700412;5,538295420688034;;0,9021743696771224;0,8827510446531702
4,08;;5,581909255082983;5,539767919741126;;0,9006309312359948;0,8810141288410042
4,09;;5,583253318060946;5,541223683744482;;0,899090471903425;0,8792820156601538
4,1000000000000005;;5,584581893388848;5,542662894999163;;0,8975529812332995;0,8775546831119215
4,109999999999999;;5,5858951520936975;5,544085734024256;;0,8960184488738583;0,8758321093299735
4,12;;5,5871932634879995;5,545492379569444;;0,8944868645664511;0,8741142725795767
4,130000000000001;;5,588476395182815;5,546883008627584;;0,8929582181443129;0,8724011512568426
4,14;;5,5897447131008215;5,548257796447341;;0,8914324995313553;0,8706927238879694
4,15;;5,590998381489365;5,549616916545832;;0,8899096987409744;0,8689889691284893
4,16;;5,592237562933524;5,550960540721297;;0,8883898058748778;0,8672898657625192
4,17;;5,593462418369156;5,552288839065799;;0,8868728111219247;0,865595392702012
4,18;;5,594673107095947;5,553601979977922;;0,8853587047569847;0,8639055289860131
4,19;;5,595869786790438;5,554900130175494;;0,8838474771398114;0,8622202537799174
4,2;;5,597052613519052;5,556183454708311;;0,8823391187139323;0,8605395463747324
4,21;;5,598221741751094;5,5574521169708735;;0,8808336200055537;0,8588633861863395
4,22;;5,599377324371732;5,558706278715117;;0,8793309716224815;0,8571917527547632
4,2299999999999995;;5,6005195126949605;5,559946100063148;;0,8778311642530566;0,8555246257434395
4,24;;5,601648456476542;5,561171739519969;;0,8763341886651054;0,8538619849384887
4,25;6,813;5,602764303926913;5,562383353986202;0,5;0,8748400357049052;0,8522038102479921
4,26;;5,603867201724068;5,563581098770802;;0,8733486962961636;0,8505500817012684
4,2700000000000005;;5,604957295026412;5,564765127603756;;0,8718601614390118;0,8489007794481565
4,279999999999999;;5,606034727485573;5,565935592648763;;0,8703744222090143;0,8472558837582996
4,29;;5,607099641259195;5,567092644515901;;0,8688914697561879;0,845615375020432
4,3;;5,608152177023668;5,568236432274276;;0,8674112953040403;0,8439792337416694
4,31;;5,6091924739868455;5,569367103464638;;0,8659338901486164;0,8423474405468021
4,32;;5,610220669900701;5,5704848041119845;;0,8644592456575624;0,8407199761775912
4,33;;5,611236901073952;5,571589678738123;;0,8629873532691995;0,8390968214920672
4,34;;5,612241302384632;5,572681870374216;;0,8615182044916135;0,8374779574638325
4,35;;5,613234007292624;5,573761520573285;;0,860051790901755;0,8358633651813657
4,36;;5,6142151478521365;5,574828769422689;;0,8585881041445529;0,83425302584733
4,37;;5,61518485472414;5,575883755556557;;0,8571271359320406;0,8326469207778843
4,38;;5,61614325718874;5,576926616168192;;0,8556688780424938;0,8310450314019965
4,390000000000001;;5,617090483157508;5,577957487022428;;0,8542133223195806;0,8294473392607608
4,3999999999999995;;5,618026659185754;5,578976502467953;;0,852760460671524;0,8278538260067176
4,41;;5,618951910484743;5,579983795449582;;0,8513102850702741;0,8262644734031761
4,42;;5,619866360933852;5,580979497520486;;0,8498627875506949;0,8246792633235406
4,43;;5,620770133092677;5,581963738854383;;0,8484179602097602;0,8230981777506394
4,44;;5,621663348213075;5,582936648257669;;0,8469757952057606;0,8215211987760559
4,45;;5,622546126251145;5,583898353181505;;0,8455362847575235;0,8199483085994652
4,46;;5,623418585879152;5,584848979733857;;0,8440994211436419;0,8183794895279702
4,47;;5,624280844497382;5,585788652691477;;0,8426651967017151;0,8168147239754441
4,4799999999999995;;5,6251330182459425;5,586717495511835;;0,8412336038275995;0,8152539944618731
4,49;;5,625975222016489;5,5876356303449946;;0,8398046349746701;0,8136972836127045
4,5;;5,626807569463896;5,58854317804543;;0,8383782826530924;0,8121445741581966
4,51;;5,627630173017854;5,589440258183794;;0,836954539429104;0,8105958489327714
4,52;;5,628443143894405;5,590326989058618;;0,8355333979243059;0,8090510908743705
4,53;;5,629246592107405;5,5912034877079595;;0,8341148508149656;0,8075102830238151
4,54;;5,630040626479925;5,5920698699209845;;0,8326988908313272;0,8059734085241679
4,55;;5,630825354655577;5,592926250249493;;0,8312855107569327;0,8044404506200978
4,5600000000000005;;5,631600883109774;5,593772742019382;;0,8298747034279528;0,8029113926572486
4,569999999999999;;5,63236731716092;5,59460945734204;;0,8284664617325267;0,8013862180816108
4,58;;5,633124760981525;5,595436507125683;;0,8270607786101098;0,7998649104388944
4,590000000000001;;5,633873317609255;5,596254001086625;;0,8256576470508338;0,7983474533739079
4,6;;5,6346130889579005;5,597062047760484;;0,8242570600948717;0,7968338306299386
4,61;;5,635344175828288;5,5978607545133166;;0,8228590108318142;0,7953240260481341
4,62;;5,6360666779191035;5,598650227552693;;0,8214634924000549;0,7938180235668915
4,63;;5,636780693837651;5,599430571938699;;0,8200704979861818;0,7923158072212447
4,64;;5,637486321110538;5,600201891594872;;0,8186800208243796;0,7908173611422585
4,65;;5,63818365619428;5,600964289319072;;0,817292054195839;0,7893226695564227
4,66;;5,638872794485842;5,601717866794275;;0,8159065914281748;0,7878317167850521
4,67;;5,639553830333093;5,602462724599307;;0,8145236258948519;0,7863444872436872
4,68;;5,6402268570452;5,6031989622194995;;0,8131431510146191;0,7848609654414989
4,6899999999999995;;5,640891966902936;5,603926678057278;;0,8117651602509509;0,7833811359806968
4,7;;5,6415492511689145;5,604645969442682;;0,8103896471114967;0,7819049835559386
4,71;;5,642198800097753;5,60535693264381;;0,809016605147539;0,7804324929537456
4,72;;5,6428407029461605;5,606059662877193;;0,8076460279534571;0,7789636490519177
4,73;;5,643475047982948;5,606754254318102;;0,8062779091661988;0,7774984368189537
4,74;;5,644101922498959;5,607440800110771;;0,804912242464762;0,7760368413134746
4,75;5,625;5,644721412816937;5,608119392378564;0,666666667;0,8035490215696788;0,7745788476836483
4,760000000000001;;5,6453336043013005;5,608790122234056;;0,8021882402425108;0,7731244411666188
4,77;;5,64593858136786;5,609453079789045;;0,8008298922853495;0,7716736070879386
4,78;;5,646536427493441;5,610108354164496;;0,7994739715403236;0,7702263308610012
4,79;;5,647127225225447;5,610756033500406;;0,7981204718891143;0,7687825979864816
4,8;;5,64771105619134;5,6113962049655965;;0,7967693872524757;0,7673423940517748
4,81;;5,648288001108041;5,612028954767434;;0,7954207115897634;0,7659057047304405
4,82;;5,6488581397912645;5,612654368161478;;0,7940744388984681;0,7644725157816488
4,83;;5,649421551164771;5,613272529461054;;0,7927305632137572;0,7630428130496311
4,84;;5,649978313269543;5,613883522046753;;0,7913890786080215;0,7616165824631311
4,8500000000000005;;5,650528503272891;5,614487428375855;;0,7900499791904284;0,7601938100348614
4,859999999999999;;5,651072197477484;5,615084329991686;;0,7887132591064826;0,7587744818609613
4,87;;5,6516094713302945;5,615674307532894;;0,7873789125375902;0,7573585841204582
4,88;;5,6521403994314845;5,616257440742654;;0,7860469337006318;0,7559461030747323
4,89;;5,652665055543205;5,616833808477802;;0,7847173168475394;0,7545370250669834
4,9;;5,653183512598326;5,6174034887178905;;0,7833900562648799;0,753131336521701
4,91;;5,653695842709088;5,617966558574176;;0,7820651462734444;0,7517290239441377
4,92;;5,6542021171756875;5,6185230942985305;;0,780742581227843;0,7503300739197849
4,93;;5,654702406494779;5,6190731712922775;;0,7794223555161055;0,7489344731138521
4,9399999999999995;;5,65519678036791;5,619616864114962;;0,7781044635592864;0,7475422082707477
4,95;;5,65568530770988;5,620154246493041;;0,776788899811078;0,7461532662135646
4,96;;5,656168056657025;5,620685391328503;;0,7754756587574255;0,7447676338435679
4,97;;5,656645094575432;5,621210370707413;;0,7741647349161499;0,7433852981396845
4,9799999999999995;;5,6571164880690805;5,621729255908399;;0,772856122836575;0,7420062461579963
4,99;;5,657582302987908;5,622242117411039;;0,7715498170991594;0,7406304650312374
5,0;;5,65804260443581;5,6227490249042065;;0,7702458123151348;0,7392579419682925
5,01;;5,658497456778559;5,623250047294321;;0,7689441031261478;0,7378886642536987
5,0200000000000005;;5,658946923651663;5,6237452527135385;;0,7676446842039069;0,7365226192471499
5,029999999999999;;5,659391067968144;5,624234708527872;;0,7663475502498359;0,7351597943830054
5,04;;5,659829951926252;5,624718481345232;;0,7650526959947295;0,7338001771697984
5,050000000000001;;5,660263637017103;5,625196637023404;;0,7637601161984156;0,7324437551897515
5,06;;5,660692184032247;5,625669240677953;;0,7624698056494219;0,7310905160982909
5,07;;5,661115653071178;5,62613635669006;;0,7611817591646461;0,7297404476235655
5,08;;5,661534103548755;5,626598048714283;;0,7598959715890321;0,7283935375659689
5,09;;5,661947594202572;5,627054379686252;;0,7586124377952493;0,7270497737976636
5,1;;5,662356183100247;5,627505411830302;;0,7573311526833773;0,7257091442621076
5,11;;5,6627599276466505;5,62795120666702;;0,7560521111805939;0,7243716369735851
5,12;;5,663158884591062;5,628391825020739;;0,7547753082408688;0,7230372400167383
5,13;;5,663553110034259;5,6288273270269595;;0,75350073884466;0,7217059415461035
5,140000000000001;;5,663942659435544;5,629257772139696;;0,7522283979986154;0,7203777297856485
5,1499999999999995;;5,664327587619695;5,629683219138766;;0,7509582807352783;0,7190525930283141
5,16;;5,66470794878386;5,630103726137006;;0,7496903821127956;0,7177305196355568
5,17;;5,66508379650438;5,630519350587419;;0,748424697214633;0,7164114980368962
5,18;;5,665455183743545;5,630930149290265;;0,7471612211492908;0,715095516729463
5,19;;5,665822162856292;5,631336178400071;;0,7458999490500257;0,713782564277551
5,2;;5,66618478559683;5,6317374934325874;;0,7446408760745752;0,7124726293121715
5,21;;5,666543103125205;5,632134149271673;;0,7433839974048869;0,71116570053061
5,220000000000001;;5,666897166013805;5,632526200176116;;0,7421293082468507;0,7098617666959863
5,2299999999999995;;5,667247024253791;5,632913699786391;;0,740876803830035;0,7085608166368166
5,24;;5,667592727261473;5,633296701131352;;0,739626479407425;0,7072628392465776
5,25;4,5;5,667934323884628;5,63367525663486;1,25;0,7383783302551685;0,7059678234832762
5,26;;5,668271862408742;5,634049418122349;;0,7371323516723206;0,7046757583690176
5,27;;5,668605390563198;5,634419236827326;;0,7358885389805943;0,703386632989579
5,28;;5,66893495552741;5,634784763397812;;0,7346468875241141;0,702100436493985
5,29;;5,669260603936882;5,635146047902719;;0,7334073926691735;0,7008171580940855
5,3;;5,6695823818892155;5,635503139838164;;0,7321700498039944;0,6995367870641365
5,3100000000000005;;5,669900334950055;5,635856088133723;;0,7309348543384907;0,6982593127403828
5,319999999999999;;5,670214508158977;5,636204941158625;;0,729701801704036;0,6969847245206445
5,33;;5,67052494603531;5,636549746727884;;0,7284708873532315;0,6957130118639038
5,34;;5,670831692583911;5,636890552108366;;0,7272421067596816;0,6944441642898981
5,35;;5,671134791300871;5,637227404024809;;0,7260154554177679;0,6931781713787111
5,36;;5,671434285179168;5,63756034866577;;0,7247909288424291;0,69191502277037
5,37;;5,671730216714263;5,637889431689519;;0,7235685225689431;0,6906547081644433
5,38;;5,672022627909638;5,638214698229878;;0,722348232152712;0,689397217319642
5,390000000000001;;5,672311560282279;5,638536192901994;;0,7211300531690503;0,6881425400534226
5,4;;5,672597054868099;5,63885395980806;;0,7199139812129755;0,6868906662415933
5,41;;5,6728791522273125;5,639168042542978;;0,7187000118990017;0,6856415858179222
5,42;;5,673157892449748;5,639478484199965;;0,7174881408609366;0,6843952887737478
5,43;;5,6734333151601115;5,6397853273761;;0,7162783637516804;0,6831517651575923
5,4399999999999995;;5,67370545952319;5,640088614177819;;0,7150706762430278;0,6819110050747779
5,45;;5,673974364249006;5,64038838622635;;0,7138650740254718;0,6806729986870432
5,46;;5,67424006759792;5,6406846846631;;0,7126615528080132;0,679437736212166
5,47;;5,674502607385671;5,640977550154978;;0,7114601083179681;0,6782052079235841
5,48;;5,674762020988376;5,641267022899672;;0,7102607363007815;0,6769754041500217
5,489999999999999;;5,675018345347471;5,641553142630869;;0,7090634325198419;0,6757483152751168
5,5;;5,6752716169746025;5,641835948623419;;0,7078681927562991;0,6745239317370507
5,510000000000001;;5,675521871956464;5,642115479698452;;0,7066750128088839;0,6733022440281815
5,52;;5,675769145959592;5,642391774228435;;0,7054838884937303;0,6720832426946777
5,53;;5,676013474235098;5,642664870142184;;0,7042948156442005;0,6708669183361556
5,54;;5,67625489162336;5,642934804929821;;0,7031077901107119;0,6696532616053191
5,55;;5,676493432558666;5,64320161564768;;0,7019228077605663;0,668442263207601
5,56;;5,676729131073799;5,643465338923162;;0,7007398644777819;0,6672339139008069
5,57;;5,676962020804583;5,643726010959541;;0,6995589561629271;0,6660282044947617
5,58;;5,677192134994376;5,643983667540717;;0,6983800787329566;0,6648251258509585
5,59;;5,67741950649852;5,644238344035925;;0,6972032281210502;0,6636246688822086
5,6000000000000005;;5,677644167788734;5,644490075404387;;0,6960284002764526;0,6624268245522952
5,609999999999999;;5,677866150957474;5,644738896199923;;0,6948555911643169;0,661231583875629
5,62;;5,678085487722235;5,644984840575512;;0,6936847967655486;0,6600389379169046
5,63;;5,6783022094298135;5,6452279422878;;0,6925160130766532;0,6588488777907621
5,64;;5,678516347060519;5,645468234701565;;0,6913492361095845;0,6576613946614476
5,65;;5,678727931232349;5,645705750794137;;0,690184461891596;0,6564764797424781
5,66;;5,678936992205111;5,645940523159765;;0,6890216864650932;0,655294124296308
5,67;;5,679143559884503;5,6461725840139465;;0,687860905887489;0,6541143196339971
5,680000000000001;;5,679347663826152;5,6464019651977;;0,6867021162310607;0,6529370571148824
5,6899999999999995;;5,679549333239608;5,6466286981818055;;0,6855453135828079;0,65176232814625
5,7;;5,679748596992292;5,646852814070986;;0,6843904940443135;0,6505901241830107
5,71;;5,679945483613406;5,647074343608056;;0,6832376537316066;0,6494204367273774
5,72;;5,680140021297797;5,647293317178021;;0,682086788775026;0,6482532573285439
5,7299999999999995;;5,680332237909783;5,647509764812132;;0,6809378953190871;0,6470885775823672
5,74;;5,680522160986935;5,6477237161919;;0,6797909695223482;0,6459263891310497
5,75;4,031;5,680709817743813;5,647935200653063;1,0;0,6786460075572823;0,6447666836628266
5,76;;5,680895235075675;5,648144247189519;;0,6775030056101469;0,6436094529116523
5,7700000000000005;;5,681078439562129;5,648350884457203;;0,6763619598808572;0,6424546886568908
5,779999999999999;;5,681259457470761;5,648555140777938;;0,6752228665828615;0,6413023827230079
5,79;;5,681438314760708;5,648757044143232;;0,6740857219430163;0,6401525269792633
5,800000000000001;;5,681615037086209;5,648956622218043;;0,6729505222014658;0,6390051133394097
5,81;;5,681789649800096;5,649153902344498;;0,6718172636115206;0,6378601337613884
5,82;;5,681962177957272;5,6493489115455695;;0,6706859424395389;0,6367175802470295
5,83;;5,682132646318129;5,649541676528723;;0,6695565549648097;0,635577444841755
5,84;;5,682301079351937;5,649732223689514;;0,6684290974794366;0,634439719634282
5,8500000000000005;;5,682467501240199;5,6499205791151486;;0,6673035662882238;0,6333043967563291
5,86;;5,682631935879963;5,65010676858801;;0,6661799577085638;0,6321714683823239
5,87;;5,682794406887105;5,650290817589142;;0,6650582680703254;0,6310409267291134
5,88;;5,6829549375995665;5,650472751301696;;0,663938493715745;0,6299127640556756
5,89;;5,683113551080562;5,650652594614342;;0,6628206309993172;0,6287869726628337
5,8999999999999995;;5,68327027012175;5,650830372124637;;0,6617046762876888;0,6276635448929713
5,91;;5,68342511724637;5,651006108142364;;0,6605906259595524;0,6265424731297501
5,92;;5,683578114712342;5,6511798266928315;;0,6594784764055436;0,6254237497978306
5,93;;5,6837292845153335;5,651351551520132;;0,6583682240281368;0,624307367362592
5,94;;5,6838786483917945;5,651521306090372;;0,6572598652415448;0,6231933183298566
5,949999999999999;;5,6840262278219535;5,651689113594866;;0,6561533964716185;0,6220815952456148
5,96;;5,684172044032784;5,651854996953285;;0,6550488141557476;0,6209721906957517
5,970000000000001;;5,684316118000937;5,652018978816788;;0,6539461147427637;0,6198650973057771
5,9799999999999995;;5,684458470455642;5,6521810815711;;0,6528452946928438;0,6187603077405556
5,99;;5,684599121881572;5,652341327339572;;0,6517463504774151;0,6176578147040387
6,0;;5,684738092521682;5,652499737986201;;0,6506492785790621;0,6165576109390009
6,01;;5,684875402380013;5,652656335118609;;0,649554075491433;0,6154596892267744
6,02;;5,68501107122446;5,652811140091003;;0,6484607377191488;0,6143640423869882
6,03;;5,685145118589519;5,652964174007093;;0,6473692617777133;0,613270663277307
6,04;;5,685277563778993;5,653115457722982;;0,6462796441934239;0,6121795447931737
6,05;;5,685408425868678;5,653265011850018;;0,6451918815032838;0,6110906798675529
6,0600000000000005;;5,685537723709006;5,653412856757623;;0,6441059702549151;0,6100040614706753
6,069999999999999;;5,68566547592767;5,653559012576083;;0,6430219070064738;0,6089196826097851
6,08;;5,685791700932217;5,65370349919931;;0,6419396883265641;0,6078375363288886
6,09;;5,685916416912605;5,653846336287574;;0,6408593107941566;0,6067576157085048
6,1;;5,686039641843736;5,6539875432702065;;0,6397807709985045;0,6056799138654175
6,11;;5,686161393487965;5,654127139348265;;0,6387040655390631;0,6046044239524286
6,12;;5,686281689397575;5,654265143497178;;0,6376291910254094;0,6035311391581143
6,13;;5,68640054691722;5,654401574469356;;0,6365561440771628;0,6024600527065819
6,140000000000001;;5,686517983186352;5,65453645079677;;0,6354849213239067;0,6013911578572289
6,15;;5,68663401514161;5,654669790793511;;0,6344155194051118;0,6003244479045036
6,16;;5,686748659519189;5,654801612558308;;0,6333479349700591;0,5992599161776672
6,17;;5,686861932857177;5,654931933977029;;0,6322821646777658;0,5981975560405576
6,18;;5,686973851497868;5,655060772725148;;0,6312182051969095;0,597137360891355
6,1899999999999995;;5,687084431590051;5,65518814627018;;0,6301560532057562;0,5960793241623497
6,2;;5,687193689091267;5,655314071874104;;0,6290957053920866;0,5950234393197089
6,21;;5,687301639770047;5,655438566595741;;0,628037158453126;0,5939696998632498
6,22;;5,687408299208119;5,655561647293118;;0,6269804090954727;0,5929180993262093
6,23;;5,687513682802596;5,655683330625797;;0,6259254540350282;0,5918686312750188
6,239999999999999;;5,68761780576813;5,6558036330571815;;0,624872289996929;0,5908212893090786
6,25;2,891;5,687720683139052;5,655922570856798;0,416666667;0,623820913715478;0,5897760670605352
