;x D4;x EP D4 NGD;x EP D4 AGD;y D4;y EP D4 NGD;y EP D4 AGD
0,0;1,5;1,5;1,5;5,0;5,0;5,0
0,01;;1,5057585530947681;1,5057585530947615;;4,9585022346635395;4,9585022347566
0,02;;1,5115392134787;1,5115392134786867;;4,917348882232664;4,917348882417239
0,03;;1,5173420660224608;1,5173420660224408;;4,876537084234185;4,876537084508751
0,04;;1,5231671959225377;1,523167195922511;;4,836064005918966;4,836064006282015
0,05;;1,5290146887024905;1,5290146887024572;;4,7959268360650205;4,795926836515067
0,06;;1,5348846302142065;1,534884630214166;;4,756122786782249;4,756122787317822
0,06999999999999999;;1,5407771066391611;1,5407771066391138;;4,716649093318793;4,716649093938442
0,08;;1,5466922044896843;1,5466922044896303;;4,677503013868999;4,6775030145712915
0,09;;1,5526300106102293;1,5526300106101685;;4,638681829382975;4,6386818301664965
0,1;;1,5585906121786492;1,5585906121785813;;4,600182843377728;4,600182844241082
0,11;;1,5645740967074746;1,5645740967073993;;4,562003381749867;4,5620033826916755
0,12;;1,5705805520452003;1,5705805520451182;;4,524140792589869;4,524140793608769
0,13;;1,5766100663775755;1,5766100663774862;;4,486592445997869;4,486592447092516
0,13999999999999999;;1,5826627282288963;1,5826627282287995;;4,449355733900998;4,449355735070065
0,15;;1,5887386264633074;1,5887386264632035;;4,4124280698722265;4,412428071114403
0,16;;1,5948378502861063;1,5948378502859946;;4,375806888950713;4,375806890264704
0,16999999999999998;;1,6009604892450517;1,6009604892449332;;4,339489647463645;4,339489648848173
0,18;;1,6071066332316812;1,6071066332315547;;4,303473822849556;4,30347382430336
0,19;;1,613276372482627;1,613276372482493;;4,2677569134831135;4,267756915004949
0,2;;1,6194697975809444;1,6194697975808028;;4,232336438501358;4,232336440089995
0,21;;1,6256869994574399;1,6256869994572907;;4,197209937631382;4,197209939285607
0,22;;1,6319280693920066;1,6319280693918496;;4,162374971019446;4,162374972738059
0,22999999999999998;;1,638193099014964;1,6381930990147995;;4,127829119061502;4,127829120843321
0,24;;1,6444821803084044;1,6444821803082323;;4,093569982235137;4,0935699840789965
0,25;2,15;1,6507954056075418;1,6507954056073617;4,166666667;4,059595180932903;4,059595182837649
0,26;;1,6571328676020687;1,6571328676018808;;4,025902355297028;4,025902357261522
0,27;;1,6634946593375166;1,6634946593373205;;3,992489165055504;3,9924891670786247
0,27999999999999997;;1,6698808742166222;1,669880874216418;;3,959353289359538;3,9593532914401757
0,29;;1,6762916060006985;1,6762916060004864;;3,926492426622341;3,9264924287594023
0,3;;1,6827269488110113;1,682726948810791;;3,8939042943592685;3,8939042965516735
0,31;;1,6891869971301616;1,6891869971299331;;3,8615866290292775;3,86158663127596
0,32;;1,6956718458034723;1,6956718458032354;;3,8295371858777036;3,829537188177612
0,33;;1,702181590040381;1,7021815900401358;;3,7977537387803433;3,797753741132439
0,33999999999999997;;1,7087163254158373;1,7087163254155837;;3,7662340800888296;3,7662340824920877
0,35000000000000003;;1,7152761478717067;1,7152761478714447;;3,734976020477289;3,7349760229306983
0,36;;1,7218611537181792;1,7218611537179085;;3,703977388790274;3,7039773912928373
0,37;;1,7284714396351823;1,7284714396349032;;3,6732360318919595;3,673236034442691
0,38;;1,735107102673802;1,7351071026735143;;3,6427498145165833;3,6427498171145114
0,38999999999999996;;1,7417682402577066;1,74176824025741;;3,6125166191201346;3,6125166217643008
0,4;;1,7484549501845765;1,748454950184271;;3,5825343457332726;3,5825343484227297
0,41000000000000003;;1,755167330627542;1,755167330627228;;3,552800911815463;3,5528009145492767
0,42;;1,7619054801366225;1,7619054801362997;;3,5233142521103273;3,523314254887577
0,43;;1,7686694976401758;1,7686694976398436;;3,494072318502191;3,4940723213219673
0,44;;1,7754594824463479;1,7754594824460068;;3,465073079873826;3,465073082735231
0,44999999999999996;;1,7822755342445324;1,7822755342441823;;3,4363145219653686;3,436314524867517
0,45999999999999996;;1,7891177531068347;1,7891177531064755;;3,4077946472344105;3,4077946501764296
0,47000000000000003;;1,7959862394895398;1,7959862394891717;;3,3795114747172548;3,3795114776982826
0,48;;1,8028810942345892;1,8028810942342113;;3,3514630398913168;3,351463042910503
0,49;;1,8098024185710582;1,809802418570671;;3,323647394538671;3,323647397595177
0,5;;1,816750314116646;1,816750314116249;;3,29606260661073;3,296062609703729
0,51;;1,8237248828791641;1,823724882878758;;3,268706760094048;3,268706763222722
0,52;;1,830726227258037;1,8307262272576215;;3,241577954877231;3,241577958040776
0,53;;1,8377544500458036;1,8377544500453786;;3,214674306618963;3,2146743098165853
0,54;;1,8448096544296275;1,8448096544291923;;3,1879939466171194;3,1879939498480336
0,5499999999999999;;1,8518919439928099;1,8518919439923653;;3,161535021678965;3,1615350249423995
0,5599999999999999;;1,8590014227163139;1,8590014227158593;;3,135295693992438;3,1352956972876305
0,5700000000000001;;1,8661381949802882;1,866138194979824;;3,109274140998495;3,1092741443246936
0,58;;1,8733023655656007;1,8733023655651264;;3,0834685552645196;3,0834685586209822
0,59;;1,8804940396553769;1,8804940396548926;;3,0578771443587756;3,05787714774477
0,6;;1,887713322836544;1,8877133228360496;;3,032498130725911;3,0324981341407167
0,61;;1,894960321101381;1,8949603211008763;;3,0073297515634874;3,007329755006393
0,62;;1,9022351408490752;1,9022351408485605;;2,98237025869954;2,9823702621698436
0,63;;1,909537888887284;1,909537888886759;;2,9576179184711493;2,957617921968159
0,64;;1,9168686724337034;1,9168686724331678;;2,9330710116040244;2,933071015127058
0,65;;1,9242275991176414;1,9242275991170956;;2,908727833093081;2,9087278366414653
0,66;;1,9316147769815997;1,9316147769810432;;2,8845866920840155;2,8845866956570876
0,67;;1,9390303144828578;1,9390303144822907;;2,8606459117558596;2,860645915352965
0,6799999999999999;;1,9464743204950676;1,9464743204944899;;2,836903829204511;2,8369038328250036
0,69;;1,95394690430985;1,9539469043092614;;2,8133587953272237;2,8133587989704694
0,7000000000000001;;1,9614481756384006;1,9614481756378015;;2,7900091747080724;2,790009178373443
0,7100000000000001;;1,9689782446131008;1,9689782446124906;;2,7668533455043507;2,766853349191228
0,72;;1,9765372217891328;1,9765372217885115;;2,7438896993339235;2,743889703041699
0,73;;1,9841252181461049;1,9841252181454725;;2,7211166411635057;2,721116644891577
0,74;;1,9917423450896803;1,9917423450890368;;2,6985325891978778;2,698532592945653
0,75;2,578;1,9993887144532114;1,9993887144525568;2,666666667;2,676135974770013;2,676135978536909
0,76;;2,007064438499384;2,0070644384987184;;2,65392524223212;2,653925246017561
0,77;;2,014769629921864;2,0147696299211866;;2,6318988488475887;2,631898852651007
0,7799999999999999;;2,022504401846952;2,022504401846263;;2,610055264683834;2,610055268504671
0,79;;2,0302688678352436;2,0302688678345437;;2,588392972506025;2,5883929763437292
0,8;;2,0380631418832995;2,038063141882588;;2,5669104676717054;2,566910471525734
0,8099999999999999;;2,0458873384253167;2,045887338424593;;2,5456062580262766;2,5456062618960944
0,8200000000000001;;2,053741572334807;2,053741572334072;;2,524478863799357;2,5244788676844356
0,83;;2,061625958926289;2,061625958925542;;2,503526817501997;2,5035268214018176
0,84;;2,069540613956975;2,0695406139562165;;2,4827486638247507;2,4827486677388
0,8500000000000001;;2,0774856536284756;2,0774856536277047;;2,4621429595365885;2,4621429634643617
0,86;;2,0854611945885013;2,0854611945877184;;2,4417082733846556;2,4417082773256555
0,8699999999999999;;2,0934673539325788;2,093467353931784;;2,4214431859948538;2,4214431899485906
0,88;;2,1015042492057687;2,101504249204962;;2,4013462897732567;2,4013462937392474
0,89;;2,10957199840439;2,1095719984035703;;2,3814161888083385;2,3814161927861073
0,8999999999999999;;2,1176707199777556;2,1176707199769234;;2,3616514987740156;2,361651502763094
0,91;;2,1258005328299077;2,1258005328290634;;2,342050846833491;2,3420508508334166
0,9199999999999999;;2,1339615563213656;2,1339615563205085;;2,3226128715439;2,322612875554219
0,9299999999999999;;2,1421539102708795;2,14215391027001;;2,303336222761746;2,3033362267820094
0,9400000000000001;;2,150377714957186;2,1503777149563037;;2,2842195615491185;2,2842195655788857
0,95;;2,158633091120778;2,1586330911198828;;2,2652615600806953;2,2652615641195313
0,96;;2,166920159965673;2,1669201599647647;;2,246460901551509;2,2464609055989855
0,97;;2,1752390431611968;2,1752390431602757;;2,2278162800854857;2,227816284141181
0,98;;2,183589862843768;2,1835898628428336;;2,209326400644739;2,2093264047082384
0,9900000000000001;;2,1919727416186903;2,1919727416177426;;2,1909899789396188;2,190989983010513
1,0;;2,200387802561954;2,2003878025609933;;2,1728057413395043;2,172805745417391
1,01;;2,2088351692220427;2,208835169221069;;2,1547724247843405;2,1547724288688226
1,02;;2,217314965621747;2,2173149656207594;;2,1368887766969054;2,1368887807875927
1,03;;2,225827316259985;2,225827316258984;;2,1191535548958083;2,119153558992317
1,04;;2,2343723461136307;2,234372346112616;;2,10156552750921;2,1015655316111617
1,05;;2,2429501806393484;2,2429501806383207;;2,084123472889256;2,0841234769962775
1,06;;2,251560945775436;2,2515609457743944;;2,0668261795272227;2,0668261836389474
1,0699999999999998;;2,2602047679436725;2,2602047679426165;;2,0496724459693687;2,0496724500854357
1,08;;2,2688817740511737;2,2688817740501044;;2,032661080733479;2,0326610848535336
1,09;;2,2775920914922576;2,277592091491174;;2,0157909022261125;2,015790906349804
1,0999999999999999;;2,286335848150312;2,286335848149214;;1,9990607386605228;1,9990607427875076
1,11;;2,2951131723996756;2,2951131723985636;;1,982469427975269;1,982469432105209
1,1199999999999999;;2,3039241931075196;2,303924193106393;;1,9660158177535048;1,9660158218860657
1,13;;2,31276903963574;2,312769039634599;;1,949698765142924;1,949698769277778
1,1400000000000001;;2,321647841842859;2,3216478418417035;;1,9335171367763861;1,9335171409132106
1,15;;2,3305607300859292;2,3305607300847595;;1,9174698086931925;1,91746981283167
1,16;;2,3395078352224505;2,3395078352212657;;1,9015556662610131;1,901555670400831
1,17;;2,348489288612287;2,3484892886110873;;1,8857736040984698;1,8857736082393215
1,18;;2,357505222119599;2,3575052221183848;;1,8701225259983563;1,8701225301399385
1,1900000000000002;;2,3665557681147784;2,3665557681135487;;1,8546013448514942;1,85460134899351
1,2;;2,375641059476391;2,3756410594751465;;1,8392089825712286;1,8392089867133854
1,21;;2,384761229593128;2,3847612295918683;;1,8239443700185385;1,8239443741605488
1,22;;2,393916412365766;2,393916412364491;;1,808806446927781;1,8088064510693622
1,23;;2,4031067422091295;2,4031067422078394;;1,793794161833044;1,793794165973917
1,24;;2,412332354054067;2,4123323540527615;;1,778906471995112;1,778906476135004
1,25;3,172;2,4215933833494323;2,4215933833481107;1,833333333;1,7641423433290393;1,7641423474676812
1,26;;2,43088996606407;2,430889966062733;;1,7495007503323228;1,7495007544694505
1,27;;2,440222238688816;2,4402222386874635;;1,7349806760136728;1,7349806801490257
1,28;;2,4495903382384987;2,44959033823713;;1,720581111822371;1,720581115955694
1,29;;2,4589944022539507;2,4589944022525656;;1,706301057578221;1,7063010617092629
1,3;;2,4684345688040286;2,4684345688026275;;1,692139521402074;1,6921395255305876
1,31;;2,4779109764876415;2,477910976486224;;1,6780955196469352;1,6780955237726785
1,32;;2,4874237644357833;2,4874237644343498;;1,6641680768296405;1,664168080952375
1,3299999999999998;;2,4969730723135775;2,4969730723121275;;1,6503562255631;1,6503562296825913
1,34;;2,506559040322327;2,5065590403208606;;1,636659006489103;1,6366590106051206
1,35;;2,516181809201572;2,5161818092000887;;1,6230754682116852;1,623075472324003
1,3599999999999999;;2,5258415202311566;2,525841520229657;;1,609604667231043;1,6096046713394394
1,37;;2,535538315233304;2,535538315231788;;1,5962456678779975;1,5962456719822544
1,38;;2,545272336574697;2,5452723365731638;;1,5829975422490095;1,582997546348912
1,39;;2,5550437271685706;2,5550437271670203;;1,569859370141721;1,5698593742370592
1,4000000000000001;;2,5648526304768073;2,5648526304752397;;1,5568302389910438;1,556830243081611
1,41;;2,5746991905120447;2,5746991905104597;;1,543909243805773;1,543909247891366
1,4200000000000002;;2,5845835518397915;2,5845835518381897;;1,5310954871057239;1,5310954911861439
1,43;;2,594505859580548;2,594505859578928;;1,5183880788593989;1,51838808293445
1,44;;2,6044662594119354;2,6044662594102985;;1,5057861364221616;1,505786140491652
1,4500000000000002;;2,6144648975708393;2,614464897569184;;1,4932887844749332;1,4932887885386745
1,46;;2,6245019208555522;2,6245019208538793;;1,4808951549633917;1,4808951590211985
1,47;;2,634577476627931;2,63457747662624;;1,4686043870376775;1,468604391089369
1,48;;2,644691712815559;2,64469171281385;;1,4564156269926003;1,4564156310379983
1,49;;2,65484477791392;2,654844777912193;;1,4443280282083417;1,444328032247272
1,5;;2,6650368209885773;2,665036820986832;;1,4323407510916495;1,4323407551239402
1,51;;2,67526799167736;2,6752679916755966;;1,4204529630175196;1,4204529670430026
1,52;;2,6855384401925653;2,6855384401907836;;1,4086638382713632;1,4086638422898743
1,53;;2,695848317323159;2,6958483173213583;;1,3969725579916548;1,3969725620030324
1,54;;2,70619777443699;2,7061977744351706;;1,3853783101130523;1,3853783141171379
1,55;;2,716586963483016;2,716586963481178;;1,373880289309994;1,3738802933066319
1,5599999999999998;;2,7270160369935303;2,727016036991673;;1,3624776969407593;1,362477700929798
1,5699999999999998;;2,737485148086405;2,7374851480845286;;1,3511697409919976;1,3511697449732873
1,58;;2,747994450467335;2,7479944504654394;;1,339955636023715;1,33995563999711
1,59;;2,7585440984320977;2,7585440984301832;;1,3288346031147191;1,328834607080076
1,6;;2,769134246868818;2,769134246866884;;1,3178058698085147;1,317805873765693
1,6099999999999999;;2,7797650512602416;2,7797650512582877;;1,3068686700596501;1,3068686740085131
1,6199999999999999;;2,790436667686017;2,7904366676840437;;1,296022244180509;1,2960222481209216
1,63;;2,8011492528249886;2,8011492528229955;;1,2852658387885418;1,2852658427203723
1,6400000000000001;;2,8119029639574977;2,8119029639554842;;1,2745987067539382;1,2745987106770578
1,6500000000000001;;2,8226979589676877;2,8226979589656547;;1,2640201071477322;1,2640201110620146
1,66;;2,833534396345827;2,8335343963437736;;1,2535293051903356;1,2535293090956574
1,67;;2,844412435190633;2,8444124351885596;;1,2431255722005028;1,2431255760967428
1,68;;2,855332235211609;2,855332235209515;;1,232808185544717;1,2328081894317573
1,69;;2,8662939567313885;2,866293956729274;;1,2225764285869967;1,222576432464721
1,7000000000000002;;2,8772977606880894;2,877297760685954;;1,2124295906391183;1,212429594507414
1,71;;2,8883438086376763;2,8883438086355198;;1,202366966911254;1,2023669707700104
1,72;;2,8994322627563327;2,8994322627541558;;1,192387858463015;1,1923878623121242
1,73;;2,9105632858428434;2,9105632858406456;;1,1824915721549065;1,1824915759942627
1,7399999999999998;;2,9217370413209824;2,9217370413187633;;1,1726774206001815;1,1726774244296811
1,75;3,828;;;1,333333333;;
1,7500000000000002;;2,932953693241915;2,932953693239674;;1,1629447221170948;1,1629447259366374
1,76;;2,944213406286601;2,944213406284339;;1,153292800681557;1,1532928044910438
1,77;;2,955516345768221;2,9555163457659375;;1,1437209858801747;1,1437209896795095
1,78;;2,966862677634595;2,9668626776322897;;1,1342286128636865;1,1342286166527757
1,79;;2,9782525684706256;2,978252568468298;;1,1248150223007833;1,124815026079535
1,7999999999999998;;2,989686185500737;2,9896861854983876;;1,115479560332311;1,1154795641006359
1,81;;3,001163696591338;3,0011636965889665;;1,1062215785258531;1,106221582283664
1,82;;3,0126852702532787;3,0126852702508855;;1,0970404338306943;1,0970404375779061
1,83;;3,024251075644332;3,024251075641916;;1,0879354885331514;1,0879354922696813
1,8399999999999999;;3,0358612825716698;3,0358612825692317;;1,0789061102122806;1,0789061139380476
1,8499999999999999;;3,0475160614943633;3,0475160614919026;;1,069951671695948;1,0699516754108738
1,8599999999999999;;3,05921558352588;3,059215583523396;;1,0610715510172697;1,061071554721277
1,87;;3,0709600204365968;3,0709600204340903;;1,0522651313714078;1,052265135064422
1,8800000000000001;;3,0827495446563264;3,0827495446537974;;1,0435318010727297;1,0435318047546787
1,8900000000000001;;3,0945843292768442;3,094584329274291;;1,0348709535123197;1,0348709571831325
1,9;;3,1064645480544297;3,106464548051853;;1,0262819871158453;1,0262819907754532
1,91;;3,118390375412421;3,1183903754098203;;1,0177643053017715;1,0177643089501074
1,92;;3,1303619864437717;3,1303619864411476;;1,0093173164399238;1,0093173200769228
1,9300000000000002;;3,1423795569136255;3,142379556910978;;1,0009404338103938;1,0009404374359927
1,94;;3,154443263261893;3,1544432632592208;;0,9926330755627863;0,992633079176924
1,95;;3,166553282605844;3,1665532826031484;;0,9843946646758037;0,9843946682784206
1,96;;3,1787097927427097;3,1787097927399897;;0,9762246289171677;0,9762246325082062
1,97;;3,1909129721522884;3,190912972149545;;0,9681224008038722;0,9681224043832763
1,9800000000000002;;3,2031629999995714;3,2031629999968025;;0,960087417562766;0,9600874211304815
1,9900000000000002;;3,2154600561373674;3,2154600561345745;;0,9521191210914646;0,9521191246474386
2,0;;3,2278043211089495;3,227804321106131;;0,9442169579195826;0,9442169614637647
2,01;;3,240195976150701;3,240195976147858;;0,9363803791702923;0,936380382702633
2,02;;3,25263520319478;3,2526352031919123;;0,9286088405221972;0,9286088440426492
2,03;;3,265122184871786;3,2651221848688925;;0,920901802171527;0,9209018056800439
2,04;;3,277657104513446;3,277657104510527;;0,9132587287946392;0,9132587322911769
2,0500000000000003;;3,290240146155303;3,2902401461523585;;0,9056790895108402;0,905679092995356
2,06;;3,302871494539418;3,302871494536448;;0,8981623578455085;0,898162361317961
2,07;;3,3155513351170858;3,3155513351140895;;0,8907080116935258;0,890708015153875
2,08;;3,3282798540515532;3,3282798540485308;;0,8833155332830129;0,8833155367312209
2,09;;3,341057238220755;3,3410572382177066;;0,8759844091393675;0,8759844125753969
2,1;;3,353883675220058;3,3538836752169834;;0,8687141300495947;0,8687141334734105
2,11;;3,366759353365011;3,3667593533619105;;0,8615041910269418;0,8615041944385102
2,12;;3,379684461694118;3,3796844616909905;;0,8543540912758191;0,8543540946751073
2,13;;3,392659189971604;3,392659189968449;;0,8472633341570175;0,8472633375439946
2,1399999999999997;;3,4056837286902066;3,405683728687025;;0,8402314271532108;0,8402314305278467
2,15;;3,418758269073974;3,418758269070765;;0,8332578818347459;0,8332578851970123
2,16;;3,431883003081068;3,4318830030778322;;0,826342213825719;0,8263422171755886
2,17;;3,445058123406584;3,445058123403321;;0,8194839427703291;0,8194839461077763
2,18;;3,4582838234853837;3,458283823482093;;0,8126825922995128;0,8126825956245131
2,19;;3,4715602974949293;3,47156029749161;;0,8059376899978588;0,8059376933103888
2,1999999999999997;;3,484887740358138;3,484887740354791;;0,7992487673707909;0,7992487706708284
2,21;;3,4982663477462443;3,4982663477428693;;0,792615359812029;0,7926153630995535
2,22;;3,51169631608167;3,5116963160782664;;0,7860370065713183;0,7860370098463099
2,23;;3,525177842540908;3,525177842537476;;0,7795132507224244;0,7795132539848648
2,2399999999999998;;3,5387111250574224;3,538711125053962;;0,7730436391313965;0,7730436423812685
2,25;7,453;3,5522963623245496;3,5522963623210604;0,583333333;0,7666277224250927;0,7666277256623804
2,26;;3,5659337537984146;3,565933753794897;;0,7602650549599687;0,7602650581846565
2,27;;3,579623499700864;3,579623499697317;;0,7539551947911205;0,7539551980031951
2,2800000000000002;;3,5933658010224026;3,5933658010188263;;0,7476977036415909;0,7476977068410394
2,29;;3,607160859525143;3,6071608595215374;;0,7414921468719253;0,7414921500587361
2,3;;3,6210088777457736;3,6210088777421374;;0,7353380934499816;0,7353380966241441
2,31;;3,634910058998525;3,6349100589948593;;0,729235115920992;0,7292351190824964
2,32;;3,648864607378157;3,6488646073744624;;0,723182790377873;0,7231827935267109
2,33;;3,662872727762963;3,662872727759237;;0,7171806964317794;0,7171806995679432
2,34;;3,676934625817763;3,6769346258140074;;0,7112284171829065;0,7112284203063899
2,35;;3,6910505079969393;3,691050507993152;;0,7053255391915307;0,705325542302328
2,36;;3,7052205815474526;3,7052205815436356;;0,6994716524492944;0,6994716555474011
2,37;;3,7194450545118993;3,719445054508051;;0,693666350350725;0,6936663534361374
2,3800000000000003;;3,7337241357315527;3,7337241357276736;;0,6879092296649941;0,6879092327377095
2,39;;3,748058034849437;3,748058034845527;;0,6821998905079097;0,6821998935679262
2,4;;3,762446962313406;3,762446962309464;;0,6765379363141387;0,6765379393614556
2,41;;3,7768911293792273;3,7768911293752527;;0,6709229738096633;0,6709229768442805
2,42;;3,7913907481136855;3,7913907481096802;;0,6653546129844645;0,6653546160063832
2,4299999999999997;;3,8059460313977027;3,805946031393665;;0,6598324670654325;0,6598324700746544
2,44;;3,8205571929294533;3,820557192925384;;0,6543561524895007;0,6543561554860282
2,45;;3,835224447227509;3,835224447223407;;0,648925288877005;0,6489252918608414
2,46;;3,8499480096339833;3,8499480096298493;;0,6435394990052624;0,6435395019764122
2,4699999999999998;;3,8647280963177;3,8647280963135326;;0,6381984087823699;0,638198411740838
2,48;;3,879564924277359;3,879564924273158;;0,6329016472212191;0,6329016501670115
2,4899999999999998;;3,894458711344726;3,8944587113404925;;0,6276488464137302;0,6276488493468535
2,5;;3,9094096761878334;3,909409676183567;;0,6224396415052947;0,6224396444257562
2,5100000000000002;;3,924418038314186;3,924418038309886;;0,6172736706694353;0,617273673577243
2,52;;3,9394840180739843;3,939484018069651;;0,6121505750826722;0,6121505779778353
2,53;;3,9546078366633637;3,9546078366589956;;0,6070699988996002;0,6070700017821283
2,54;;3,9697897161276385;3,9697897161232376;;0,6020315892281721;0,6020315920980752
2,55;;3,9850298793645624;3,985029879360126;;0,5970349961051867;0,5970349989624761
2,56;;4,000328550127602;4,000328550123132;;0,5920798724719812;0,5920798753166684
2,5700000000000003;;4,01568595302922;4,015685953024715;;0,5871658741503245;0,5871658769824218
2,58;;4,031102313544175;4,031102313539636;;0,582292659818511;0,5822926626380314
2,59;;4,046577858012833;4,046577858008257;;0,5774598909876526;0,57745989379461
2,6;;4,062112813644487;4,062112813639876;;0,5726672319781679;0,5726672347725765
2,6100000000000003;;4,077707408520693;4,077707408516048;;0,5679143498964659;0,5679143526783406
2,62;;4,093361871598624;4,093361871593943;;0,5632009146118235;0,56320091738118
2,63;;4,109076432714424;4,109076432709706;;0,5585265987334553;0,55852660149031
2,64;;4,124851322586588;4,124851322581835;;0,5538910775877729;0,5538910803321421
2,65;;4,140686772819349;4,140686772814558;;0,5492940291958336;0,549294031927735
2,6599999999999997;;4,156583015906071;4,156583015901244;;0,5447351342509764;0,5447351369704276
2,67;;4,172540285232676;4,172540285227813;;0,5402140760966417;0,5402140788036615
2,68;;4,188558815081056;4,188558815076156;;0,5357305407043795;0,5357305433989866
2,69;;4,2046388406325255;4,204638840627588;;0,5312842166520344;0,5312842193342484
2,7;;4,220780597971264;4,220780597966289;;0,5268747951021162;0,5268747977719572
2,71;;4,2369843240877865;4,2369843240827745;;0,5225019697803477;0,5225019724378365
2,7199999999999998;;4,253250256882427;4,253250256877376;;0,5181654369543912;0,518165439599549
2,73;;4,2695786351688225;4,269578635163734;;0,5138648954127514;0,5138648980455998
2,74;;4,2859696986774285;4,285969698672302;;0,5096000464438548;0,5096000490644157
2,75;7,375;4,3024236880590285;4,302423688053864;1,333333333;0,5053705938152998;0,5053705964235958
2,76;;4,31894084488828;4,318940844883076;;0,5011762437532808;0,5011762463493353
2,77;;4,335521411667248;4,335521411662006;;0,4970167049221844;0,4970167075060206
2,78;;4,352165631828974;4,352165631823693;;0,49289168840435216;0,4928916909759943
2,79;;4,36887374974105;4,368873749735728;;0,48880090768001305;0,48880091023948535
2,8000000000000003;;4,385646010709198;4,385646010703837;;0,48474407860738206;0,4847440811547096
2,81;;4,402482660980883;4,4024826609754815;;0,4807209194029247;0,48072092193813243
2,82;;4,419383947748918;4,419383947743478;;0,47673115062178273;0,47673115314489667
2,83;;4,436350119155105;4,436350119149624;;0,47277449513836606;0,47277449764941215
2,8400000000000003;;4,4533814242938625;4,453381424288342;;0,4688506781271028;0,46885068062610774
2,85;;4,470478113215896;4,4704781132103335;;0,46495942704335125;0,46495942953034175
2,86;;4,487640436931864;4,487640436926261;;0,46110047160446727;0,46110047407947086
2,87;;4,504868647416065;4,504868647410421;;0,45727354377103263;0,4572735462340767
2,88;;4,522162997610133;4,522162997604447;;0,4534783777282363;0,4534783801793491
2,8899999999999997;;4,539523741426754;4,5395237414210285;;0,44971470986741124;0,4497147123066213
2,9000000000000004;;4,5569511337534;4,556951133747631;;0,44598227876772467;0,44598228119506034
2,91;;4,574445430456055;4,574445430450244;;0,44228082517802025;0,4422808275935108
2,92;;4,592006888382989;4,592006888377135;;0,43861009199880957;0,4386100944024843
2,93;;4,609635765368519;4,609635765362623;;0,4349698242644156;0,43496982665630424
2,94;;4,627332320236797;4,627332320230858;;0,4313597691252624;0,43135977150539523
2,9499999999999997;;4,64509681280561;4,645096812799627;;0,4277796758303125;0,4277796781987198
2,96;;4,662929503890196;4,662929503884172;;0,42422929570964985;0,4242292980663622
2,97;;4,680830655307071;4,680830655301003;;0,4207083821572077;0,4207083845022561
2,98;;4,698800529877874;4,698800529871761;;0,4172166906136393;0,4172166929470553
2,9899999999999998;;4,716839391433226;4,716839391427069;;0,4137539785493315;0,41375398087114656
3,0;;4,7349475048166;4,7349475048104;;0,4103200054475581;0,41032000775780386
3,01;;4,753125135888218;4,753125135881972;;0,40691453278777456;0,40691453508648334
3,02;;4,771372551528944;4,771372551522655;;0,40353732402905007;0,403537326316254
3,0300000000000002;;4,789690019644211;4,7896900196378756;;0,4001881445936379;0,4001881468693697
3,04;;4,808077809167945;4,808077809161564;;0,39686676185068187;0,39686676411497435
3,05;;4,826536190066525;4,826536190060098;;0,3935729451000578;0,3935729473529443
3,06;;4,845065433342738;4,845065433336266;;0,3903064655563495;0,39030646779786315
3,0700000000000003;;4,863665811039758;4,86366581103324;;0,3870670963329573;0,3870670985631319
3,08;;4,882337596245145;4,88233759623858;;0,38385461242633934;0,38385461464520865
3,09;;4,901081063094852;4,90108106308824;;0,3806687907003822;0,38066879290798017
3,1;;4,919896486777249;4,9198964867705905;;0,3775094098709024;0,37750941206726335
3,11;;4,938784143537161;4,938784143530456;;0,3743762504902768;0,37437625267543523
3,1199999999999997;;4,957744310679933;4,95774431067318;;0,37126909493219906;0,3712690971061895
3,1300000000000003;;4,976777266575491;4,976777266568691;;0,3681877273765637;0,36818772953942097
3,1399999999999997;;4,99588329066243;4,995883290655582;;0,3651319337944764;0,36513193594623566
3,15;;5,015062663452127;5,0150626634452315;;0,36210150193338597;0,3621015040740826
3,16;;5,034315666532847;5,034315666525902;;0,35909622130234375;0,3590962234320128
3,17;;5,0536425825738815;5,053642582566888;;0,35611588315738085;0,3561158852760583
3,18;;5,073043695329703;5,073043695322661;;0,35316028048701065;0,353160282594732
3,19;;5,092519289644127;5,0925192896370355;;0,3502292079978489;0,3502292100946503
3,2;;5,112069651454491;5,11206965144735;;0,3473224621003551;0,3473224641862724
3,2099999999999995;;5,131695067795859;5,131695067788669;;0,3444398408946909;0,34443984296976043
3,2199999999999998;;5,151395826805235;5,151395826797994;;0,34158114415669577;0,34158114622095387
3,2300000000000004;;5,171172217725787;5,171172217718495;;0,33874617332398077;0,33874617537746393
3,2399999999999998;;5,191024530911095;5,191024530903752;;0,33593473148213643;0,33593473352488146
3,25;8,938;5,210953057829425;5,210953057822033;0,75;0,3331466233510538;0,33314662538309747
3,26;;5,230958091067995;5,230958091060551;;0,33038165527136276;0,3303816572927417
3,27;;5,2510399243372765;5,251039924329781;;0,3276396351909783;0,3276396372017297
3,2800000000000002;;5,271198852475307;5,271198852467759;;0,32492037265176243;0,32492037465192364
3,29;;5,2914351714520125;5,291435171444413;;0,32222367877629493;0,32222368076590313
3,3000000000000003;;5,311749178373567;5,311749178365915;;0,31954936625475283;0,3195493682338455
3,3099999999999996;;5,332141171486736;5,332141171479031;;0,31689724933190216;0,3168972513005168
3,32;;5,352611450183273;5,352611450175516;;0,3142671437941932;0,31426714575236725
3,3300000000000005;;5,373160315004304;5,373160314996494;;0,3116588669569669;0,31165886890473804
3,34;;5,3937880676447385;5,393788067636875;;0,3090722376517655;0,3090722395891718
3,35;;5,414495010957713;5,4144950109497945;;0,306507076213748;0,3065070781408271
3,36;;5,435281448959016;5,435281448951045;;0,3039632044692115;0,3039632063860015
3,37;;5,456147686831577;5,456147686823549;;0,3014404457232151;0,30144044762975397
3,38;;5,477094030929919;5,477094030921838;;0,29893862474730715;0,2989386266436329
3,39;;5,498120788784686;5,498120788776549;;0,29645756776735355;0,2964575696535045
3,4000000000000004;;5,5192282691071295;5,519228269098938;;0,293997102451468;0,29399710432748244
3,4099999999999997;;5,5404167817936605;5,540416781785414;;0,29155705789804204;0,2915570597639584
3,42;;5,561686637930397;5,561686637922094;;0,28913726462387374;0,28913726647973026
3,4299999999999997;;5,583038149797719;5,58303814978936;;0,28673755455239625;0,2867375563982315
3,44;;5,604471630874872;5,604471630866455;;0,28435776100200305;0,28435776283785547
3,45;;5,625987395844548;5,625987395836076;;0,28199771867447054;0,2819977205003787
3,46;;5,647585760597527;5,6475857605889965;;0,27965726364347654;0,279657265459479
3,47;;5,669267042237298;5,669267042228711;;0,27733623334321383;0,27733623514934924
3,4799999999999995;;5,691031559084725;5,69103155907608;;0,27503446655709907;0,2750344683534061
3,49;;5,71287963068272;5,712879630674017;;0,27275180340657396;0,2727518051930915
3,5000000000000004;;5,734811577800925;5,734811577792163;;0,27048808534000135;0,27048808711676814
3,51;;5,75682772244043;5,756827722431607;;0,2682431551216519;0,26824315688870665
3,52;;5,7789283878385005;5,7789283878296205;;0,2660168568207819;0,2660168585781634
3,53;;5,801113898473321;5,801113898464381;;0,2638090358008036;0,26380903754855084
3,54;;5,823384580068758;5,82338458005976;;0,2616195387085437;0,2616195404466954
3,55;;5,8457407595991455;5,845740759590086;;0,25944821346359165;0,2594482151921868
3,56;;5,86818276529408;5,86818276528496;;0,2572949092477365;0,2572949109668139
3,5700000000000003;;5,890710926643248;5,890710926634067;;0,25515947649449083;0,25515947820408935
3,58;;5,913325574401251;5,913325574392009;;0,25304176687870233;0,2530417685788611
3,5900000000000003;;5,936027040592478;5,936027040583175;;0,2509416333062512;0,250941634997009
3,5999999999999996;;5,958815658515965;5,958815658506599;;0,24885892990383318;0,24885893158522893
3,61;;5,981691762750298;5,981691762740872;;0,24679351200882665;0,2467935136808994
3,62;;6,004655689158523;6,004655689149033;;0,24474523615924604;0,24474523782203467
3,63;;6,027707774893068;6,027707774883517;;0,24271396008377547;0,24271396173731893
3,64;;6,0508483584007156;6,0508483583911;;0,24069954269188756;0,24069954433622476
3,65;;6,074077779427544;6,074077779417864;;0,23870184406404332;0,2387018456992132
3,66;;6,097396379023933;6,0973963790141905;;0,2367207254419733;0,23672072706801472
3,6700000000000004;;6,12080449954957;6,120804499539765;;0,2347560492190398;0,23475605083599163
3,6799999999999997;;6,14430248467847;6,1443024846686;;0,23280767893067866;0,23280768053857986
3,6900000000000004;;6,167890679404032;6,167890679394095;;0,2308754792449203;0,23087548084380963
3,6999999999999997;;6,191569430044078;6,191569430034077;;0,2289593159529907;0,2289593175429071
3,71;;6,215339084245981;6,215339084235914;;0,2270590559599879;0,22705905754097017
3,7199999999999998;;6,239199990991726;6,239199990981595;;0,22517456727563886;0,22517456884772555
3,73;;6,263152500603062;6,263152500592863;;0,22330571900513005;0,22330572056836018
3,74;;6,287196964746631;6,287196964736367;;0,22145238134001716;0,2214523828944293
3,75;11,375;6,311333736439135;6,311333736428805;0,333333333;0,21961442554920763;0,2196144270948405
3,7600000000000002;;6,335563170052527;6,3355631700421275;;0,21779172397001903;0,21779172550691134
3,7699999999999996;;6,359885621319195;6,35988562130873;;0,21598414999931292;0,21598415152750336
3,7800000000000002;;6,3843014473372115;6,384301447326676;;0,21419157808469957;0,21419157960422658
3,7900000000000005;;6,408811006575542;6,408811006564939;;0,2124138837158186;0,21241388522672072
3,8;;6,4334146588793395;6,433414658868669;;0,21065094341568963;0,21065094491800548
3,81;;6,458112765475217;6,458112765464477;;0,208902634732136;0,20890263622590388
3,82;;6,482905688976544;6,482905688965734;;0,2071688362292795;0,20716883771453795
3,83;;6,507793793388775;6,507793793377896;;0,20544942747910547;0,20544942895589277
3,84;;6,532777444114796;6,532777444103846;;0,20374428905309788;0,2037442905214523
3,85;;6,5578570079602905;6,557857007949268;;0,202053302513944;0,20205330397390378
3,8600000000000003;;6,583032853139114;6,583032853128022;;0,2003763504073078;0,20037635185891128
3,8699999999999997;;6,608305349278716;6,608305349267553;;0,19871331625367217;0,19871331769695744
3,88;;6,633674867425557;6,633674867414323;;0,1970640845402472;0,1970640859752523
3,8899999999999997;;6,6591417800505575;6,659141780039248;;0,19542854071294813;0,19542854213971111
3,9;;6,684706461054565;6,684706461043184;;0,19380657116843755;0,19380657258699638
3,91;;6,710369285773847;6,710369285762393;;0,19219806324623523;0,1921980646566277
3,92;;6,736130630985601;6,736130630974072;;0,19060290522089235;0,19060290662315643
3,93;;6,761990874913485;6,761990874901883;;0,18902098629423153;0,18902098768840495
3,94;;6,7879503972331685;6,787950397221493;;0,18745219658765064;0,1874521979737712
3,95;;6,814009579077915;6,814009579066165;;0,18589642713449098;0,1858964285125962
3,9600000000000004;;6,840168803044168;6,840168803032343;;0,18435356987246823;0,18435357124259572
3,9699999999999998;;6,866428453197171;6,8664284531852715;;0,18282351763616703;0,18282351899835425
3,9800000000000004;;6,892788915076616;6,89278891506464;;0,18130616414959655;0,18130616550388096
3,9899999999999998;;6,9192505757022795;6,919250575690226;;0,17980140401880992;0,17980140536522887
4,0;;6,945813823579737;6,945813823567609;;0,1783091327245822;0,1783091340631729
4,01;;6,9724790487060435;6,972479048693836;;0,17682924661515168;0,17682924794595145
4,02;;6,9992466425754625;6,999246642563181;;0,17536164289902006;0,1753616442220659
4,03;;7,026116998185232;7,0261169981728715;;0,17390621963781205;0,173906220953141
4,04;;7,053090510041299;7,053090510028861;;0,1724628757391959;0,17246287704684501
4,05;;7,080167574164151;7,080167574151633;;0,17103151094986063;0,17103151224986674
4,06;;7,107348588094605;7,107348588082007;;0,16961202584855323;0,16961202714095305
4,07;;7,1346339508996515;7,134633950886975;;0,16820432183917214;0,16820432312400244
4,08;;7,162024063178311;7,162024063165555;;0,16680830114392006;0,16680830242121752
4,09;;7,189519327067524;7,189519327054688;;0,1654238667965113;0,16542386806631243
4,1000000000000005;;7,217120146248046;7,217120146235129;;0,16405092263543694;0,16405092389777814
4,109999999999999;;7,2448269259503695;7,244826925937371;;0,16268937329728603;0,16268937455220375
4,12;;7,2726400729607;7,27264007294762;;0,16133912421012064;0,16133912545765106
4,130000000000001;;7,300559995626891;7,300559995613728;;0,16000008158690826;0,16000008282708755
4,14;;7,328587103864458;7,3285871038512145;;0,1586721524190068;0,15867215365187115
4,15;;7,356721809162618;7,35672180914929;;0,15735524446970375;0,15735524569528903
4,16;;7,384964524590286;7,384964524576874;;0,15604926626781074;0,15604926748615297
4,17;;7,413315664802175;7,413315664788678;;0,15475412710130904;0,15475412831244398
4,18;;7,441775646044865;7,441775646031286;;0,15346973701104935;0,15346973821501267
4,19;;7,470344886162936;7,470344886149272;;0,15219600678450274;0,15219600798133004
4,2;;7,499023804605068;7,499023804591319;;0,1509328479495648;0,1509328491392917
4,21;;7,527812822430235;7,527812822416399;;0,1496801727684099;0,1496801739510718
4,22;;7,55671236231386;7,5567123622999395;;0,14843789423139708;0,14843789540702926
4,2299999999999995;;7,585722848554043;7,585722848540037;;0,14720592605102653;0,14720592721966425
4,24;;7,614844707077776;7,61484470706368;;0,1459841826559461;0,14598418381762446
4,25;14,688;7,644078365447189;7,644078365433005;0,25;0,14477257918500783;0,14477258033976187
4,26;;7,673424252865853;7,673424252851581;;0,14357103148137318;0,14357103262923776
4,2700000000000005;;7,702882800185062;7,702882800170703;;0,1423794560866676;0,14237945722767756
4,279999999999999;;7,732454439910153;7,7324544398957045;;0,14119777023518426;0,14119777136937428
4,29;;7,762139606206887;7,762139606192351;;0,140025891848134;0,1400258929755387
4,3;;7,791938734907783;7,791938734893156;;0,13886373952794548;0,13886374064859947
4,31;;7,821852263518547;7,82185226350383;;0,1377112325526107;0,1377112336665483
4,32;;7,851880631224486;7,851880631209678;;0,13656829087007805;0,13656829197733356
4,33;;7,882024278896942;7,882024278882046;;0,13543483509269252;0,1354348361933001
4,34;;7,9122836490997965;7,912283649084807;;0,13431078649168077;0,13431078758567455
4,35;;7,942659186095934;7,942659186080851;;0,13319606699168335;0,13319606807909729
4,36;;7,97315133585379;7,9731513358386135;;0,13209059916533122;0,13209060024619915
4,37;;8,003760546053881;8,003760546038611;;0,1309943062278682;0,1309943073022239
4,38;;8,034487266095386;8,034487266080024;;0,12990711203181693;0,12990711309969402
4,390000000000001;;8,065331947102756;8,0653319470873;;0,12882894106169016;0,12882894212312218
4,3999999999999995;;8,0962950419323;8,096295041916749;;0,12775971842874573;0,12775971948376608
4,41;;8,127377005178886;8,12737700516324;;0,126699369865784;0,126699370914426
4,42;;8,158578293182565;8,158578293166823;;0,12564782172199046;0,1256478227642874
4,43;;8,189899364035307;8,18989936401947;;0,12460500095781916;0,12460500199380409
4,44;;8,221340677587712;8,221340677571778;;0,12357083513991972;0,12357083616962557
4,45;;8,252902695455758;8,252902695439724;;0,12254525243610641;0,12254525345956606
4,46;;8,284585881027581;8,284585881011452;;0,12152818161036825;0,12152818262761449
4,47;;8,31639069947029;8,316390699454061;;0,1205195520179215;0,12051955302898697
4,4799999999999995;;8,348317617736779;8,348317617720452;;0,11951929360030256;0,1195192946052197
4,49;;8,3803671045726;8,380367104556173;;0,11852733688050152;0,11852733787930282
4,5;;8,412539630522819;8,412539630506293;;0,117543612958137;0,11754361395085476
4,51;;8,444835667938957;8,44483566792233;;0,1165680535046697;0,11656805449133606
4,52;;8,477255690985901;8,477255690969173;;0,11560059075865683;0,11560059173930383
4,53;;8,50980017564888;8,509800175632051;;0,11464115752104499;0,11464115849570461
4,54;;8,542469599740441;8,54246959972351;;0,1136896871505033;0,11368968811920743
4,55;;8,575264442907475;8,57526444289044;;0,11274611355879387;0,11274611452157421
4,5600000000000005;;8,60818518663825;8,608185186621114;;0,11181037120618167;0,11181037216306978
4,569999999999999;;8,64123231426948;8,641232314252242;;0,11088239509688244;0,11088239604790986
4,58;;8,674406310993447;8,674406310976106;;0,10996212077454737;0,10996212171974543
4,590000000000001;;8,707707663865083;8,707707663847636;;0,109049484317787;0,10904948525718694
4,6;;8,741136861809137;8,741136861791585;;0,1081444223357308;0,1081444232693638
4,61;;8,774694395627382;8,774694395609723;;0,1072468719636237;0,10724687289152074
4,62;;8,808380758005772;8,808380757988006;;0,10635677085846054;0,10635677178065255
4,63;;8,84219644352171;8,842196443503838;;0,10547405719465491;0,10547405811117266
4,64;;8,876141948651302;8,876141948633324;;0,10459866965974535;0,10459867057061947
4,65;;8,910217771776644;8,910217771758557;;0,1037305474501361;0,10373054835539713
4,66;;8,944424413193126;8,944424413174929;;0,10286963026687443;0,1028696311665529
4,67;;8,978762375116798;8,978762375098494;;0,10201585831146179;0,10201585920558796
4,68;;9,013232161691743;9,01323216167333;;0,10116917228170053;0,10116917317030455
4,6899999999999995;;9,04783427899746;9,047834278978934;;0,10032951336757454;0,10032951425068654
4,7;;9,082569235056308;9,082569235037674;;0,09949682324716472;0,09949682412481461
4,71;;9,117437539840962;9,117437539822214;;0,0986710440825979;0,09867104495481557
4,72;;9,152439705281896;9,152439705263038;;0,0978521185160293;0,09785211938284441
4,73;;9,187576245274919;9,187576245255949;;0,09703998966565854;0,09703999052710066
4,74;;9,222847675688683;9,222847675669598;;0,09623460112177894;0,09623460197787762
4,75;7,188;9,25825451437229;9,258254514353093;0,25;0,0954358969428591;0,09543589779364361
4,760000000000001;;9,293797281162886;9,293797281143576;;0,09464382165165713;0,09464382249715686
4,77;;9,329476497893275;9,329476497873847;;0,09385832023136796;0,09385832107161192
4,78;;9,365292688399617;9,365292688380077;;0,09307933812180079;0,09307933895681798
4,79;;9,40124637852908;9,40124637850942;;0,09230682121559053;0,09230682204540984
4,8;;9,437338096147585;9,437338096127807;;0,09154071585443871;0,09154071667908892
4,81;;9,473568371147543;9,473568371127653;;0,09078096882538689;0,09078096964489665
4,82;;9,509937735455662;9,50993773543565;;0,09002752735712041;0,09002752817151818
4,83;;9,5464467230407;9,546446723020571;;0,0892803391163029;0,08928033992561715
4,84;;9,583095869921369;9,583095869901122;;0,08853935220394132;0,08853935300820034
4,8500000000000005;;9,619885714174169;9,619885714153803;;0,08780451515178098;0,08780451595101293
4,859999999999999;;9,65681679594128;9,656816795920793;;0,087075776918731;0,08707577771296393
4,87;;9,693889657438534;9,693889657417927;;0,0863530868873183;0,08635308767658006
4,88;;9,731104842963324;9,731104842942592;;0,08563639486017252;0,08563639564449099
4,89;;9,76846289890263;9,768462898881777;;0,08492565105653896;0,08492565183594182
4,9;;9,805964373741034;9,805964373720059;;0,08422080610882088;0,08422080688333566
4,91;;9,843609818068762;9,843609818047664;;0,08352181105915062;0,0835218118288048
4,92;;9,881399784589782;9,88139978456856;;0,08282861735598884;0,08282861812080972
4,93;;9,919334828129909;9,919334828108562;;0,0821411768507524;0,08214117761076722
4,9399999999999995;;9,957415505644954;9,95741550562348;;0,08145944179446975;0,08145944254970564
4,95;;9,995642376228906;9,995642376207305;;0,08078336483446456;0,0807833655849484
4,96;;10,034016001122126;10,034016001100397;;0,08011289901106652;0,08011289975682524
4,97;;10,0725369437196;10,072536943697745;;0,07944799775434956;0,07944799849540993
4,9799999999999995;;10,111205769579215;10,111205769557232;;0,07878861488089724;0,07878861561728583
4,99;;10,15002304643005;10,15002304640794;;0,07813470459059481;0,07813470532233807
5,0;;10,188989344180708;10,188989344158468;;0,07748622146344797;0,07748622219057237
5,01;;10,2281052349277;10,228105234905332;;0,07684312045642815;0,07684312117895993
5,0200000000000005;;10,267371292963842;10,267371292941341;;0,07620535690034372;0,07620535761830896
5,029999999999999;;10,306788094786658;10,306788094764027;;0,07557288649673743;0,07557288721016227
5,04;;10,346356219106896;10,346356219084132;;0,07494566531480926;0,07494566602371958
5,050000000000001;;10,386076246856973;10,386076246834078;;0,07432364978836543;0,07432365049278701
5,06;;10,425948761199527;10,425948761176496;;0,07370679671279214;0,07370679741275066
5,07;;10,465974347535997;10,465974347512834;;0,07309506324205421;0,07309506393757519
5,08;;10,506153593515174;10,506153593491875;;0,07248840688571971;0,07248840757682865
5,09;;10,546487089041872;10,546487089018438;;0,07188678550600822;0,07188678619273045
5,1;;10,58697542628556;10,58697542626199;;0,07129015731486407;0,07129015799722478
5,11;;10,627619199689079;10,627619199665368;;0,07069848087105376;0,070698481549078
5,12;;10,668419005977334;10,668419005953488;;0,07011171507728753;0,07011171575100032
5,13;;10,709375444166103;10,709375444142118;;0,06952981917736471;0,06952981984679094
5,140000000000001;;10,750489115570797;10,750489115546674;;0,06895275275334295;0,06895275341850729
5,1499999999999995;;10,791760623815286;10,791760623791024;;0,06838047572273077;0,06838047638365786
5,16;;10,833190574840803;10,8331905748164;;0,06781294833570324;0,06781294899241765
5,17;;10,874779576914776;10,874779576890234;;0,06725013117234153;0,06725013182486766
5,18;;10,916528240639819;10,916528240615133;;0,06669198513989434;0,06669198578825647
5,19;;10,958437178962662;10,958437178937835;;0,06613847147006273;0,06613847211428499
5,2;;11,000507007183154;11,000507007158184;;0,06558955171630737;0,06558955235641385
5,21;;11,042738342963307;11,042738342938193;;0,06504518775117799;0,06504518838719264
5,220000000000001;;11,085131806336367;11,085131806311107;;0,06450534176366511;0,06450534239561172
5,2299999999999995;;11,12768801971589;11,127688019690485;;0,06396997625657382;0,06396997688447614
5,24;;11,170407607904927;11,170407607879376;;0,06343905404391892;0,06343905466780057
5,25;10,063;11,213291198105143;11,213291198079443;0,0;0,06291253824834261;0,06291253886822706
5,26;;11,256339419926066;11,256339419900218;;0,06239039229855244;0,0623903929144631
5,27;;11,299552905394316;11,299552905368317;;0,061872579926781496;0,061872580538741534
5,28;;11,342932288962885;11,342932288936742;;0,06135906516626885;0,06135906577430149
5,29;;11,386478207520454;11,38647820749416;;0,060849812348761974;0,06084981295289025
5,3;;11,43019130040074;11,430191300374293;;0,06034478610203866;0,0603447867022855
5,3100000000000005;;11,474072209391883;11,47407220936529;;0,05984395134745041;0,05984395194383857
5,319999999999999;;11,51812157874587;11,518121578719123;;0,05934727329748585;0,05934727389003809
5,33;;11,56234005518801;11,562340055161108;;0,05885471745335423;0,05885471804209314
5,34;;11,606728287926387;11,606728287899331;;0,05836624960258964;0,05836625018753771
5,35;;11,651286928661435;11,651286928634223;;0,057881835816674186;0,05788183639785373
5,36;;11,696016631595484;11,696016631568117;;0,05740144244868136;0,05740144302611469
5,37;;11,740918053442373;11,740918053414848;;0,056925036130939424;0,056925036704648685
5,38;;11,785991853437087;11,785991853409405;;0,05645258377271318;0,056452584342720366
5,390000000000001;;11,83123869334544;11,8312386933176;;0,0559840525579058;0,055984053124232894
5,4;;11,876659237473772;11,876659237445775;;0,055519409942779395;0,05551941050544817
5,41;;11,922254152678747;11,92225415265059;;0,05505862365369456;0,055058624212726774
5,42;;11,968024108377094;11,968024108348775;;0,05460166168486866;0,05460166224028593
5,43;;12,013969776555463;12,013969776526984;;0,05414849229615281;0,054148492847976584
5,4399999999999995;;12,060091831780285;12,060091831751645;;0,05369908401082704;0,05369908455907875
5,45;;12,106390951207679;12,106390951178877;;0,053253405613414156;0,0532534061581151
5,46;;12,152867814593378;12,152867814564411;;0,052811426147511595;0,05281142668868293
5,47;;12,199523104302735;12,199523104273602;;0,052373114913641;0,052373115451303756
5,48;;12,246357505320725;12,246357505291428;;0,051938441467115806;0,05193844200129098
5,489999999999999;;12,293371705261986;12,293371705232524;;0,05150737561592708;0,051507376146635545
5,5;;12,34056639438097;12,340566394351342;;0,05107988741864575;0,05107988794590819
5,510000000000001;;12,387942265582009;12,387942265552216;;0,050655947182343355;0,050655947706180475
5,52;;12,435500014429524;12,435500014399558;;0,050235525460529604;0,050235525980961926
5,53;;12,48324033915825;12,483240339128116;;0,049818593051106586;0,049818593568154566
5,54;;12,531163940683442;12,53116394065314;;0,04940512099434115;0,04940512150802505
5,55;;12,57927152261122;12,579271522580749;;0,04899508057085263;0,04899508108119273
5,56;;12,62756379124886;12,627563791218217;;0,04858844329961859;0,04858844380663501
5,57;;12,676041455615186;12,676041455584361;;0,048185180935996254;0,048185181439709
5,58;;12,724705227450949;12,724705227419946;;0,04778526546976093;0,04778526597018988
5,59;;12,77355582122931;12,773555821198137;;0,04738866912316001;0,04738866962032503
5,6000000000000005;;12,822593954166338;12,822593954134991;;0,04699536434898396;0,04699536484290474
5,609999999999999;;12,87182034623148;12,871820346199954;;0,046605323828652886;0,046605324319348995
5,62;;12,921235720158212;12,92123572012651;;0,046218520470318644;0,046218520957809595
5,63;;12,97084080145457;12,970840801422693;;0,045834927406983514;0,04583492789128874
5,64;;13,020636318413878;13,02063631838182;;0,04545451799463378;0,04545451847577258
5,65;;13,070623002125387;13,070623002093148;;0,045077265810389094;0,04507726628838068
5,66;;13,120801586485008;13,12080158645259;;0,04470314465066738;0,044703145125530794
5,67;;13,17117280820614;13,171172808173537;;0,04433212852936434;0,044332129001118624
5,680000000000001;;13,22173740683042;13,221737406797637;;0,04396419167604883;0,043964192144712894
5,6899999999999995;;13,272496124738623;13,272496124705658;;0,043599308534172904;0,04359930899976554
5,7;;13,32344970716157;13,323449707128418;;0,0432374537592963;0,04323745422183617
5,71;;13,374598902191014;13,374598902157675;;0,04287860221732643;0,042878602676832175
5,72;;13,425944460790674;13,425944460757151;;0,04252272898277242;0,04252272943926255
5,7299999999999995;;13,477487136807252;13,477487136773542;;0,04216980933701383;0,042169809790506746
5,74;;13,529227686981496;13,529227686947598;;0,041819818766583694;0,04181981921709766
5,75;7,063;13,58116687095929;13,581166870925204;0,0;0,0414727329614659;0,041472733409019163
5,76;;13,63330545130284;13,633305451268562;;0,04112852781340658;0,04112852825801726
5,7700000000000005;;13,685644193501854;13,685644193467382;;0,04078717941423958;0,040787179855925684
5,779999999999999;;13,738183865984771;13,738183865950113;;0,04044866405422598;0,04044866449300542
5,79;;13,790925240130086;13,790925240095225;;0,040112958220406864;0,04011295865629745
5,800000000000001;;13,843869090277597;13,843869090242546;;0,03978003859497049;0,03978003902798997
5,81;;13,897016193739853;13,897016193704602;;0,03944988205363264;0,03944988248379865
5,82;;13,950367330813522;13,950367330778079;;0,039122465664030104;0,03912246609136015
5,83;;14,003923284790861;14,00392328475522;;0,03879776668412818;0,03879776710863974
5,84;;14,057684841971213;14,057684841935373;;0,03847576256064084;0,03847576298235123
5,8500000000000005;;14,111652791672553;14,111652791636518;;0,038156430927464235;0,038156431346390775
5,86;;14,165827926243072;14,165827926206838;;0,03783974960412332;0,03783975002028307
5,87;;14,220211041072819;14,22021104103638;;0,037525696594230856;0,037525697007640954
5,88;;14,274802934605368;14,27480293456873;;0,03721425008395994;0,037214250494637356
5,89;;14,329604408349553;14,329604408312708;;0,03690538844052864;0,03690538884849026
5,8999999999999995;;14,384616266891225;14,384616266854175;;0,036599090210697446;0,03659909061596006
5,91;;14,439839317905065;14,439839317867815;;0,036295334119279155;0,03629533452185943
5,92;;14,495274372166449;14,495274372128991;;0,0359940990676611;0,03599409946757569
5,93;;14,55092224356335;14,550922243525685;;0,03569536413233968;0,03569536452960509
5,94;;14,606783749108285;14,60678374907041;;0,035399108563467015;0,03539910895809964
5,949999999999999;;14,66285970895031;14,662859708912226;;0,03510531178340972;0,03510531217542593
5,96;;14,719150946387062;14,719150946348766;;0,034813953385319445;0,03481395377473549
5,970000000000001;;14,775658287876855;14,775658287838343;;0,03452501313171573;0,03452501351854776
5,9799999999999995;;14,832382563050775;14,832382563012047;;0,03423847095308013;0,034238471337344215
5,99;;14,889324604724933;14,889324604686003;;0,03395430694646211;0,0339543073281742
6,0;;14,94648524891263;14,946485248873483;;0,03367250137409682;0,03367250175327284
6,01;;15,003865334836654;15,003865334797288;;0,03339303466203404;0,033393035038689796
6,02;;15,061465704941591;15,061465704902009;;0,03311588739877857;0,03311588777292977
6,03;;15,119287204906225;15,11928720486642;;0,03284104033394194;0,03284104070560419
6,04;;15,177330683655885;15,17733068361587;;0,032568474376905306;0,03256847474609417
6,05;;15,235596993375008;15,235596993334772;;0,03229817059549344;0,03229817096222435
6,0600000000000005;;15,294086989519574;15,294086989479116;;0,03203011021465969;0,03203011057894805
6,069999999999999;;15,35280153082967;15,352801530788987;;0,031764274615181935;0,03176427497704299
6,08;;15,411741479342147;15,411741479301249;;0,03150064533236917;0,031500645691818145
6,09;;15,470907700403238;15,47090770036211;;0,03123920405477923;0,03123920441183124
6,1;;15,530301062681257;15,530301062639904;;0,030979932622946623;0,030979932977616698
6,11;;15,589922438179387;15,589922438137808;;0,030722813028121347;0,030722813380424395
6,12;;15,649772702248436;15,649772702206626;;0,030467827411017962;0,030467827760968878
6,13;;15,70985273359973;15,709852733557696;;0,03021495806057512;0,03021495840818868
6,140000000000001;;15,77016341431802;15,770163414275746;;0,029964187412725378;0,029964187758016243
6,15;;15,830705629874366;15,830705629831861;;0,02971549804917518;0,029715498392157987
6,16;;15,891480269139217;15,891480269096478;;0,02946887269619504;0,029468873036884315
6,17;;15,952488224395417;15,952488224352443;;0,029224294223419694;0,029224294561829886
6,18;;16,013730391351306;16,0137303913081;;0,028981745642658267;0,02898174597880374
6,1899999999999995;;16,075207669153905;16,075207669110466;;0,028741210106714293;0,028741210440609295
6,2;;16,13692096040208;16,1369209603584;;0,0285026709082154;0,02850267123987417
6,21;;16,19887117115978;16,19887117111586;;0,028266111478453107;0,028266111807889755
6,22;;16,261059210969396;16,26105921092524;;0,028031515386231692;0,028031515713460263
6,23;;16,32348599286509;16,3234859928207;;0,02779886633672705;0,027798866661761477
6,239999999999999;;16,386152433386165;16,38615243334153;;0,02756814817035485;0,027568148493209037
6,25;6,938;16,449059452590582;16,4490594525457;0,0;0,027339344861647998;0,027339345182335748
