0,0;1,5;1,5;1,5;2,5;2,5;2,5
0,01;;1,510024443034861;1,5089105121109476;;2,4962236799558615;2,5004708100613913
0,02;;1,52009722461229;1,517876360152145;;2,4924265171035453;2,500909728644759
0,03;;1,5302183154967461;1,5268977344757593;;2,488608496189266;2,501316540222374
0,04;;1,5403876823287588;1,5359748227208216;;2,4847696033155406;2,501691029684969
0,05;;1,550605287584236;1,5451078097368895;;2,480909825956526;2,5020329823776266
0,06;;1,5608710895340687;1,5542968775068748;;2,4770291529732793;2,5023421841361912
0,06999999999999999;;1,5711850422040403;1,5635422050690462;;2,4731275746289407;2,5026184213241915
0,08;;1,5815470953350617;1,5728439684382132;;2,46920508260383;2,502861480870283
0,09;;1,5919571943437438;1,5822023405260979;;2,465261670010454;2,503071150306199
0,1;;1,6024152802833247;1,5916174910609093;;2,4612973314084168;2,503247217805217
0,11;;1,612921289804967;1,6010895865061225;;2,4573120628192306;2,5033894722211363
0,12;;1,6234751551194397;1,6106187899784774;;2,453305861741022;2,503497703127759
0,13;;1,6340768039592044;1,6202052611652067;;2,4492787271631236;2,50357170085888
0,13999999999999999;;1,6447261595409166;1,6298491562405044;;2,4452306595805515;2,503611256548778
0,15;;1,6554231405283624;1,6395506277812462;;2,4411616610083584;2,503616162173209
0,16;;1,6661676609958451;1,6493098246819757;;2,4370717349958606;2,5035862105908935
0,16999999999999998;;1,6769596303920387;1,6591268920691677;;2,432960886640732;2,503521195585497
0,18;;1,6877989535043239;1,6690019712147859;;2,4288291226029557;2,5034209119081
0,19;;1,6986855304236221;1,6789351994491444;;2,4246764511186365;2,503285155320155
0,2;;1,7096192565097494;1,6889267100730951;;2,4205028820136576;2,50311372263692
0,21;;1,720600022357299;1,6989766322695508;;2,4163084267171855;2,50290641177137
0,22;;1,7316277137620752;1,709085091014363;;2,412093098275012;2,502663021778578
0,22999999999999998;;1,742702211688093;1,7192522069865745;;2,4078569113627277;2,5023833529005635
0,24;;1,7538233922351605;1,729478096478061;;2,4035998822987232;2,502067206611594
0,25;1,167;1,7649911266070604;1,7397628713025806;1,666666667;2,3993220290570143;2,5017143856639477
0,26;;1,77620528108035;1,7501066387042563;;2,395023371279876;2,501324694134116
0,27;;1,787465716973792;1,760509501265504;;2,3907039302902935;2,5008979374694493
0,27999999999999997;;1,7987722906184376;1,7709715568144337;;2,3863637291042124;2,5004339225352337
0,29;;1,8101248533283765;1,7814928983317413;;2,382002792442586;2,499932457662193
0,3;;1,8215232513721686;1,7920736138571176;;2,3776211467432202;2,499393352694408
0,31;;1,832967325944982;1,8027137863951936;;2,3732188201723963;2,498816419037645
0,32;;1,8444569131414428;1,8134134938210507;;2,368795842636283;2,4982014697080825
0,33;;1,8559918439292238;1,8241728087853173;;2,3643522457921162;2,497548319381431
0,33999999999999997;;1,867571944123383;1,8349917986188806;;2,359888063059151;2,4968567844424334
0,35000000000000003;;1,8791970343614717;1,8458705252372367;;2,355403329629375;2,4961266830347366
0,36;;1,8908669300794247;1,85680904504451;;2,3508980824779786;2,4953578351111263
0,37;;1,9025814414882563;1,8678074088371688;;2,346372360373579;2,4945500624841115
0,38;;1,914340373551571;1,8788656617074646;;2,341826203888185;2,493703188876849
0,38999999999999996;;1,9261435259639108;1,8899838429466274;;2,337259655406906;2,4928170399743967
0,4;;1,9379906931299535;1,9011619859478461;;2,3326727591373912;2,4918914434752852
0,41000000000000003;;1,9498816641445778;1,912400118109067;;2,3280655611189993;2,4909262291433913
0,42;;1,961816222773812;1,9236982607356405;;2,323438109231689;2,4899212288601063
0,43;;1,9737941474366845;1,9350564289428511;;2,3187904532046266;2,4888762766767805
0,44;;1,9858152111879863;1,9464746315583645;;2,3141226446245073;2,4877912088674363
0,44999999999999996;;1,997879181701969;1,9579528710246255;;2,3094347369435764;2,48666586398173
0,45999999999999996;;2,0099858212569877;1,969491143301243;;2,3047267854873548;2,485500082898154
0,47000000000000003;;2,0221348867211066;1,9810894377673995;;2,2999988474620574;2,48429370887746
0,48;;2,034326129538684;1,9927477371243207;;2,2952509819617;2,4830465876162893
0,49;;2,0465592957179495;2,004466017297843;;2,2904832499748893;2,4817585673009983
0,5;;2,05883412581959;2,016244247341122;;2,285695714391293;2,4804294986616577
0,51;;2,071150354946359;2,028082389337515;;2,2808884400077787;2,479059235026212
0,52;;2,083507712733722;2,039980398303683;;2,2760614935342254;2,4776476323747834
0,53;;2,0959059233415567;2,0519382220929527;;2,271214943598991;2,4761945493941004
0,54;;2,1083447054469167;2,063955801298981;;2,266348860754043;2,4746998475320363
0,5499999999999999;;2,1208237722378764;2,076033069159758;;2,2614633174797363;2,4731633910522373
0,5599999999999999;;2,1333428314084695;2,0881699514620067;;2,2565583881892413;2,4715850470888228
0,5700000000000001;;2,1459015851547343;2,100366366446007;;2,2516341492326113;2,4699646857011395
0,58;;2,1584997301718807;2,1126222247109023;;2,24669067890049;2,468302179928547
0,59;;2,171136957652588;2,1249374291205285;;2,24172805742745;2,4665974058452242
0,6;;2,18381295328645;2,1373118747098085;;2,2367463669949585;2,4648502426149603
0,61;;2,1965273972605757;2,149745448591772;;2,231745691733967;2,4630605725459302
0,62;;2,209279964261365;2,162238029865233;;2,2267261177271203;2,4612282811454156
0,63;;2,2220703234774586;2,1747894895231856;;2,2216877330105795;2,4593532571744614
0,64;;2,234898138603887;2,187399690361962;;2,2166306275754546;2,4574353927024424
0,65;;2,2477630678474187;2,2000684868912015;;2,2115548933688434;2,455474583161516
0,66;;2,260664763933127;2,212795725244688;;2,2064606242944724;2,453470727400946
0,67;;2,2736028741121768;2,225581243092098;;2,2013479162129372;2,451423727741264
0,6799999999999999;;2,286577040170848;2,238424869551718;;2,1962168669415334;2,449333490028255
0,69;;2,299586898440803;2,2513264251041805;;2,191067576253681;2,4471999236867403
0,7000000000000001;;2,31263207981061;2,2642857215072727;;2,1859001458779344;2,445022941774131
0,7100000000000001;;2,3257122097385188;2,2773025617118696;;2,1807146794965755;2,4428024610337324
0,72;;2,338826908266518;2,290376739779048;;2,1755112827437886;2,4405384019477747
0,73;;2,3519757900356635;2,303508040798433;;2,1702900632034097;2,43823068879014
0,74;;2,365158464302692;2,316696240807836;;2,1650511304062507;2,435879249678769
0,75;2,547;2,3783745349579304;2,3299411067142337;2,0;2,159794595826995;2,433484016627715
0,76;;2,391623600544502;2,3432423962161475;;2,154520572880659;2,431044925598823
0,77;;2,4049052542788387;2,3565998577274803;;2,1492291769186216;2,428561916553005
0,7799999999999999;;2,4182190840725;2,3700132303028636;;2,1439205252242144;2,4260349335010933
0,79;;2,431564672555317;2,383482243564576;;2,1385947370078737;2,423463924554235
0,8;;2,4449415970998443;2,39700661763108;;2,133251933401851;2,4208488419738052
0,8099999999999999;;2,4583494298471495;2,410586063047252;;2,1278922374544775;2,41818964222082
0,8200000000000001;;2,471787737733923;2,4242202807163453;;2,1225157741239866;2,415486286004805
0,83;;2,485256082520921;2,4379089618337497;;2,117122670271885;2,412738738332113
0,84;;2,498754020822747;2,451651787822611;;2,1117130546558776;2,409946968553642
0,8500000000000001;;2,5122811041389648;2,4654484302713597;;2,1062870579223416;2,4071109504119477
0,86;;2,5258368788865537;2,4792985508732097;;2,1008448125983494;2,4042306620877034
0,8699999999999999;;2,539420886433701;2,4932018013676873;;2,0953864530832362;2,4013060862454925
0,88;;2,553032663134938;2,507157823484245;;2,0899121156397187;2,3983372100788998
0,89;;2,5666717403676116;2,5211662488880147;;2,0844219383845553;2,3953240253548755
0,8999999999999999;;2,5803376445697;2,5352266991277697;;2,0789160612787545;2,3922665284573434
0,91;;2,5940298972789653;2,549338785586136;;2,0733946261173264;2,389164720430024
0,9199999999999999;;2,6077480151734442;2,563502109432124;;2,0678577765185793;2,386018607018447
0,9299999999999999;;2,6214915101132754;2,5777162615760303;;2,0623056579129604;2,382828198711122
0,9400000000000001;;2,6352598891838555;2,591980822626767;;2,056738417531447;2,379593510779843
0,95;;2,6490526547403266;2,6062953628516783;;2,051156204393473;2,3763145633190916
0,96;;2,6628693044533924;2,6206594421388916;;2,0455591692944095;2,37299138128452
0,97;;2,676709331356451;2,635072609962272;;2,039947464792588;2,3696239945304782
0,98;;2,690572223894047;2,6495344053490197;;2,034321245195874;2,3662124378465617
0,9900000000000001;;2,7044574659716316;2,664044356849977;;2,0286806665477863;2,3627567509931473
1,0;;2,718364537006629;2,6786019825126908;;2,023025886613169;2,3592569787358966
1,01;;2,7322929119808035;2,6932067898572885;;2,017357064863413;2,3557131708791905
1,02;;2,746242061493909;2,707858275855215;;2,011674362461232;2,3521253822984747
1,03;;2,7602114518186305;2,7225559269108888;;2,0059779422449946;2,3484936729714856
1,04;;2,774200544956794;2,7372992188463194;;2,000267968712611;2,3448181080083286
1,05;;2,7882087986968442;2,752087616888745;;1,9945446080049825;2,341098757680384
1,06;;2,8022356666725767;2,7669205756613326;;1,9888080278890095;2,337335697448013
1,0699999999999998;;2,816280598423116;2,781797539176994;;1,9830583977401683;2,333529007987039
1,08;;2,830343039454128;2,796717940835358;;1,9772958885246532;2,3296787752139734
1,09;;2,8444224313002557;2,811681203422955;;1,9715206727810894;2,3257850903099673
1,0999999999999999;;2,8585182115887657;2,8266867391166453;;1,9657329246018214;2,3218480497434584
1,11;;2,872629814104396;2,841733949490351;;1,9599328196137766;2,3178677552914886
1,1199999999999999;;2,8867566688553827;2,8568222255251157;;1,954120534958914;2,313844314059673
1,13;;2,9008982021406675;2,8719509476225564;;1,9482962492742526;2,309777838500786
1,1400000000000001;;2,915053836618255;2,8871194856217204;;1,9424601426714934;2,3056684464319535
1,15;;2,9292229913747168;2,902327198819407;;1,9366123967162354;2,3015162610504185
1,16;;2,943405081995823;2,9175734359939867;;1,930753194406783;2,297321410947856
1,17;;2,957599520638282;2,932857535432743;;1,9248827201525636;2,29308403012323
1,18;;2,971805716102578;2,9481788249627856;;1,9190011597521484;2,2888042579941517
1,1900000000000002;;2,9860230739068867;2,963536621985558;;1,9131087003708862;2,284482239406725
1,2;;3,000250996362044;2,978930233514972;;1,9072055305181546;2,280118124643871
1,21;;3,0144888826475698;2,9943589562192026;;1,9012918400242347;2,27571206943209
1,22;;3,028736128888701;3,0098220764661683;;1,8953678200168138;2,2712642349466567
1,23;;3,0429921282344377;3,0253188703727187;;1,8894336628971227;2,26677478781523
1,24;;3,0572562709365694;3,0408486038575595;;1,8834895623157117;2,2622439001198473
1,25;2,172;3,071527944429667;3,0564105326979356;1,333333333;1,877535713147876;2,257671749397304
1,26;;3,0858065334120175;3,072003902590089;;1,87157231146873;2,2530585186378826
1,27;;3,100091419927479;3,087627949213515;;1,8655995545279422;2,2484043962824334
1,28;;3,11438198344824;3,103281898299027;;1,859617640724137;2,243709576217781
1,29;;3,128677600958451;3,118964965700652;;1,8536267695789657;2,2389742577704435
1,3;;3,1429776470387183;3,134676357471358;;1,8476271417108596;2,2341986456986556
1,31;;3,157281493951422;3,1504152699426373;;1,8416189588084686;2,229382950182679
1,32;;3,171588511726851;3,16618088980794;;1,8356024236037924;2,2245273868133926
1,3299999999999998;;3,185898068250114;3,181972394209972;;1,8295777398450148;2,2196321765791454
1,34;;3,20020952934882;3,19778895083186;;1,823545112269044;2,2146975458508704
1,35;;3,2145222588814835;3,2136297179921796;;1,8175047465737733;2,2097237263654432
1,3599999999999999;;3,2288356188266505;3,2294938447438515;;1,8114568493900607;2,204710955207283
1,37;;3,2431489693727014;3,245380470976902;;1,8054016282534444;2,1996594747881826
1,38;;3,257461669008313;3,2612887275250726;;1,799339291575599;2,1945695328253736
1,39;;3,2717730746135567;3,2772177362762895;;1,7932700486155373;2,1894413823178036
1,4000000000000001;;3,2860825415515977;3,2931666102869612;;1,7871941094505717;2,184275281520638
1,41;;3,3003894237609748;3,309134453900107;;1,7811116849470394;2,179071493917973
1,4200000000000002;;3,3146930738484284;3,325120362867294;;1,7750229867308036;2,1738302881937654
1,43;;3,3289928431822533;3,341123424474364;;1,7689282271575357;2,1685519382009684
1,44;;3,343288081986148;3,3571427176709383;;1,76282761928279;2,1632367229288847
1,4500000000000002;;3,357578139433526;3,3731773132036653;;1,75672137683188;2,15788492646873
1,46;;3,371862363742269;3,3892262737531946;;1,750609714169563;2,1524968379774116
1,47;;3,38614010226989;3,4052886540748526;;1,7444928462695437;2,147072751639527
1,48;;3,400410701609073;3,421363501142974;;1,7383709886838086;2,141612966627584
1,49;;3,4146735076835655;3,437449854298877;;1,7322443575117938;2,136117787060448
1,5;;3,428927865844393;3,45354674540243;;1,7261131693694034;2,1305875219600265
1,51;;3,4431731209663643;3,469653198987182;;1,7199776413578824;2,125022485206195
1,52;;3,45740861754484;3,4857682324190145;;1,7138379910325567;2,1194229954899737
1,53;;3,4716336997927297;3,5018908560582673;;1,707694436371448;2,113789376264966
1,54;;3,485847711737694;3,5180200734253013;;1,7015471957437747;2,1081219556970674
1,55;;3,500049997319516;3,5341548813694414;;1,695396487878348;2,102421066612462
1,5599999999999998;;3,514239900487616;3,550294270241258;;1,6892425318318738;2,096687046443911
1,5699999999999998;;3,5284167652986724;3,5664372240681286;;1,683085546957166;2,0909202371753586
1,58;;3,542579936014327;3,582582720733027;;1,6769257528712902;2,0851209852848616
1,59;;3,5567287571989334;3,598729732156477;;1,6707633694236383;2,079289641685862
1,6;;3,5708625738173323;3,614877224481628;;1,6645986166639477;2,073426561666823
1,6099999999999999;;3,5849807313326063;3,6310241582623637;;1,658431714810278;2,0675321048292443
1,6199999999999999;;3,5990825758037968;3,647169488654405;;1,65226288421695;2,0616066350240776
1,63;;3,6131674539835426;3,663312165609318;;1,6460923453424594;2,0556505202865605
1,6400000000000001;;3,6272347134156173;3,679451134071379;;1,639920318717379;2,0496641327694958
1,6500000000000001;;3,6412837025323324;3,69558533417721;;1,6337470249122505;2,0436478486749943
1,66;;3,6553137707517678;3,711713701458114;;1,6275726845054854;2,0376020481847097
1,67;;3,669324268574813;3,727835167045043;;1,6213975180512792;2,0315271153885868
1,68;;3,683314547681978;3,7439486578761065;;1,6152217460475502;2,02542343821215
1,69;;3,697283961029947;3,760053096906555;;1,6090455889039155;2,0192914083423634
1,7000000000000002;;3,7112318629478414;3,7761474033211444;;1,6028692669097098;2,0131314211520817
1,71;;3,72515760923317;3,792230492748808;;1,5966930002020603;2,0069438756231337
1,72;;3,7390605572474294;3,8083012774795426;;1,5905170087340261;2,000729174268052
1,73;;3,752940066011323;3,8243586666834237;;1,5843415122428137;1,9944877230504998
1,7399999999999998;;3,766795496299577;3,840401566631661;;1,578166730218076;1,9882199313044087
1,75;4,969;;;1,0;;
1,7500000000000002;;3,7806262107353192;3,8564288809196055;;1,5719928818703046;1,98192621165187
1,76;;3,794431573883985;3,872439510691602;;1,5658201860993306;1,975606979919814
1,77;;3,80821095234674;3,8884323548676183;;1,5596488614629347;1,9692626550555024
1,78;;3,8219637148533665;3,9044063103715283;;1,5534791261455831;1,962893659040883
1,79;;3,8356892323546066;3,9203602723609645;;1,5473111979272969;1,9565004168058313
1,7999999999999998;;3,849386878113917;3,9362931344586425;;1,5411452941526627;1,9500833561403224
1,81;;3,8630560277986237;3,9522037889850545;;1,534981631699996;1,9436429076055661
1,82;;3,8766960595704303;3,9680911271924235;;1,5288204269506667;1,9371795044441522
1,83;;3,890306354175272;3,9839540394998307;;1,5226618957585927;1,9306935824892333
1,8399999999999999;;3,903886295032472;3,9997914157293972;;1,5165062534199163;1,9241855800727954
1,8499999999999999;;3,917435268323187;4,015602145343426;;1,5103537146428663;1,917655937933051
1,8599999999999999;;3,9309526630780987;4,031385117682389;;1,5042044935178207;1,9111050991209966
1,87;;3,9444378712643506;4,047139222203663;;1,4980588034875715;1,9045335089061801
1,8800000000000001;;3,957890287871675;4,062863348720896;;1,4919168573178108;1,8979416146817143
1,8900000000000001;;3,971309310997709;4,078556387643905;;1,4857788670678338;1,8913298658685829
1,9;;3,984694341932464;4,094217230218996;;1,4796450440614801;1,8846987138192828
1,91;;3,9980447852419205;4,1098447687695865;;1,4735155988583104;1,8780486117208441
1,92;;4,011360048850739;4,125437896937029;;1,467390741225036;1,8713800144972736
1,9300000000000002;;4,024639544124047;4,140995509921533;;1,4612706801072024;1,8646933787114648
1,94;;4,037882685948287;4,156516504723053;;1,455155623601139;1,8579891624666207
1,95;;4,051088892811108;4,171999780382056;;1,449045778926181;1,8512678253072339
1,96;;4,064257586880264;4,187444238220045;;1,4429413523971715;1,8445298281196694
1,97;;4,077388194081519;4,202848782079721;;1,436842549397251;1,8377756330323942
1,9800000000000002;;4,090480144175511;4,218212318564698;;1,4307495743509429;1,8310057033159037
1,9900000000000002;;4,103532870833581;4,233533757278624;;1,4246626306975405;1,8242205032823866
2,0;;4,116545811712527;4,248812011063639;;1,4185819208648038;1,8174204981851751
2,01;;4,129518408528275;4,264045996238019;;1,4125076462429715;1,8106061541180292
2,02;;4,142450107128445;4,279234632832931;;1,406440007159098;1,8037779379142997
2,03;;4,155340357563787;4,294376844828163;;1,4003792028517181;1,796936317046016
2,04;;4,168188614158482;4,309471560386748;;1,394325431445848;1,7900817595229426
2,0500000000000003;;4,180994335579281;4,324517712088341;;1,3882788899283298;1,783214733791659
2,06;;4,193756984903465;4,339514237161277;;1,3822397741235224;1,7763357086346985
2,07;;4,206476029685616;4,354460077713169;;1,3762082786693468;1,7694451530697954
2,08;;4,219150942023181;4,369354180959981;;1,3701845969936914;1,762543536249293
2,09;;4,231781198620806;4,384195499453422;;1,364168921291185;1,7556313273597501
2,1;;4,244366280853445;4,398982991306614;;1,3581614425003343;1,748708995521792
2,11;;4,256905674828197;4,413715620417876;;1,352162350281046;1,7417770096902576
2,12;;4,269398871444902;4,428392356692574;;1,3461718329925194;1,7348358385546772
2,13;;4,281845366455445;4,443012176262895;;1,340190077671534;1,7278859504401383
2,1399999999999997;;4,29424466052177;4,457574061705485;;1,3342172700111206;1,7209278132085695
2,15;;4,3065962592726015;4,472077002256815;;1,3282535943396305;1,7139618941605002
2,16;;4,31889967335884;4,486519994026216;;1,3222992336002026;1,7069886599373252
2,17;;4,3311544185076505;4,500902040206473;;1,3163543693306319;1,70000857642413
2,18;;4,34336001557521;4,515222151281879;;1,3104191816436468;1,6930221086531103
2,19;;4,355515990598113;4,529479345233679;;1,304493849207595;1,6860297207076316
2,1999999999999997;;4,367621874843427;4,543672647742795;;1,2985785492275441;1,6790318756269684
2,21;;4,3796772048573995;4,557801092389768;;1,2926734574267982;1,6720290353117635
2,22;;4,391681522512782;4,571863720851803;;1,2867787480288364;1,66502166043025
2,23;;4,4036343750548;4,585859583096871;;1,2808945937396716;1,6580102103252712
2,2399999999999998;;4,415535315145733;4,599787737574763;;1,2750211657306374;1,6509951429221401
2,25;5,125;4,427383900908121;4,613647251405018;2,0;1,2691586336216005;1,6439769146373744
2,26;;4,439179695966567;4,627437200561662;;1,2633071654646078;1,6369559802883489
2,27;;4,4509222694881645;4,64115667005468;;1,2574669277279589;1,6299327930038907
2,2800000000000002;;4,462611196221516;4,654804754108143;;1,251638085280722;1,6229078041358698
2,29;;4,474246056534358;4,668380556334929;;1,245820801377678;1,615881463171801
2,3;;4,48582643644978;4,681883189907964;;1,2400152376447064;1,6088542176485074
2,31;;4,497351927681042;4,695311777727935;;1,2342215540646089;1,601826513066867
2,32;;4,5088221276649865;4,708665452587379;;1,2284399089633755;1,5947987928076839
2,33;;4,520236639594043;4,721943357331138;;1,2226704589968864;1,5877714980487052
2,34;;4,531595072446823;4,735144645013075;;1,2169133591380628;1,580745067682827
2,35;;4,542897041017316;4,748268479049032;;1,2111687626644536;1,5737199382375038
2,36;;4,5541421659426735;4,761314033365949;;1,2054368211462705;1,5666965437954066
2,37;;4,5653300737295925;4,774280492547131;;1,1997176844348618;1,5596753159163408
2,3800000000000003;;4,576460396779295;4,787167051973574;;1,194011500651633;1,5526566835604656
2,39;;4,587532773411111;4,799972917961339;;1,1883184161774083;1,5456410730128283
2,4;;4,598546847884661;4,812697307894929;;1,1826385756422342;1,5386289078092468
2,41;;4,609502270420654;4,825339450356604;;1,1769721219156293;1,5316206086635595
2,42;;4,620398697220284;4,837898585251629;;1,1713191960972709;1,5246165933962674
2,4299999999999997;;4,631235790483255;4,850373963929412;;1,165679937508126;1,5176172768645875
2,44;;4,642013218424423;4,86276484930049;;1,160054483682019;1,5106230708939425
2,45;;4,65273065528906;4,87507051594935;;1,1544429703576433;1,503634384210902
2,46;;4,663387781366762;4,887290250243055;;1,1488455314710033;1,4966516223775956
2,4699999999999998;;4,673984283003985;4,899423350435645;;1,143262299148298;1,489675187727617
2,48;;4,684519852615237;4,911469126768312;;1,1376934036992352;1,4827054793034313
2,4899999999999998;;4,694994188692921;4,9234269015653;;1,1321389736107814;1,4757428927953078
2,5;;4,7054069958158395;4,935296009325553;;1,1265991355413385;1,4687878204817824
2,5100000000000002;;4,715757984656372;4,947075796810075;;1,121074014315353;1,4618406511716753
2,52;;4,726046871986335;4,958765623124992;;1,115563732918348;1,4549017701476663
2,53;;4,736273380681522;4,970364859800326;;1,1100684124923799;1,4479715591114422
2,54;;4,746437239724957;4,9818728908644605;;1,1045881723319164;1,4410503961304277
2,55;;4,7565381842088446;4,993289112914301;;1,099123129880136;1,4341386555861106
2,56;;4,766575955335249;5,004612935181145;;1,0936734007256366;1,42723670812396
2,5700000000000003;;4,7765503004155;5,01584377959223;;1,0882390985995638;1,42034492060496
2,58;;4,786460972868342;5,0269810808280155;;1,0828203353731443;1,413463656058748
2,59;;4,796307732216838;5,038024286375158;;1,0774172210556285;1,4065932736383753
2,6;;4,806090344084039;5,048972856575226;;1,0720298637926344;1,3997341285766893
2,6100000000000003;;4,815808580187435;5,059826264669147;;1,0666583698648928;1,3928865721443389
2,62;;4,825462218332195;5,070583996837416;;1,0613028436873875;1,3860509516094064
2,63;;4,835051042403215;5,081245552236071;;1,055963387808889;1,379227610198669
2,64;;4,8445748423559785;5,091810443028467;;1,0506401029118762;1,3724168870604856
2,65;;4,854033414206257;5,102278194412863;;1,0453330878128424;1,3656191172293126
2,6599999999999997;;4,863426560018651;5,1126483446458515;;1,0400424394629846;1,3588346315918425
2,67;;4,872754087893997;5,122920445061656;;1,034768252949265;1,352063756854765
2,68;;4,882015811955641;5,133094060087321;;1,0295106214958514;1,3453068155141492
2,69;;4,891211552334615;5,143168767253837;;1,024269636465919;1,3385641258264342
2,7;;4,900341135153706;5,153144157203218;;1,0190453873638203;1,3318360017810327
2,71;;4,909404392510456;5,163019833691578;;1,0138379618376139;1,3251227530745335
2,7199999999999998;;4,918401162459092;5,172795413588245;;1,0086474456819465;1,318424685086501
2,73;;4,9273312889914145;5,182470526870937;;1,003473922841285;1,3117420988568562
2,74;;4,936194622016646;5,192044816617048;;0,9983174754134987;1,3050752910648449
2,75;8,063;4,944991017340274;5,201517938991108;1,5;0,9931781836537743;1,2984245540095622
2,76;;4,95372033664189;5,210889563228416;;0,9880561259788729;1,2917901755920433
2,77;;4,962382447452047;5,220159371614932;;0,9829513789717155;1,285172439298896
2,78;;4,970977223128149;5,229327059463455;;0,9778640173862942;1,278571624187469
2,79;;4,979504542829403;5,238392335086137;;0,9727941141529053;1,2719880048725427
2,8000000000000003;;4,987964291490826;5,247354919763397;;0,9677417403836965;1,2654218515145264
2,81;;4,99635635979635;5,256214547709264;;0,9627069653785267;1,2588734298091508
2,82;;5,004680644151023;5,264970966033225;;0,9576898566311288;1,2523430009786405
2,83;;5,012937046652334;5,273623934698615;;0,9526904798355744;1,245830821764349
2,8400000000000003;;5,021125475060685;5,282173226477615;;0,9477088988930323;1,2393371444208439
2,85;;5,029245842768996;5,290618626902906;;0,9427451759188168;1,2328622167114216
2,86;;5,03729806877152;5,2989599342160485;;0,9377993712497195;1,2264062819050392
2,87;;5,045282077631815;5,307196959312634;;0,9328715434516202;1,219969578774641
2,88;;5,0531977994499515;5,315329525684278;;0,9279617493273707;1,213552341596864
2,8899999999999997;;5,061045169828937;5,323357469357507;;0,9230700439249472;1,2071548001531058
2,9000000000000004;;5,068824129840393;5,331280638829613;;0,918196480545861;1,2007771797319273
2,91;;5,076534625989485;5,339098895001515;;0,913341110753834;1,1944197011327877
2,92;;5,084176610179153;5,346812111107732;;0,9085039843837144;1,188082580671065
2,93;;5,091750039673629;5,35442017264348;;0,9036851495506473;1,1817660301843722
2,94;;5,0992548770612816;5,361922977289;;0,8988846526594801;1,175470257040123
2,9499999999999997;;5,10669109021679;5,369320434831159;;0,8941025384144045;1,1691954641443414
2,96;;5,114058652262689;5,3766124670824;;0,8893388498288246;1,1629418499516841
2,97;;5,121357541530264;5,383799007797102;;0,8845936282354528;1,156709608476663
2,98;;5,128587741519865;5,390880002585422;;0,879866913296618;1,1504989293060341
2,9899999999999998;;5,135749240860609;5,397855408824677;;0,8751587430147897;1,1443099976123419
3,0;;5,142842033269524;5,404725195568352;;0,870469153743305;1,1381429941685866
3,01;;5,149866117510132;5,411489343452771;;0,8657981801973019;1,1319980953640003
3,02;;5,156821497350498;5,418147844601534;;0,8611458554648408;1,1258754732209
3,0300000000000002;;5,16370818152077;5,424700702527764;;0,8565122110182205;1,1197752954126001
3,04;;5,170526183670198;5,4311479320342375;;0,8518972767254769;1,1136977252823592
3,05;;5,177275522323696;5,437489559111479;;0,8473010808620598;1,1076429218633363
3,06;;5,183956220837922;5,443725620833863;;0,8427236501226832;1,101611039899533
3,0700000000000003;;5,190568307356921;5,449856165253821;;0,8381650096333428;1,0956022298676975
3,08;;5,197111814767328;5,455881251294197;;0,8336251829634957;1,0896166380001693
3,09;;5,203586780653175;5,461800948638837;;0,8291041921383967;1,0836544063086335
3,1;;5,209993247250286;5,46761533762147;;0,8246020576515849;1,0777156726087675
3,11;;5,21633126140031;5,473324509112951;;0,8201187984775179;1,0718005705457525
3,1199999999999997;;5,222600874504383;5,478928564406939;;0,8156544320843444;1,0659092296206236
3,1300000000000003;;5,228802142476452;5,484427615104068;;0,8112089744468113;1,0600417752174385
3,1399999999999997;;5,234935125696271;5,489821782994683;;0,8067824400593054;1,0541983286312386
3,15;;5,240999888962089;5,495111199940211;;0,8023748419490114;1,048379007096774
3,16;;5,246996501443038;5,500296007753216;;0,7979861916891973;1,042583923817977
3,17;;5,252925036631257;5,505376358076242;;0,7936164994126075;1,0368131879981497
3,18;;5,258785572293741;5,51035241225945;;0,789265773824969;1,0310669048708492
3,19;;5,264578190423954;5,5152243412371815;;0,7849340222185991;1,025345175731444
3,2;;5,270302977193214;5,519992325403453;;0,7806212504861124;1,0196480979693152
3,2099999999999995;;5,27596002290186;5,524656554486483;;0,7763274631342222;1,0139757651006815
3,2199999999999998;;5,281549421930224;5,529217227422296;;0,7720526632976284;1,008328266802023
3,2300000000000004;;5,287071272689421;5,533674552227485;;0,7677968527529928;1,0027056889440817
3,2399999999999998;;5,292525677571974;5,5380287458711495;;0,7635600319329915;0,9971081136264147
3,25;8,719;5,297912742902285;5,542280034146149;1,333333333;0,7593421999404373;0,9915356192124689
3,26;;5,30323257888697;5,546428651539637;;0,755143354562481;0,9859882803651745
3,27;;5,308485299565071;5,5504748411030125;;0,7509634922848685;0,9804661680830085
3,2800000000000002;;5,313671022758161;5,554418854321304;;0,7468026083062616;0,974969349736526
3,29;;5,3187898700203595;5,558260950982064;;0,7426606965526146;0,9694978891053265
3,3000000000000003;;5,323841966588259;5,562001399043821;;0,7385377496916007;0,9640518464154353
3,3099999999999996;;5,328827441330795;5,5656404745041455;;0,7344337591470855;0,9586312783770792
3,32;;5,33374642669906;5,569178461267398;;0,730348715113641;0,9532362382228319
3,3300000000000005;;5,338599058676081;5,572615651012194;;0,7262826065711001;0,9478667757461122
3,34;;5,343385476726571;5,575952343058653;;0,7222354212991422;0,942522937340009
3,35;;5,348105823746669;5,5791888442354844;;0,7182071458919067;0,9372047660364116
3,36;;5,352760246013681;5,582325468746951;;0,7141977657726357;0,9319123015454329
3,37;;5,357348893135831;5,585362538039772;;0,7102072652083333;0,9266455802950943
3,38;;5,361871918002042;5,5883003806700176;;0,7062356273244437;0,9214046354712577
3,39;;5,3663294767317575;5,591139332170024;;0,7022828341195415;0,916189497057786
3,4000000000000004;;5,370721728624805;5,5938797349154035;;0,6983488664800311;0,9110001918769077
3,4099999999999997;;5,375048836111323;5,596521937992178;;0,6944337041948521;0,9058367436297733
3,42;;5,3793109647017765;5,599066297064092;;0,690537325970181;0,9006991729371729
3,4299999999999997;;5,383508282937031;5,601513174240139;;0,68665970944414;0,8955874973804155
3,44;;5,387640962338542;5,6038629379423615;;0,6828008312014882;0,8905017315423271
3,45;;5,391709177358647;5,606115962773949;;0,6789606667883124;0,8854418870483749
3,46;;5,395713105330968;5,608272629387695;;0,6751391907266985;0,8804079726078778
3,47;;5,399652926420951;5,610333324354834;;0,6713363765293899;0,8753999940553024
3,4799999999999995;;5,403528823576539;5,61229844003432;;0,6675521967144236;0,8704179543916187
3,49;;5,407340982478993;5,614168374442563;;0,6637866228197428;0,8654618538256996
3,5000000000000004;;5,411089591493866;5,615943531123682;;0,6600396254177854;0,8605316898157547
3,51;;5,414774841622156;5,617624319020297;;0,6563111741300398;0,8556274571107717
3,52;;5,41839692645163;5,619211152344904;;0,6526012376415664;0,8507491477919565
3,53;;5,421956042108325;5,620704450451864;;0,6489097837154889;0,8458967513141612
3,54;;5,4254523872082565;5,622104637710037;;0,64523677920744;0,8410702545472717
3,55;;5,428886162809329;5,623412143376102;;0,6415821900799689;0,8362696418175535
3,56;;5,432257572363445;5,624627401468592;;0,6379459814169021;0,831494894948935
3,5700000000000003;;5,435566821668852;5,62575085064267;;0,6343281174376582;0,8267459933042157
3,58;;5,4388141188227035;5,6267829340656785;;0,6307285615115106;0,8220229138261856
3,5900000000000003;;5,441999674173867;5,627724099293498;;0,6271472761717988;0,8173256310786439
3,5999999999999996;;5,445123700275963;5,628574798147725;;0,6235842231300828;0,8126541172873023
3,61;;5,448186411840668;5,629335486593727;;0,6200393632902393;0,808008342380561
3,62;;5,451188025691264;5,630006624619559;;0,6165126567624993;0,8033882740301493
3,63;;5,454128760716463;5,630588676115805;;0,6130040628774198;0,7987938776916105
3,64;;5,457008837824494;5,631082108756347;;0,6095135401997922;0,7942251166446274
3,65;;5,459828479897473;5,631487393880093;;0,6060410465424825;0,7896819520331749
3,66;;5,462587911746057;5,631805006373674;;0,6025865389802019;0,7851643429054881
3,6700000000000004;;5,465287360064393;5,632035424555152;;0,5991499738632048;0,7806722462538355
3,6799999999999997;;5,467927053385351;5,632179130058743;;0,595731306830915;0,7762056170540901
3,6900000000000004;;5,470507222036073;5,632236607720576;;0,5923304928254705;0,7717644083050816
3,6999999999999997;;5,473028098093819;5,632208345465515;;0,5889474861051999;0,7673485710677341
3,71;;5,475489915342141;5,632094834195053;;0,5855822402580063;0,7629580545039586
3,7199999999999998;;5,477892909227354;5,631896567676298;;0,582234708214683;0,7585928059153181
3,73;;5,480237316815344;5,631614042432071;;0,5789048422621338;0,7542527707814309
3,74;;5,48252337674871;5,631247757632122;;0,5755925940565173;0,7499378927981256
3,75;7,969;5,484751329204218;5,630798214985481;0,7;0,5722979146362986;0,7456481139153239
3,7600000000000002;;5,486921415850612;5,630265918633976;;0,5690207544352153;0,7413833743746538
3,7699999999999996;;5,489033879806753;5,629651375046886;;0,5657610632951531;0,7371436127467819
3,7800000000000002;;5,491088965600113;5,628955092916799;;0,562518790478929;0,7329287659684569
3,7900000000000005;;5,493086919125604;5,628177583056636;;0,5592938846829848;0,7287387693792637
3,8;;5,495027987604775;5,627319358297876;;0,5560862940499826;0,724573556758073
3,81;;5,496912419545357;5,626380933389993;;0,5528959661813061;0,7204330603591854
3,82;;5,498740464701163;5,6253628249011;;0,549722848149467;0,7163172109481679
3,83;;5,500512374032359;5,624265551119822;;0,5465668865104121;0,7122259378373685
3,84;;5,5022283996661;5,623089631958391;;0,5434280273157303;0,7081591689211113
3,85;;5,50388879485752;5,621835588856985;;0,5403062161247618;0,7041168307105633
3,8600000000000003;;5,505493813951116;5,6205039446893075;;0,5372013980166048;0,7000988483682702
3,8699999999999997;;5,507043712342481;5,619095223669413;;0,5341135176020197;0,6961051457423554
3,88;;5,508538746440433;5,617609951259785;;0,5310425190352306;0,6921356454003782
3,8899999999999997;;5,509979173629501;5,6160486540806716;;0,5279883460256248;0,6881902686628513
3,9;;5,511365252232816;5,6144118598206845;;0,5249509418493433;0,684268935636404
3,91;;5,512697241475355;5,612700097148651;;0,5219302493607699;0,6803715652466028
3,92;;5,513975401447592;5,61091389562674;;0,5189262110039115;0,6764980752704103
3,93;;5,515199993069518;5,609053785624848;;0,5159387688236717;0,6726483823682913
3,94;;5,516371278055057;5,607120298236258;;0,5129678644770183;0,6688224021159584
3,95;;5,517489518876861;5,60511396519456;;0,5100134392440401;0,665020049035755
3,9600000000000004;;5,5185549787315;5,603035318791843;;0,507075434038897;0,6612412366276734
3,9699999999999998;;5,519567921505037;5,600884891798152;;0,5041537894206599;0,6574858774000097
3,9800000000000004;;5,520528611738998;5,598663217382214;;0,5012484456040389;0,653753882899644
3,9899999999999998;;5,521437314596723;5,596370829033426;;0,49835934247000707;0,6500451637419602
4,0;;5,5222942958301235;5,594008260485099;;0,49548641957630474;0,6463596296403845
4,01;;5,52309982174682;5,591576045638976;;0,4926296161678419;0,6426971894355615
4,02;;5,523854159177675;5,589074718490994;;0,48978887118698217;0,6390577511241478
4,03;;5,524557575444721;5,586504813058299;;0,48696412328371963;0,6354412218872387
4,04;;5,525210338329479;5,583866863307524;;0,4841553108257423;0,6318475081184171
4,05;;5,525812716041668;5,581161403084295;;0,4813623719083829;0,6282765154514255
4,06;;5,526364977188314;5,578388966043986;;0,4785852443644589;0,6247281487874669
4,07;;5,526867390743243;5,575550085583707;;0,4758238657739986;0,6212023123221246
4,08;;5,527320226016971;5,572645294775522;;0,4730781734738578;0,617698909571913
4,09;;5,527723752626982;5,569675126300892;;0,47034810456722;0,614217843400446
4,1000000000000005;;5,5280782404684015;5,566640112386332;;0,46763359593298726;0,6107590160442355
4,109999999999999;;5,528383959685059;5,563540784740287;;0,4649345842350584;0,6073223291381135
4,12;;5,528641180640938;5,560377674491198;;0,4622510059314915;0,603907683740278
4,130000000000001;;5,528850173892014;5,55715131212678;;0,45958279728355983;0,6005149803569719
4,14;;5,529011210158484;5,553862227434484;;0,4569298943646908;0,5971441189667833
4,15;;5,529124560297386;5,550510949443139;;0,45429223306929334;0,5937949990445756
4,16;;5,529190495275591;5,547098006365768;;0,451669749121477;0,5904675195850526
4,17;;5,529209286143194;5,543623925543574;;0,4490623780836549;0,5871615791259486
4,18;;5,529181204007283;5,540089233391081;;0,44647005536503803;0,5838770757708542
4,19;;5,529106520006088;5,536494455342418;;0,4438927162300161;0,5806139072116754
4,2;;5,528985505283511;5,53284011579876;;0,4413302958064315;0,5773719707507311
4,21;;5,528818430964037;5,52912673807687;;0,43878272909373633;0,5741511633224821
4,22;;5,528605568128026;5,525354844358793;;0,43624995097104524;0,5709513815149059
4,2299999999999995;;5,528347187787369;5,521524955642641;;0,43373189620507385;0,5677725215905087
4,24;;5,528043560861532;5,517637591694487;;0,4312284994579703;0,5646144795069822
4,25;6,813;5,527694958153961;5,513693271001352;0,5;0,4287396952950368;0,5614771509375058
4,26;;5,52730165032887;5,509692510725268;;0,42626541819234115;0,5583604312906959
4,2700000000000005;;5,52686390788838;5,505635826658413;;0,4238056025442206;0,5552642157302038
4,279999999999999;;5,526382001150044;5,501523733179319;;0,42136018267068054;0,5521883991939703
4,29;;5,525856200224723;5,497356743210108;;0,4189290928246792;0,5491328764131275
4,3;;5,525286774994828;5,493135368174785;;0,4165122671993132;0,546097541930566
4,31;;5,524673995092924;5,48886011795856;;0,41410963993489086;0,5430822901191557
4,32;;5,524018129880692;5,484531500868171;;0,41172114512590147;0,5400870151996305
4,33;;5,523319448428249;5,480150023593234;;0,4093467168278811;0,537111611258141
4,34;;5,522578219493813;5,4757161911685746;;0,40698628906417;0,5341559722634694
4,35;;5,521794711503729;5,471230506937551;;0,40463979583256887;0,5312199920839208
4,36;;5,5209691925328395;5,466693472516342;;0,40230717111188957;0,528303564503883
4,37;;5,520101930285203;5,462105587759215;;0,3999883488684047;0,525406583240067
4,38;;5,519193192075154;5,457467350724719;;0,39768326306219265;0,5225289419574227
4,390000000000001;;5,518243244808705;5,452779257642835;;0,3953918476533825;0,5196705342847406
4,3999999999999995;;5,517252354965294;5,448041802883046;;0,3931140366082982;0,5168312538299368
4,41;;5,516220788579857;5,443255478923324;;0,3908497639054994;0,5140109941950249
4,42;;5,515148811225245;5,438420776320024;;0,3885989635417275;0,5112096489907852
4,43;;5,514036687994963;5,433538183678665;;0,3863615695377482;0,5084271118511218
4,44;;5,512884683486247;5,428608187625589;;0,3841375159440971;0,5056632764471206
4,45;;5,511693061783456;5,423631272780507;;0,38192673684673073;0,5029180365008117
4,46;;5,5104620864418;5,418607921729876;;0,3797291663725745;0,5001912857986281
4,47;;5,509192020471374;5,413538615001142;;0,3775447386949809;0,497482918204581
4,4799999999999995;;5,507883126321519;5,408423831037807;;0,37537338803908815;0,4947928276731387
4,49;;5,506535665865497;5,4032640461753205;;0,37321504868708605;0,49212090826182453
4,5;;5,505149900385477;5,3980597346177825;;0,37106965498338784;0,48946705414353026
4,51;;5,503726090557823;5,392811368415443;;0,3689371413397081;0,4868311596185498
4,52;;5,502264496438699;5,387519417442986;;0,3668174422400489;0,48421311912633785
4,53;;5,500765377449975;5,3821843493786;;0,36471049224559493;0,48161282725699683
4,54;;5,499228992365423;5,376806629683798;;0,36261622599951726;0,4790301787624933
4,55;;5,497655599297228;5,371386721583996;;0,3605345782316868;0,4764650685676092
4,5600000000000005;;5,496045455682775;5,3659250860498355;;0,35846548376329945;0,4739173917806304
4,569999999999999;;5,4943988182717405;5,360422181779231;;0,35640887751141337;0,4713870437037781
4,58;;5,492715943113471;5,354878465180128;;0,3543646944933959;0,46887391984338
4,590000000000001;;5,490997085544643;5,349294390353985;;0,3523328698312883;0,46637791591979605
4,6;;5,489242500177202;5,343670409079937;;0,35031333875608106;0,4638989278770893
4,61;;5,487452440886596;5,338006970799639;;0,348306036611904;0,46143685189245304
4,62;;5,485627160800272;5,3323045226027945;;0,3463108988601364;0,4589915843853988
4,63;;5,48376691228645;5,3265635092133365;;0,3443278610834281;0,45656302202670096
4,64;;5,481871946943171;5,32078437297626;;0,34235685898964235;0,45415106174710945
4,65;;5,479942515587608;5,314967553845094;;0,34039782841571425;0,4517556007458279
4,66;;5,4779788682456445;5,309113489369999;;0,33845070533143096;0,4493765364987662
4,67;;5,475981254141719;5,303222614686487;;0,3365154258431288;0,4470137667665643
4,68;;5,473949921688918;5,297295362504743;;0,334591926197314;0,4446671896023963
4,6899999999999995;;5,471885118479333;5,291332163099539;;0,3326801427842028;0,4423367033595546
4,7;;5,469787091274667;5,285333444300737;;0,3307800121411863;0,44002220669881953
4,71;;5,4676560859970955;5,279299631484374;;0,328891470956217;0,4377235985956164
4,72;;5,465492347720365;5,273231147564289;;0,3270144560711201;0,43544077834696315
4,73;;5,463296120661146;5,267128412984323;;0,32514890448482947;0,43317364557821264
4,74;;5,461067648170619;5,260991845711056;;0,32329475335655145;0,4309221002495942
4,75;5,625;5,458807172726303;5,25482186122707;0,666666667;0,3214519400088519;0,4286860426625521
4,760000000000001;;5,4565149359241145;5,248618872524744;;0,3196204019306741;0,4264653734658922
4,77;;5,454191178470665;5,242383290100555;;0,3178000767802841;0,42425999366173345
4,78;;5,45183614017578;5,236115521949883;;0,31599090238814354;0,4220698046112688
4,79;;5,449450059945254;5,229815973562309;;0,3141928167597163;0,41989470804034296
4,8;;5,447033175773812;5,223485047917396;;0,3124057580782024;0,4177346060448428
4,81;;5,444585724738314;5,217123145480943;;0,3106296647072063;0,41558940109590975
4,82;;5,442107942991156;5,210730664201697;;0,3088644751933359;0,41345899604497355
4,83;;5,439600065753898;5,204307999508532;;0,3071101282687373;0,4113432941286132
4,84;;5,437062327311098;5,197855544308057;;0,30536656285356156;0,40924219897324465
4,8500000000000005;;5,434494961004359;5,1913736889826705;;0,3036337180583681;0,4071556145996415
4,859999999999999;;5,431898199226576;5,184862821389037;;0,301911533186464;0,40508344542729036
4,87;;5,429272273416388;5,17832332685698;;0,3001999477361783;0,4030255962785817
4,88;;5,4266174140528385;5,171755588188787;;0,2984989014030774;0,400981972382845
4,89;;5,423933850650218;5,165159985658908;;0,29680833408211543;0,3989524793802233
4,9;;5,421221811753114;5,158536897014048;;0,29512818586972545;0,3969370233253956
4,91;;5,4184815249316465;5,151886697473644;;0,29345839706585136;0,39493551069114924
4,92;;5,415713216776894;5,145209759730711;;0,291798908175919;0,39294784837180163
4,93;;5,412917112896507;5,138506453953052;;0,2901496599127504;0,3909739436864788
4,9399999999999995;;5,410093437910501;5,131777147784831;;0,2885105931984192;0,3890137043822494
4,95;;5,4072424154472305;5,125022206348489;;0,2868816491660509;0,38706703863712016
4,96;;5,404364268139556;5,118241992247002;;0,285262769161566;0,3851338550628932
4,97;;5,401459217621158;5,111436865566474;;0,283653894745368;0,3832140627078882
4,9799999999999995;;5,398527484523049;5,104607183879046;;0,2820549676939773;0,38130757105953317
4,99;;5,395569288470244;5,097753302246132;;0,28046593000161196;0,37941429004682564
5,0;;5,392584848078601;5,090875573221962;;0,2788867238817147;0,3775341300426669
5,01;;5,389574380951825;5,083974346857417;;0,27731729176842856;0,375667001866071
5,0200000000000005;;5,386538103678635;5,07704997070417;;0,2757575763180202;0,3738128167842522
5,029999999999999;;5,383476231830093;5,07010278981911;;0,27420752041025526;0,3719714865145949
5,04;;5,380388979957084;5,0631331467690375;;0,2726670671497193;0,3701429232265016
5,050000000000001;;5,377276561587961;5,056141381635645;;0,27113615986709494;0,3683270395431325
5,06;;5,374139189226328;5,049127832020754;;0,2696147421203871;0,36652374854302805
5,07;;5,370977074348988;5,04209283305181;;0,268102757696101;0,36473296376162256
5,08;;5,367790427404025;5,035036717387639;;0,26660015061037556;0,3629545991926524
5,09;;5,364579457809038;5,027959815224433;;0,26510686511006804;0,36118856928945603
5,1;;5,361344373949517;5,020862454301987;;0,26362284567379457;0,3594347889661727
5,11;;5,358085383177353;5,013744959910161;;0,26214803701292555;0,3576931735988391
5,12;;5,354802691809496;5,006607654895566;;0,2606823840725378;0,3559636390263892
5,13;;5,351496505126739;4,9994508596684755;;0,25922583203232213;0,35424610155155495
5,140000000000001;;5,348167027372636;4,99227489220994;;0,25777832630744935;0,35254047794167465
5,1499999999999995;;5,344814461752556;4,98508006807912;;0,2563398125493939;0,3508466854294086
5,16;;5,341439010432855;4,977866700420805;;0,2549102366467158;0,3491646417133631
5,17;;5,3380408745401935;4,970635099973142;;0,2534895447258038;0,3474942649586296
5,18;;5,334620254160949;4,963385575075541;;0,2520776831515761;0,3458354737972337
5,19;;5,331177348340777;4,956118431676767;;0,2506745985281435;0,3441881873285024
5,2;;5,327712355084275;4,948833973343214;;0,24928023769943367;0,342552325119349
5,21;;5,324225471354769;4,941532501267342;;0,24789454774977726;0,34092780720447685
5,220000000000001;;5,320716893074214;4,93421431427629;;0,2465174760044568;0,33931455408650524
5,2299999999999995;;5,31718681512321;4,926879708840644;;0,24514897003021924;0,337712486736019
5,24;;5,313635431341123;4,919528979083356;;0,24378897763575114;0,3361215265915418
5,25;4,5;5,310062934526322;4,912162416788831;1,25;0,2424374468721214;0,3345415955594402
5,26;;5,306469516436516;4,90478031141214;;0,24109432603318556;0,33297261601375183
5,27;;5,302855367789194;4,897382950088382;;0,23975956365595855;0,33141451079594786
5,28;;5,299220678262181;4,889970617642183;;0,2384331085209528;0,3298672032146264
5,29;;5,295565636494275;4,8825435965973245;;0,23711490965248383;0,3283306170451401
5,3;;5,291890430085999;4,875102167186498;;0,235804916318943;0,3268046765291595
5,3100000000000005;;5,28819524560044;4,867646607361177;;0,2345030780330389;0,3252893063741739
5,319999999999999;;5,284480268564185;4,860177192801618;;0,23320934455200754;0,3237844317529314
5,33;;5,280745683468351;4,852694196926956;;0,2319236658777909;0,3222899783028185
5,34;;5,276991673769702;4,845197890905426;;0,23064599225718802;0,32080587212518413
5,35;;5,273218421891865;4,837688543664673;;0,22937627418197312;0,3193320397846043
5,36;;5,269426109226619;4,830166421902177;;0,22811446238898744;0,3178684083080945
5,37;;5,265614916135277;4,822631790095758;;0,2268605078602016;0,3164149051842676
5,38;;5,261785021950153;4,815084910514185;;0,2256143618227502;0,3149714583624403
5,390000000000001;;5,257936604976108;4,807526043227864;;0,22437597574893933;0,3135379962516885
5,4;;5,254069842492172;4,799955446119619;;0,2231453013562272;0,31211444771985475
5,41;;5,250184910753254;4,792373374895539;;0,22192229060717836;0,3107007420925073
5,42;;5,246281984991921;4,784780083095915;;0,2207068957093924;0,3092968091518529
5,43;;5,242361239420251;4,77717582210624;;0,21949906911540734;0,3079025791356051
5,4399999999999995;;5,238422847231765;4,7695608411682855;;0,2182987635225785;0,30651798273580866
5,45;;5,234466980603423;4,761935387391232;;0,2171059318729321;0,30514295109762096
5,46;;5,230493810697702;4,75429970576288;;0,2159205273529975;0,3037774158180548
5,47;;5,226503507664727;4,7466540391608945;;0,2147425033936133;0,3024213089446776
5,48;;5,222496240644479;4,73899862836413;;0,2135718136697127;0,3010745629742753
5,489999999999999;;5,218472177769064;4,73133371206399;;0,21240841210008596;0,29973711085147725
5,5;;5,214431486165047;4,723659526875841;;0,21125225284712032;0,29840888596734466
5,510000000000001;;5,210374331955851;4,715976307350478;;0,21010329031652072;0,29708982215792584
5,52;;5,206300880264207;4,708284285985619;;0,20896147915700666;0,29577985370277465
5,53;;5,202211295214676;4,700583693237455;;0,20782677425999094;0,2944789153234386
5,54;;5,198105739936216;4,692874757532228;;0,20669913075923738;0,29318694218191393
5,55;;5,193984376564818;4,685157705277841;;0,2055785040304992;0,2919038698790702
5,56;;5,189847366246183;4,677432760875508;;0,20446484969113823;0,2906296344530453
5,57;;5,185694869138466;4,669700146731425;;0,20335812359972547;0,28936417237761225
5,58;;5,181527044415059;4,661960083268468;;0,20225828185562333;0,28810742056051747
5,59;;5,177344050267438;4,65421278893792;;0,20116528079855;0,28685931634179335
5,6000000000000005;;5,173146043908045;4,646458480231211;;0,2000790770081264;0,28561979749204464
5,609999999999999;;5,168933181573231;4,638697371691687;;0,19899962730340612;0,2843888022107102
5,62;;5,164705618526236;4,630929675926376;;0,19792688874238804;0,2831662691243009
5,63;;5,160463509060224;4,623155603617795;;0,1968608186215146;0,28195213728461516
5,64;;5,15620700650135;4,615375363535743;;0,19580137447515164;0,2807463461669318
5,65;;5,15193626321188;4,607589162549116;;0,1947485140750545;0,27954883566818206
5,66;;5,14765143059335;4,599797205637729;;0,1937021954298185;0,2783595461051014
5,67;;5,1433526590897625;4,5919996959041365;;0,19266237678431472;0,2771784182123618
5,680000000000001;;5,139040098190826;4,584196834585464;;0,19162901661911122;0,2760053931406855
5,6899999999999995;;5,13471389643523;4,576388821065232;;0,1906020736498807;0,2748404124549411
5,7;;5,1303742014139555;4,568575852885182;;0,18958150682679334;0,27368341813222175
5,71;;5,126021159773635;4,560758125757106;;0,18856727533389872;0,27253435255990893
5,72;;5,121654917219921;4,552935833574658;;0,18755933858849178;0,2713931585337184
5,7299999999999995;;5,117275618520914;4,545109168425169;;0,18655765624046838;0,27025977925573325
5,74;;5,112883407510605;4,537278320601444;;0,18556218817166723;0,26913415833242144
5,75;4,031;5,108478427092367;4,529443478613566;1,0;0,18457289449520134;0,26801623977264194
5,76;;5,104060819242455;4,521604829200665;;0,18358973555477603;0,26690596798563576
5,7700000000000005;;5,099630725013555;4,513762557342689;;0,1826126719239969;0,2658032877790068
5,779999999999999;;5,095188284538354;4,5059168462721555;;0,1816416644056665;0,2647081443566908
5,79;;5,090733637033127;4,49806787748588;;0,18067667403106966;0,263620483316913
5,800000000000001;;5,086266920801376;4,4902158307567035;;0,17971766205924986;0,26254025065013725
5,81;;5,081788273237467;4,482360884145178;;0,17876458997627426;0,2614673927370041
5,82;;5,077297830830308;4,474503214011242;;0,17781741949448865;0,26040185634626023
5,83;;5,072795729167048;4,466642995025876;;0,17687611255176452;0,259343588632681
5,84;;5,068282102936791;4,458780400182729;;0,17594063131073553;0,2582925371349836
5,8500000000000005;;5,063757085934342;4,450915600809718;;0,17501093815802543;0,2572486497737342
5,86;;5,0592208110639705;4,443048766580606;;0,17408699570346745;0,2562118748492478
5,87;;5,05467341034319;4,435180065526552;;0,17316876677931514;0,2551821610394825
5,88;;5,0501150149065595;4,427309664047624;;0,17225621443944522;0,254159457397928
5,89;;5,045545755009506;4,419437726924291;;0,17134930195855244;0,25314371335148905
5,8999999999999995;;5,040965760032163;4,4115644173288775;;0,17044799283133713;0,2521348786983646
5,91;;5,036375158483218;4,403689896836987;;0,16955225077168448;0,2511329036059222
5,92;;5,031774078003793;4,395814325438898;;0,16866203971183868;0,2501377386085705
5,93;;5,02716264537132;4,387937861550914;;0,16777732380156787;0,2491493346056261
5,94;;5,022540986503445;4,380060662026686;;0,16689806740732405;0,24816764285917986
5,949999999999999;;5,017909226461946;4,372182882168499;;0,16602423511139622;0,24719261499196013
5,96;;5,013267489456649;4,364304675738508;;0,16515579171105682;0,24622420298519376
5,970000000000001;;5,008615898849376;4,356426194969964;;0,1642927022177038;0,24526235917646722
5,9799999999999995;;5,003954577157888;4,348547590578365;;0,1634349318559951;0,24430703625758474
5,99;;4,999283646059847;4,340669011772589;;0,16258244606297864;0,2433581872724268
6,0;;4,994603226396792;4,332790606265991;;0,16173521048721767;0,2424157656148095
6,01;;4,989913438178111;4,324912520287437;;0,16089319098790972;0,24147972502634169
6,02;;4,985214400585035;4,317034898592308;;0,1600563536340018;0,24055001959428476
6,03;;4,9805062319746325;4,309157884473469;;0,15922466470330068;0,23962660374941225
6,04;;4,975789049883813;4,301281619772175;;0,15839809068157856;0,23870943226387092
6,05;;4,971062971033342;4,293406244888949;;0,15757659826167494;0,23779846024904347
6,0600000000000005;;4,96632811133185;4,285531898794402;;0,1567601543425941;0,2368936431534129
6,069999999999999;;4,961584585879867;4,277658719040021;;0,15594872602859908;0,2359949367604296
6,08;;4,956832508973836;4,269786841768892;;0,15514228062830146;0,23510229718637976
6,09;;4,95207199411016;4,261916401726397;;0,154340785653749;0,23421568087825873
6,1;;4,9473031539892265;4,254047532270849;;0,1535442088195083;0,233335044611645
6,11;;4,942526100519453;4,246180365384077;;0,15275251804174564;0,23246034548857925
6,12;;4,937740944821326;4,238315031681976;;0,15196568143730438;0,23159154093544648
6,13;;4,9329477972314475;4,230451660424998;;0,15118366732277985;0,23072858870086219
6,140000000000001;;4,92814676730658;4,22259037952859;;0,15040644421359156;0,22987144685356256
6,15;;4,923337963827694;4,2147313155735935;;0,1496339808230529;0,22902007378029937
6,16;;4,918521494804015;4,206874593816582;;0,1488662460614389;0,22817442818373931
6,17;;4,913697467477072;4,199020338200157;;0,14810320903505167;0,22733446908036842
6,18;;4,90886598832475;4,191168671363183;;0,147344839045284;0,22650015579840152
6,1899999999999995;;4,9040271630653285;4,183319714650983;;0,14659110558768126;0,2256714479756973
6,2;;4,899181096661533;4,175473588125464;;0,1458419783510012;0,22484830555767824
6,21;;4,894327893324581;4,1676304105752155;;0,1450974272162735;0,22403068879525778
6,22;;4,889467656518219;4,159790299525529;;0,14435742225585632;0,2232185582427718
6,23;;4,884600488962767;4,151953371248381;;0,1436219337324929;0,22241187475591737
6,239999999999999;;4,879726492639153;4,14411974077236;;0,1428909320983669;0,22161059948969772
6,25;2,891;4,874845768792945;4,1362895218925315;0,416666667;0,14216438799415596;0,22081469389637304
