0,0;1,5;1,5;1,5;5,0;5,0;5,0
0,01;;1,4936497579593384;1,513531766082253;;4,976372201522902;4,982358406991846
0,02;;1,4874247938499545;1,5271437803973549;;4,952919118368552;4,964695946867071
0,03;;1,4813230372618231;1,5408359653629933;;4,929638091709342;4,947012792921176
0,04;;1,4753424706305724;1,5546082351507737;;4,906526519605942;4,929309124602619
0,05;;1,4694811277237134;1,5684604956359567;;4,883581855456033;4,911585127534316
0,06;;1,4637370921792907;1,5823926443488552;;4,8608016064938315;4,893840993533747
0,06999999999999999;;1,458108496094887;1,59640457042793;;4,838183332338469;4,876076920631635
0,08;;1,452593518665007;1,6104961545746215;;4,815724643589368;4,858293113089183
0,09;;1,447190384864951;1,6246672690099526;;4,793423200466863;4,84048978141383
0,1;;1,4418973641793749;1,6389177774329404;;4,7712767114963475;4,822667142373522
0,11;;1,436712769373809;1,653247534980851;;4,749282932234341;4,804825419009446
0,12;;1,431634955307493;1,667656388191335;;4,727439664034921;4,786964840647232
0,13;;1,4266623177859392;1,6821441749664774;;4,70574475285502;4,769085642906579
0,13999999999999999;;1,4217932924517256;1,696710724538796;;4,684196088097185;4,751188067709294
0,15;;1,417026353712066;1,7113558574392245;;4,662791601488401;4,733272363285714
0,16;;1,4123600137017807;1,7260793854671104;;4,641529265993705;4,715338784179492
0,16999999999999998;;1,4077928212803408;1,740881111662265;;4,620407094763311;4,69738759125073
0,18;;1,4033233610617204;1,755760830279094;;4,5994231401120516;4,679419051677432
0,19;;1,398950252475844;1,7707183267628415;;4,578575492529978;4,661433438955257
0,2;;1,3946721488604648;1,785753377727982;;4,5578622797230235;4,643431032895554
0,21;;1,3904877365823616;1,800865750938784;;4,537281665682647;4,625412119621666
0,22;;1,3863957341867845;1,8160552052920822;;4,516831849783462;4,60737699156347
0,22999999999999998;;1,3823948915741289;1,8313214908022815;;4,496511065907854;4,589325947450149
0,24;;1,3784839892028542;1,8466643485886265;;4,47631758159665;4,571259292301172
0,25;2,15;1,3746618373177069;1,862083510864757;4,166666667;4,456249697224951;4,553177337415467
0,26;;1,3709272752023463;1,8775787009305847;;4,436305745202242;4,535080400358767
0,27;;1,3672791704555058;1,893149633166508;;4,4164840891959605;4,516968804949129
0,27999999999999997;;1,3637164182898605;1,9087960130299988;;4,396783123377721;4,498842881240583
0,29;;1,360237940852801;1,924517537054576;;4,377201271691418;4,480702965504934
0,3;;1,3568426865683505;1,9403138928511987;;4,35773698714249;4,462549400211667
0,31;;1,3535296294994894;1,9561847591120916;;4,338388751107601;4,444382534005975
0,32;;1,3502977687301805;1,9721298056170309;;4,319155072664093;4,426202721684878
0,33;;1,347146127766418;1,9881486932421086;;4,300034487938519;4,40801032417143
0,33999999999999997;;1,3440737539556495;2,004241073970993;;4,2810255594736555;4,389805708487004
0,35000000000000003;;1,341079717923943;2,020406590908704;;4,262126875613349;4,371589247721645
0,36;;1,3381631130303004;2,036644878297925;;4,243337049904663;4,3533613210024855
0,37;;1,3353230548375372;2,0529555615378556;;4,224654720516698;4,335122313460216
0,38;;1,3325586805991725;2,069338257205637;;4,206078549675597;4,3168726161936
0,38999999999999996;;1,3298691487617977;2,085792573080345;;4,187607223115188;4,298612626232039
0,4;;1,3272536384824072;2,102318108169581;;4,169239449542762;4,280342746496168
0,41000000000000003;;1,3247113491601965;2,1189144527386543;;4,150973960119506;4,262063385756495
0,42;;1,3222414999823557;2,1355811883423845;;4,132809507955122;4,243774958590068
0,43;;1,3198433294833964;2,1523178878595175;;4,114744867616187;4,225477885335179
0,44;;1,3175160951175746;2,1691241155297694;;4,09677883464781;4,207172592044099
0,44999999999999996;;1,3152590728439837;2,185999426993506;;4,078910225108182;4,188859510433842
0,45999999999999996;;1,3130715567239124;2,20294336933406;;4,061137875115602;4,170539077834973
0,47000000000000003;;1,310952858530071;2,2199554811226885;;4,043460640407596;4,152211737138445
0,48;;1,308902307367311;2,237035292466178;;4,025877395911765;4,1338779367404825
0,49;;1,3069192493044715;2,254182325057094;;4,008387035327981;4,115538130485513
0,5;;1,3050030470170015;2,2713960922266754;;3,990988470721597;4,097192777607144
0,51;;1,3031530794400221;2,2886760990003743;;3,973680632127325;4,078842342667211
0,52;;1,3013687414314994;2,3060218421560363;;3,956462467163469;4,060487295492883
0,53;;1,2996494434452173;2,3234328102847166;;3,9393329406561866;4,04212811111185
0,54;;1,2979946112132446;2,340908483854127;;3,9222910342734862;4,023765269685601
0,5499999999999999;;1,2964036854376073;2,3584483352747085;;3,905335746168663;4,005399256440795
0,5599999999999999;;1,2948761214908828;2,3760518289683152;;3,8884660906328925;3,987030561598746
0,5700000000000001;;1,293411389125445;2,3937184214395075;;3,87168109775671;3,9686596803030327
0,58;;1,2920089721911008;2,4114475613494353;;3,8549798131001163;3,950287112545252
0,59;;1,2906683683608615;2,4292386895923053;;3,8383612973710424;3,9319133630889183
0,6;;1,289389088864611;2,447091239374412;;3,82182462611195;3,913538941391547
0,61;;1,2881706582304295;2,4650046362957205;;3,805368889394306;3,8951643615249187
0,62;;1,2870126140333544;2,4829782984339834;;3,788993191520717;3,876790142093556
0,63;;1,2859145066513502;2,501011636431374;;3,772696650734503;3,8584168061514332
0,64;;1,2848758990282847;2,5191040535836096;;3,756478398936484;3,840044881116928
0,65;;1,2838963664437018;2,537254945931556;;3,7403375814087814;3,821674898686057
0,66;;1,2829754962891988;2,555463702355277;;3,7242733565454356;3,803307394743997
0,67;;1,2821128878512142;2,5737297046705114;;3,7082848955896357;3,7849429092749345
0,6799999999999999;;1,2813081521000456;2,592052327727554;;3,692371382377387;3,766581986270258
0,69;;1,2805609114849192;2,6104309395125065;;3,6765320130874204;3,7482251736351198
0,7000000000000001;;1,2798707997349412;2,628864901250874;;3,6607659959971834;3,7298730230934067
0,7100000000000001;;1,279237461665763;2,647353567513482;;3,6450725512447297;3,7115260900911293
0,72;;1,2786605529918036;2,665896286324668;;3,6294509105963506;3,6931849336982756
0,73;;1,2781397401438752;2,684492399272736;;3,6139003172197874;3,6748501165091523
0,74;;1,2776747000920592;2,703141241622617;;3,59842002546287;3,656522204541244
0,75;2,578;1,2772651201736929;2,7218421424307215;2,666666667;3,583009300637431;3,6382017671326303
0,76;;1,276910697926325;2,740594424661931;;3,567667418808357;3,619889376837982
0,77;;1,2766111409255076;2,7593974053086994;;3,5523936665876272;3,601585609323185
0,7799999999999999;;1,2763661666272927;2,7782503955122224;;3,5371873409332153;3,5832910432586167
0,79;;1,2761755022153083;2,797152700685637;;3,522047748952712;3,565006260211113
0,8;;1,2760388844522923;2,8161036206392023;;3,506974207711555;3,5467318445346723
0,8099999999999999;;1,2759560595359682;2,8351024497074278;;3,4919660440457254;3,5284683832599164
0,8200000000000001;;1,2759267829591474;2,8541484768780983;;3,4770225943788042;3,5102164659823663
0,83;;1,275950819373948;2,8732409859231556;;3,4621432045432763;3,4919766847495577
0,84;;1,2760279424600256;2,8923792555313814;;3,4473272296059516;3,4737496339470493
0,8500000000000001;;1,276157934796712;2,9115625594428476;;3,4325740336974153;3,4555359101833525
0,86;;1,2763405877389629;2,9307901665850684;;3,4178829898453897;3,437336112173835
0,8699999999999999;;1,2765757012970178;2,9500613412108248;;3,403253479811906;3,4191508406236335
0,88;;1,2768630840196808;2,9693753430375893;;3,388684893934195;3,4009806981096253
0,89;;1,2772025528811302;2,9887314273885117;;3,3741766309691905;3,382826288961497
0,8999999999999999;;1,2775939331711716;3,008128845334916;;3,359728097941558;3,3646882191419594
0,91;;1,2780370583888492;3,0275668438402445;;3,3453387099951577;3,346567096126148
0,9199999999999999;;1,2785317701393346;3,047044665905397;;3,3310078902478533;3,3284635287802704
0,9299999999999999;;1,279077918034014;3,0665615507154196;;3,3167350696495794;3,310378127239518
0,9400000000000001;;1,279675359593696;3,086116733787471;;3,302519686843592;3,292311502785328
0,95;;1,2803239601548706;3,105709447120023;;3,288361188030812;3,2742642677220024
0,96;;1,2810235927789417;3,1253389193432293;;3,2742590268371905;3,256237035252767
0,97;;1,2817741381643697;3,1450043758704056;;3,2602126641840203;3,238230419355292
0,98;;1,2825754845616533;3,1647050390505633;;3,2462215681611175;3,220245034656745
0,9900000000000001;;1,2834275276910885;3,184440128321937;;3,232285213902804;3,202281496308406
1,0;;1,2843301706632402;3,2042088603664403;;3,218403083466621;3,184340419859913
1,01;;1,2852833239020665;3,224010449264996;;3,2045746657147047;3,1664224211331646
1,02;;1,2862869050706385;3,243844106653676;;3,190799456197765;3,1485281160959584
1,03;;1,2873408389993948;3,2637090418805843;;3,177076957041597;3,1306581207353914
1,04;;1,2884450576168807;3,283604462163428;;3,1634066768360682;3,1128130509310834
1,05;;1,2895994998829146;3,303529572747709;;3,1497881305265176;3,094993522328276
1,06;;1,2908041117241336;3,3234835770654727;;3,1362208393075144;3,077200150210851
1,0699999999999998;;1,2920588459718654;3,3434656768945508;;3,1227043305189146;3,0594335493743263
1,08;;1,2933636623022815;3,36347507251824;;3,1092381375441662;3,0416943339988767
1,09;;1,294718527178781;3,3835109628853357;;3,095821799710801;3,0239831175224294
1,0999999999999999;;1,2961234137965647;3,4035725457704795;;3,0824548621930745;3,006300512513891
1,11;;1,297578302029351;3,4236590179347393;;3,0691368759166866;2,988647130546547
1,1199999999999999;;1,2990831783781949;3,4437695752863546;;3,0558673974655552;2,971023582071702
1,13;;1,300638035922368;3,463903413041606;;3,042645988990571;2,9534304762925863
1,1400000000000001;;1,3022428742722587;3,484059725885715;;3,0294722181203104;2,9358684210386055
1,15;;1,3038976995242573;3,504237708133722;;3,0163456578736483;2,9183380226399707
1,16;;1,3056025242175846;3,5244365538912916;;3,0032658865742237;2,900839885802751
1,17;;1,3073573672930336;3,544655457215352;;2,9902324877667317;2,883374613484423
1,18;;1,3091622540535843;3,5648936122745294;;2,9772450501349863;2,865942806769945
1,1900000000000002;;1,3110172161268636;3,585150213509299;;2,964303167421719;2,8485450647484107
1,2;;1,312922291429411;3,6054244557917956;;2,9514064383500727;2,8311819843903425
1,21;;1,314877524132727;3,6257155345852214;;2,9385544665467536;2,8138541604256564
1,22;;1,3168829646310674;3,646022646102775;;2,925746860466809;2,7965621852223603
1,23;;1,3189386695109566;3,6663449874660583;;2,912983233319987;2,779306648666028
1,24;;1,3210447015223936;3,6866817568628836;;2,9002632029986444;2,7620881380400966
1,25;3,172;1,3232011295517196;3,707032153704424;1,833333333;2,8875863920071763;2,7449072379070336
1,26;;1,3254080285961236;3,7273953787816514;;2,8749524273929263;2,727764529990425
1,27;;1,3276654797397598;3,7477706344209865;;2,862360940678549;2,7106605930580225
1,28;;1,3299735701314532;3,76815712463912;;2,8498115677957894;2,6935960028058026
1,29;;1,3323323929639672;3,7885540552969275;;2,837303949020656;2,676571331743077
1,3;;1,334742047454813;3,808960634252429;;2,824837728909952;2,659587149078701
1,31;;1,3372026388285778;3,829376071512736;;2,812412556239135;2,6426440206084236
1,32;;1,3397142783007496;3,849799579384919;;2,800028083941482;2,6257425086034174
1,3299999999999998;;1,3422770830630193;3,8702303726257483;;2,78768396904853;2,6088831717000387
1,34;;1,3448911762700417;3,8906676685902495;;2,7753798726317624;2,5920665647908483
1,35;;1,3475566870276308;3,911110687379012;;2,763115459745522;2,575293238916945
1,3599999999999999;;1,3502737503823787;3,931558651984209;;2,750890399371117;2,5585637411616395
1,37;;1,3530425073126773;3,952010788434267;;2,7387043643621016;2,5418786145455115
1,38;;1,3558631047211194;3,9724663259371242;;2,72655703139071;2,525238397922904
1,39;;1,3587356954282763;3,9929244970220514;;2,7144480808954086;2,5086436258798543
1,4000000000000001;;1,361660438167825;4,013384537679959;;2,702377197029553;2,492094828633539
1,41;;1,3646374975830133;4,033845687502152;;2,6903440676111305;2,475592531933241
1,4200000000000002;;1,3676670442244503;4,054307189817491;;2,6783483840735562;2,4591372569628818
1,43;;1,3707492545492066;4,074768291827896;;2,666389841417509;2,442729520245156
1,44;;1,3738843109212109;4,0952282447421595;;2,6544681381637867;2,4263698335472914
1,4500000000000002;;1,3770724016129314;4,115686303908024;;2,6425829763071564;2,410058703788469
1,46;;1,380313720808329;4,1361417289424685;;2,630734061271187;2,3937966329489435
1,47;;1,38360846860707;4,156593783860176;;2,6189211018640353;2,3775841179808705
1,48;;1,3869568510299901;4,177041737200131;;2,6071438102351805;2,3614216507208963
1,49;;1,3903590800257943;4,197484862150309;;2,595401901833076;2,3453097178045152
1,5;;1,3938153734789878;4,217922436670417;;2,58369509536371;2,329248800582232
1,51;;1,3973259552190254;4,238353743612657;;2,572023112750053;2,313239375037547
1,52;;1,4008910550306695;4,258778070840462;;2,5603856790923794;2,297281911706798
1,53;;1,4045109086655505;4,27919471134518;;2,5487825226294434;2,2813768756008708
1,54;;1,4081857578549208;4,299602963360665;;2,537213374700496;2,265524726128806
1,55;;1,4119158503235925;4,320002130475751;;2,525677969708125;2,249725917023322
1,5599999999999998;;1,415701439805053;4,340391521744565;;2,5141760450819093;2,2339808962682706
1,5699999999999998;;1,419542786057754;4,360770451794669;;2,502707341242862;2,218290106028048
1,58;;1,423440154882563;4,381138240932977;;2,491271601568661;2,202653982578976
1,59;;1,4273938181413723;4,401494215249437;;2,479868572359644;2,187072956242668
1,6;;1,431404053776864;4,4218377067184615;;2,4684980028055556;2,1715474513213944
1,6099999999999999;;1,4354711458334193;4,442168053298048;;2,457159644953039;2,1560778860354692
1,6199999999999999;;1,439595384479172;4,462484599026603;;2,4458532536738513;2,140664672462655
1,63;;1,443777066029201;4,482786694117432;;2,4345785866337963;2,125308216479615
1,6400000000000001;;1,448016492969853;4,503073695050862;;2,423335404262365;2,110008917705411
1,6500000000000001;;1,4523139739841988;4,52334496466401;;2,4121234697230562;2,094767169447056
1,66;;1,456669823978616;4,5435998722381505;;2,4009425488843874;2,0795833586471404
1,67;;1,4610843641104923;4,56383779358368;;2,389792410291569;2,0644578658335258
1,68;;1,4655579218170522;4,584058111122661;;2,3786728251388385;2,0493910650711205
1,69;;1,4700908308453016;4,604260213968932;;2,367583567242438;2,034383323915739
1,7000000000000002;;1,4746834312830863;4,624443498005771;;2,356524413014231;2,0194350033700483
1,71;;1,4793360695912678;4,644607365961102;;2,345495141435947;2,0045464578416023
1,72;;1,4840490986370105;4,664751227480243;;2,3344955340340343;1,9897180351029724
1,73;;1,4888228777281802;4,684874499196169;;2,323525374855129;1,9749500762539647
1,7399999999999998;;1,4936577726488538;4,704976604797299;;2,312584450442116;1,960242915685932
1,75;3,828;;;1,333333333;;
1,7500000000000002;;1,4985541556959387;4,725056975092811;;2,3016725498107746;1,9455968810481696
1,76;;1,5035124057169038;4,74511504807544;;2,2907894644270157;1,931012293216409
1,77;;1,5085329081486174;4,765150268981818;;2,2799349881846696;1,9164894662633762
1,78;;1,5136160550572988;4,785162090350296;;2,2691089173838535;1,9020287074314444
1,79;;1,5187622451795768;4,805149972076283;;2,258311050709882;1,8876303171073479
1,7999999999999998;;1,523971883964663;4,825113381465094;;2,247541189212726;1,8732945887989665
1,81;;1,529245383617637;4,845051793282312;;2,236799136287007;1,859021809114161
1,82;;1,5345831631438422;4,864964689801652;;2,226084697652524;1,8448122577416632
1,83;;1,5399856483944034;4,8848515608503655;;2,215397681335298;1,8306662074339979
1,8399999999999999;;1,545453272112856;4,904711903852152;;2,2047378976491356;1,8165839239924366
1,8499999999999999;;1,5509864739828993;4,924545223867622;;2,194105159177696;1,8025656662539633
1,8599999999999999;;1,556585700677268;4,944351033632283;;2,1834992807570606;1,7886116860802477
1,87;;1,5622514059077302;4,964128853592094;;2,1729200794587964;1,7747222283486042
1,8800000000000001;;1,5679840504762137;4,983878211936581;;2,1623673745735044;1,7608975309449293
1,8900000000000001;;1,5737841023270607;5,003598644629516;;2,151840987594849;1,747137824758596
1,9;;1,5796520366004176;5,023289695437197;;2,141340742204062;1,733443333679296
1,91;;1,585588335686762;5,042950915954324;;2,1308664642549138;1,7198142745958076
1,92;;1,5915934892825705;5,062581865627497;;2,120417981759149;1,7062508573966737
1,9300000000000002;;1,597667994447132;5,082182111776338;;2,1099951248723707;1,6927532849727727
1,94;;1,6038123556605097;5,101751229612279;;2,099597725880384;1,6793217532217615
1,95;;1,6100270848826579;5,1212888022550045;;2,0892256191859753;1,665956451054371
1,96;;1,6163127016136956;5,14079442074659;;2,078878641296138;1,6526575604025353
1,97;;1,6226697329553448;5,1602676840633475;;2,0685566308097254;1,6394252562293319
1,9800000000000002;;1,6290987136735366;5,179708199125399;;2,058259428405536;1,626259706540711
1,9900000000000002;;1,6356001862621896;5,199115580803998;;2,0479868768308194;1,613161072398994
2,0;;1,6421747010081695;5,218489451926633;;2,037738820890203;1,600129507938115
2,01;;1,6488228160574312;5,237829443279917;;2,0275151074350264;1,5871651603805819
2,02;;1,6555450974823531;5,257135193610307;;2,017315585353091;1,5742681700561363
2,03;;1,6623421193502643;5,276406349622661;;2,0071401055588076;1,561438670422088
2,04;;1,6692144637931805;5,295642565976681;;1,9969885209837452;1,5486767880852872
2,0500000000000003;;1,6761627210787426;5,314843505281228;;1,986860686567576;1,5359826428257286
2,06;;1,683187489682374;5,334008838086594;;1,9767564592494073;1,5233563476217442
2,07;;1,6902893763606617;5,353138242874705;;1,9666756979594981;1,5107980086767647
2,08;;1,6974689962259633;5,372231406047314;;1,956618263611361;1,4983077254476245
2,09;;1,7047269728222514;5,391288021912195;;1,9465840190942418;1,485885590674381
2,1;;1,712063938202204;5,410307792667395;;1,936572829265965;1,473531690411616
2,11;;1,7194805330055418;5,429290428383534;;1,926584560946159;1,4612461040612021
2,12;;1,7269774065386292;5,448235646984221;;1,9166190829098353;1,4490289044064888
2,13;;1,7345552168553355;5,467143174224597;;1,9066762658813399;1,4368801576479018
2,1399999999999997;;1,742214630839178;5,486012743668041;;1,8967559825286524;1,4247999234399018
2,15;;1,7499563242867404;5,504844096661064;;1,8868581074580462;1,4127882549292938
2,16;;1,7577809819923855;5,5236369823064475;;1,8769825172090961;1,400845198794847
2,17;;1,7656892978342675;5,542391157434623;;1,8671290902500308;1,3889707952881953
2,18;;1,7736819748616497;5,561106386573357;;1,8572977069734304;1,3771650782759945
2,19;;1,7817597253835393;5,57978244191576;;1,847488249692263;1,3654280752832995
2,1999999999999997;;1,7899232710586481;5,598419103286653;;1,8377006026362572;1,3537598075381356
2,21;;1,7981733429866866;5,617016158107334;;1,8279346519486042;1,34216029001723
2,22;;1,8065106818009997;5,6355734013587675;;1,8181902856829955;1,3306295314928775
2,23;;1,8149360377625559;5,654090635543242;;1,8084673938009799;1,319167534580906
2,2399999999999998;;1,8234501708553015;5,672567670644521;;1,798765868169645;1,3077742957897063
2,25;7,453;1,8320538508828794;5,691004324086536;0,583333333;1,789085602559618;1,296449805570311
2,26;;1,840747857566732;5,70940042069063;;1,7794264926433854;1,2851940483674764
2,27;;1,849532980645597;5,727755792631427;;1,7697884359939178;1,2740070026717383
2,2800000000000002;;1,8584100199763975;5,74607027939132;;1,7601713320836119;1,262888641072422
2,29;;1,8673797856365488;5,764343727713648;;1,750575082283536;1,251838930311563
2,3;;1,8764430980276807;5,782575991554568;;1,7409995898629738;1,2408578313387122
2,31;;1,8856007879807932;5,8007669320336825;;1,7314447599892755;1,229945299366599
2,32;;1,8948536968628498;5,818916417383447;;1,7219104997280035;1,2191012839276156
2,33;;1,9042026766848266;5,837024322897381;;1,712396718043366;1,2083257289310931
2,34;;1,9136485902112172;5,855090530877148;;1,7029033257989497;1,197618572721343
2,35;;1,9231923110710165;5,873114930578509;;1,6934302357587325;1,1869797481364277
2,36;;1,932834723870179;5,891097418156194;;1,6839773625883856;1,1764091825676364
2,37;;1,9425767243055803;5,909037896607755;;1,674544622856851;1,1659067980196272
2,3800000000000003;;1,9524192192804732;5,926936275716374;;1,6651319350382032;1,1554725111712196
2,39;;1,9623631270214668;5,94479247199273;;1,6557392195137803;1,1451062334367925
2,4;;1,9724093771970288;5,962606408615917;;1,646366398574587;1,1348078710282639
2,41;;1,9825589110375237;5,980378015373451;;1,6370133964239697;1,1245773250176316
2,42;;1,992812681456802;5,998107228600417;;1,6276801391805513;1,114414491400031
2,4299999999999997;;2,0031716531753467;6,015793991117779;;1,6183665548814314;1,1043192611572925
2,44;;2,0136368028449936;6,033438252169895;;1,6090725734856415;1,094291520321963
2,45;;2,02420911917523;6,0510399673612465;;1,5997981268778598;1,0843311500417698
2,46;;2,034889603061091;6,068599098592464;;1,590543148872372;1,0744380266444906
2,4699999999999998;;2,045679267712655;6,086115613995625;;1,581307575217284;1,0646120217032096
2,48;;2,056579138786164;6,103589487868912;;1,5720913435989774;1,0548530021019276
2,4899999999999998;;2,0675902545167597;6,121020700610603;;1,5628943936468085;1,0451608301015012
2,5;;2,0787136658528733;6,1384092386525015;;1,553716666938041;1,0355353634058813
2,5100000000000002;;2,0899504365922508;6,15575509439276;;1,5445581070030163;1,0259764552286295
2,52;;2,1013016435196534;6,173058266128192;;1,5354186593305534;1,016483954359681
2,53;;2,1127683765462244;6,190318757986066;;1,5262982713735713;1,0070577052323282
2,54;;2,1243517388505433;6,207536579855433;;1,51719689255494;0,9976975479904058
2,55;;2,136052847021377;6,224711747318;;1,5081144742735473;0,9884033185556477
2,56;;2,1478728312021387;6,241844281578598;;1,4990509699105792;0,9791748486951855
2,5700000000000003;;2,1598128352370694;6,258934209395269;;1,4900063348360142;0,9700119660891774
2,58;;2,171874016819146;6,2759815630089895;;1,4809805264153213;0,96091449439853
2,59;;2,184057547639738;6,292986380073085;;1,4719735040163626;0,9518822533326987
2,6;;2,1963646135400157;6,309948703582332;;1,4629852290164918;0,9429150587175381
2,6100000000000003;;2,208796414664123;6,326868581801811;;1,4540156648098492;0,9340127225631825
2,62;;2,221354165614131;6,343746068195506;;1,445064776814844;0,9251750531319318
2,63;;2,23403909560678;6,360581221354699;;1,4361325324818204;0,9164018550061235
2,64;;2,2468524486320183;6,377374104926188;;1,4272189013009062;0,9076929291559648
2,65;;2,2597954836133547;6,394124787540334;;1,418323854810035;0,899048073007309
2,6599999999999997;;2,272869474570035;6,410833342738987;;1,409447366603138;0,8904670805093506
2,67;;2,286075710781052;6,4274998489033095;;1,4005894123384999;0,8819497422022191
2,68;;2,299415496950992;6,444124389181505;;1,3917499697472804;0,8734958452844596
2,69;;2,312890153377752;6,460707051416517;;1,3829290186421812;0,865105173680364
2,7;;2,326501016122112;6,477247928073671;;1,37412654092627;0,8567775081071516
2,71;;2,3402494371791875;6,4937471161683336;;1,3653425206019427;0,8485126261419684
2,7199999999999998;;2,35413678465177;6,510204717193576;;1,3565769437800272;0,8403103022886924
2,73;;2,3681644429255715;6,5266208370478855;;1,3478297986890138;0,8321703080445212
2,74;;2,3823338128463645;6,542995585962927;;1,33910107568442;0,8240924119663373
2,75;7,375;2,3966463118990573;6,559329078431412;1,333333333;1,3303907672582644;0,8160763797368142
2,76;;2,411103374388687;6,575621433135057;;1,3216988680486623;0,8081219742302652
2,77;;2,4257064516233573;6,591872772872676;;1,3130253748495222;0,8002289555782084
2,78;;2,440457012099124;6,608083224488424;;1,3043702866203466;0,7923970812346354
2,79;;2,455356541686838;6,62425291880021;;1,2957336044961227;0,7846261060409676
2,8000000000000003;;2,470406543820961;6,640381990528295;;1,2871153317973005;0,7769157822906856
2,81;;2,4856085396903507;6,656470578224099;;1,278515474039849;0,7692658597936165
2,82;;2,500964068431042;6,672518824199246;;1,2699340389453846;0,761676085939866
2,83;;2,5164746873210158;6,688526874454834;;1,261371036451362;0,754146205763381
2,8400000000000003;;2,5321419719769787;6,704494878610991;;1,252826478721321;0,746675962005129
2,85;;2,5479675165531495;6,720422989836693;;1,2443003801551824;0,7392650951758831
2,86;;2,5639529339420704;6,736311364779892;;1,2357927573995806;0,7319133436185981
2,87;;2,580099855977445;6,752160163497956;;1,2273036293582302;0,7246204435703669
2,88;;2,596409933639014;6,767969549388429;;1,2188330172023123;0,717386129223946
2,8899999999999997;;2,612884837259474;6,7837396891201545;;1,2103809443808755;0,7102101327888373
2,9000000000000004;;2,629526256733451;6,799470752564745;;1,2019474366312382;0,7030921845519151
2,91;;2,646335901728518;6,815162912728425;;1,1935325219893942;0,6960320129375971
2,92;;2,663315501898304;6,830816345684283;;1,1851362308003885;0,689029344567526
2,93;;2,680466807097645;6,846431230504903;;1,1767585957286821;0,6820839043197835
2,94;;2,697791587599831;6,862007749195427;;1,1683996517684747;0,6751954153876023
2,9499999999999997;;2,7152916343159252;6,877546086627037;;1,1600594362539836;0,6683635993375788
2,96;;2,7329687590161815;6,893046430470893;;1,1517379888696635;0,661588176167374
2,97;;2,7508247945535373;6,908508971132499;;1,143435351660367;0,6548688643629014
2,98;;2,7688615950892257;6,923933901686563;;1,1351515690414162;0,648205380954981
2,9899999999999998;;2,7870810363204708;6,939321417812309;;1,126886687808593;0,6415974415754662
3,0;;2,805485015710301;6,954671717729293;;1,1186407571480208;0,6350447605128254
3,01;;2,8240754527194594;6,969985002133696;;1,1104138286459406;0,6285470507671831
3,02;;2,842854289040437;6,985261474135144;;1,1022059562983526;0,6221040241047993
3,0300000000000002;;2,8618234888336147;7,0005013391940265;;1,094017196520523;0,6157153911119955
3,04;;2,880985038965523;7,015704805059352;;1,0858476081563395;0,6093808612485135
3,05;;2,90034094924922;7,030872081707128;;1,0776972524875001;0,6031001429003039
3,06;;2,919893252686788;7,046003381279283;;1,069566193242524;0,5968729434317392
3,0700000000000003;;2,9396440057139546;7,061098918023143;;1,0614544966055692;0,5906989692372473
3,08;;2,9595952884468284;7,076158908231461;;1,0533622312250446;0,58457792579236
3,09;;2,979749204930763;7,091183570183006;;1,0452894682219982;0,5785095177041742
3,1;;3,000107883391334;7,106173124083727;;1,0372362811982725;0,5724934487612202
3,11;;3,020673476487441;7,121127792008494;;1,0292027462444049;0,5665294219827344
3,1199999999999997;;3,0414481615665214;7,136047797843411;;1,0211889419472637;0,5606171396673341
3,1300000000000003;;3,0624341409218894;7,1509333672287365;;1,013194949397398;0,5547563034410894
3,1399999999999997;;3,0836336420521677;7,16578472750237;;1,0052208521960948;0,5489466143049954
3,15;;3,1050489179228595;7,180602107643966;;0,9972667364621098;0,54318777268183
3,16;;3,1266822472299913;7,19538573821962;;0,9893326908380784;0,5374794784624137
3,17;;3,1485359346658854;7,210135851327185;;0,9814188064965648;0,5318214310512506
3,18;;3,1706123111870133;7,224852680542188;;0,9735251771457513;0,5262133294115631
3,19;;3,1929137342839438;7,23953646086436;;0,9656518990347392;0,5206548721097125
3,2;;3,215442588253377;7,254187428664784;;0,9577990709584466;0,515145757359006
3,2099999999999995;;3,2382012844722534;7,268805821633662;;0,9499667942620827;0,5096856830628901
3,2199999999999998;;3,26119226167394;7,283391878728713;;0,9421551728451801;0,5042743468575269
3,2300000000000004;;3,284417986226472;7,297945840124182;;0,9343643131651681;0,4989114461537597
3,2399999999999998;;3,307880952412839;7,312467947160481;;0,9265943242404675;0,4935966781784622
3,25;8,938;3,3315836827133607;7,32695844229448;0,75;0,9188453176530715;0,48832974001526636
3,26;;3,355528728090028;7,341417569050378;;0,9111174075506259;0,4831103286446888
3,27;;3,3797186682729317;7,355845571971267;;0,9034107106479485;0,47793814098363174
3,2800000000000002;;3,404156112048668;7,370242696571282;;0,8957253462279954;0,47281287392427784
3,29;;3,428843697550761;7,384609189288405;;0,8880614361422384;0,46773422437237083
3,3000000000000003;;3,453784092552068;7,3989452974379;;0,880419104810437;0,4627018892848863
3,3099999999999996;;3,478979994759163;7,413251269166382;;0,87279847921978;0,4577155657070938
3,32;;3,5044341321086896;7,427527353406518;;0,8651996889233752;0,4527749508090097
3,3300000000000005;;3,5301492630656406;7,441773799832357;;0,857622866038067;0,44787974192124813
3,34;;3,5561281769235933;7,45599085881531;;0,8500681452415532;0,4430296365702651
3,35;;3,582373694106859;7,470178781380745;;0,8425356637687773;0,4382243325130007
3,36;;3,608888666474514;7,484337819165221;;0,8350255614075834;0,4334635277709258
3,37;;3,6356759776263328;7,4984682243743555;;0,8275379804935931;0,428746920663489
3,38;;3,6627385432105792;7,512570249741316;;0,8200730659042913;0,42407420984097044
3,39;;3,690079311233645;7,526644148485943;;0,8126309650522923;0,4194450943167443
3,4000000000000004;;3,7177012623715178;7,5406901742744985;;0,8052118278777596;0,4148592734989529
3,4099999999999997;;3,7456074102830472;7,554708581180035;;0,7978158068399595;0,4103164472215972
3,42;;3,773800801925027;7,568699623643401;;0,7904430569079078;0,40581631577503946
3,4299999999999997;;3,802284517868992;7,58266355643484;;0,7830937355501121;0,40135857993593704
3,44;;3,831061672619821;7,596600634616238;;0,7757680027233449;0,39694294099658967
3,45;;3,8601354149360048;7,610511113503964;;0,7684660208604592;0,3925691007937246
3,46;;3,889508928151656;7,624395248632333;;0,761187954857189;0,3882367617367065
3,47;;3,91918543050017;7,638253295717677;;0,753933972057928;0,38394562683518746
3,4799999999999995;;3,94916817543954;7,652085510623021;;0,7467042422404485;0,37969539972619465
3,49;;3,979460451979314;7,665892149323366;;0,7394989375995358;0,3754857847006612
3,5000000000000004;;4,010065585009122;7,679673467871569;;0,7323182327295137;0,3713164867294073
3,51;;4,040986935628802;7,693429722364819;;0,7251623046056284;0,3671872114885707
3,52;;4,072227901480089;7,707161168911716;;0,7180313325642592;0,3630976653844917
3,53;;4,103791917079763;7,720868063599921;;0,7109254982819462;0,3590475555780651
3,54;;4,135682454154366;7,7345506624644145;;0,70384498575318;0,3550365900085498
3,55;;4,167903021976333;7,748209221456321;;0,696789981266947;0,3510644774168522
3,56;;4,200457167701581;7,761843996412316;;0,6897606733819909;0,3471309273682822
3,5700000000000003;;4,233348476708503;7,775455243024611;;0,6827572529007648;0,3432356502747881
3,58;;4,266580572938341;7,789043216811502;;0,6757799128420455;0,3393783574166751
3,5900000000000003;;4,300157119236902;7,802608173088489;;0,6688288484121809;0,3355587609638118
3,5999999999999996;;4,334081817697605;7,816150366939957;;0,661904256974943;0,3317765739963299
3,61;;4,368358410005819;7,829670053191407;;0,6550063380199551;0,3280315105248209
3,62;;4,402990677784434;7,843167486382247;;0,6481352931296723;0,32432328551003853
3,63;;4,437982442940698;7,856642920739127;;0,6412913259448754;0,32065161488210525
3,64;;4,473337568014227;7,870096610149819;;0,6344746421286616;0,3170162155592344
3,65;;4,509059956526187;7,883528808137634;;0,6276854493288971;0,31341680546596945
3,66;;4,545153553329619;7,896939767836371;;0,6209239571391069;0,3098531035509465
3,6700000000000004;;4,581622344960861;7,910329741965798;;0,614190377057772;0,3063248298041848
3,6799999999999997;;4,618470359992036;7,923698982807655;;0,6074849224460133;0,30283170527391245
3,6900000000000004;;4,655701669384631;7,937047742182179;;0,6008078084836195;0,2993734520829261
3,6999999999999997;;4,693320386843997;7,950376271425126;;0,5941592521234217;0,295949793444503
3,71;;4,731330669174948;7,9636848213653435;;0,5875394720439486;0,2925604536778515
3,7199999999999998;;4,769736716638197;7,976973642302784;;0,5809486886003807;0,2892051582231269
3,73;;4,808542773307812;7,9902429839870805;;0,5743871237737377;0,2858836336559979
3,74;;4,847753127429484;8,003493095596566;;0,5678550011183081;0,2825956077017854
3,75;11,375;4,88737211177973;8,016724225717812;0,333333333;0,5613525457072727;0,2793408092491665
3,7600000000000002;;4,9274041040258805;8,02993662232564;;0,554879984076513;0,2761189683634575
3,7699999999999996;;4,967853527086892;8,043130532763593;;0,548437544166577;0,2729298162994768
3,7800000000000002;;5,00872484949496;8,056306203724924;;0,5420254552627787;0,269773085513994
3,7900000000000005;;5,05002258575784;8,069463881233995;;0,5356439479334169;0,2666485096777725
3,8;;5,091751296721942;8,082603810628173;;0,5292932539660846;0,2635558236872079
3,81;;5,133915589936126;8,095726236540191;;0,5229736063020537;0,26049476367556845
3,82;;5,176520120016145;8,108831402880918;;0,5166852389687207;0,25746506702384553
3,83;;5,219569589009781;8,121919552822614;;0,5104283870100887;0,254466472371216
3,84;;5,2630687467626105;8,134990928782607;;0,5042032864152747;0,25149871962512343
3,85;;5,30702239128438;8,148045772407405;;0,49801017404502357;0,2485615499709836
3,8600000000000003;;5,351435369115994;8,161084324557246;;0,49184928755621893;0,24565470588151891
3,8699999999999997;;5,396312575697078;8,174106825291057;;0,4857208653243746;0,2427779311257282
3,88;;5,441658955734128;8,187113513851846;;0,47962514636409515;0,23993097077749495
3,8899999999999997;;5,487479503569177;8,200104628652499;;0,47356237024750286;0,2371135712238436
3,9;;5,533779263549071;8,213080407261986;;0,467532777020608;0,23432548017284222
3,91;;5,580563330395202;8,22604108639196;;0,46153660711763483;0,23156644666116552
3,92;;5,627836849573841;8,238986901883779;;0,45557410127327885;0,22883622106131485
3,93;;5,675605017666952;8,251918088695886;;0,449645500432906;0,2261345550885068
3,94;;5,723873082743542;8,264834880891598;;0,44375104566068474;0,2234612018072323
3,95;;5,772646344731528;8,277737511627272;;0,4378909780456526;0,22081591563749234
3,9600000000000004;;5,821930155790133;8,29062621314083;;0,4320655386057192;0,2181984523607151
3,9699999999999998;;5,871729920682798;8,303501216740678;;0,4262749681896118;0,2156085691253612
3,9800000000000004;;5,922051097150681;8,316362752794971;;0,4205195073767589;0,21304602445221682
3,9899999999999998;;5,972899196286595;8,329211050721243;;0,4147993963751427;0,21051057823939084
4,0;;6,024279782909671;8,342046338976404;;0,4091148749170963;0,20800199176700473
4,01;;6,07619847594043;8,354868845047054;;0,4034661821530961;0,20552002770159825
4,02;;6,128660948776606;8,36767879544018;;0,3978535565435302;0,20306445010023982
4,03;;6,1816729296694914;8,380476415674156;;0,3922772357484848;0,20063502441435818
4,04;;6,235240202100994;8,393261930270098;;0,38673745651555413;0,1982315174932941
4,05;;6,289368605161373;8,406035562743543;;0,38123445456569943;0,19585369758757765
4,06;;6,34406403392769;8,418797535596445;;0,3757684644771851;0,19350133435193853
4,07;;6,399332439843048;8,431548070309496;;0,3703397195676137;0,1911741988480508
4,08;;6,455179831096594;8,444287387334748;;0,3649484517740975;0,1888720635470203
4,09;;6,511612273004454;8,457015706088562;;0,35959489153158974;0,18659470233161535
4,1000000000000005;;6,568635888391522;8,469733244944843;;0,35427926764942047;0,18434189049824906
4,109999999999999;;6,62625685797424;8,482440221228574;;0,34900180718607327;0,1821134047587169
4,12;;6,684481420744463;8,495136851209663;;0,34376273532223733;0,1799090232416907
4,130000000000001;;6,743315874354335;8,507823350097041;;0,338562275232197;0,17772852549398097
4,14;;6,802766575502423;8,520499932033081;;0,3334006479535879;0,17557169248156423
4,15;;6,862839940321129;8,533166810088277;;0,32827807225558003;0,17343830659038317
4,16;;6,923542444765336;8,545824196256193;;0,32319476450554974;0,17132815162692724
4,17;;6,984880625002616;8,55847230144869;;0,3181509385342819;0,1692410128185911
4,18;;7,046861077804895;8,57111133549141;;0,3131468054997786;0,16717667681382137
4,19;;7,109490460941792;8,58374150711954;;0,30818257374973007;0,16513493168205223
4,2;;7,17277549357564;8,596363023973785;;0,3032584486827258;0,16311556691343787
4,21;;7,236722956658466;8,608976092596652;;0,2983746326082613;0,16111837341837965
4,22;;7,301339693330842;8,621580918428926;;0,29353132460563763;0,1591431435268603
4,2299999999999995;;7,366632609322927;8,634177705806424;;0,28872872038181296;0,157189670987582
4,24;;7,432608673357676;8,646766657956967;;0,2839670121283028;0,15525775096691732
4,25;14,688;7,499274917556472;8,659347976997585;0,25;0,2792463883772077;0,15334718004767459
4,26;;7,566638437847284;8,671921863931965;;0,27456703385646036;0,15145775622768157
4,2700000000000005;;7,6347063943755025;8,684488518648108;;0,26992912934438573;0,14958927891819268
4,279999999999999;;7,703486011917544;8,697048139916204;;0,26533285152367775;0,14774154894212452
4,29;;7,772984580297629;8,709600925386747;;0,2607783728348766;0,14591436853211792
4,3;;7,843209454807534;8,72214707158882;;0,2562658613294771;0,14410754132843978
4,31;;7,914168056629872;8,734686773928628;;0,25179548052275147;0,14232087237671884
4,32;;7,985867873264869;8,74722022668821;;0,24736738924641463;0,14055416812552488
4,33;;8,058316458960833;8,759747623024356;;0,24298174150124482;0,13880723642379453
4,34;;8,13152143514869;8,772269154967722;;0,23863868630977342;0,13707988651810418
4,35;;8,20549049088058;8,784785013422129;;0,23433836756917464;0,13537192904979714
4,36;;8,280231383272913;8,797295388164054;;0,2300809239044758;0,133683176051966
4,37;;8,355751937953945;8,809800467842312;;0,225866488522225;0,13201344094629625
4,38;;8,432060049516291;8,822300439977896;;0,22169518906474076;0,1303625385397709
4,390000000000001;;8,509163681974453;8,834795490964021;;0,21756714746508954;0,12873028502124328
4,3999999999999995;;8,587070869227666;8,847285806066306;;0,21348247980292756;0,12711649795787944
4,41;;8,665789715528422;8,859771569423167;;0,20944129616134627;0,12552099629147226
4,42;;8,745328395956676;8,872252964046327;;0,20544370048488067;0,1239436003346347
4,43;;8,825695156900316;8,884730171821523;;0,20148979043881388;0,1223841317668699
4,44;;8,906898316541962;8,897203373509367;;0,19757965726994228;0,12084241363052516
4,45;;8,988946265352364;8,909672748746324;;0,19371338566895593;0,11931827032663304
4,46;;9,071847466590928;8,922138476045903;;0,1898910536345819;0,11781152761063844
4,47;;9,155610456813323;8,934600732799938;;0,1861127323396664;0,11632201258802069
4,4799999999999995;;9,240243846386774;8,947059695280045;;0,1823784859993452;0,11484955370980847
4,49;;9,32575632001314;8,95951553863921;;0,17868837174147612;0,1133939807679938
4,5;;9,412156637260217;8,971968436913507;;0,17504243947949638;0,11195512489084647
4,51;;9,499453633101567;8,984418563023969;;0,171440731787874;0,11053281853813163
4,52;;9,58765621846514;8,99686608877857;;0,1678832837803253;0,10912689549623414
4,53;;9,676773380791074;9,00931118487435;;0,164370122990971;0,10773719087319253
4,54;;9,766814184598998;9,021754020899648;;0,1609012692586018;0,10636354109364447
4,55;;9,857787772065215;9,034194765336471;;0,15747673461422798;0,10500578389368644
4,5600000000000005;;9,949703363610048;9,04663358556298;;0,15409652317209058;0,10366375831565125
4,569999999999999;;10,042570258495711;9,05907064785608;;0,15076063102430806;0,10233730470280561
4,58;;10,136397835435211;9,071506117394147;;0,14746904613933046;0,10102626469396847
4,590000000000001;;10,231195553212325;9,083940158259821;;0,1442217482643865;0,09973048121805692
4,6;;10,32697295131336;9,096372933442954;;0,14101870883208822;0,09844979848855719
4,61;;10,423739650570921;9,108804604843641;;0,13785989087137243;0,09718406199792567
4,62;;10,521505353819894;9,121235333275342;;0,1347452489229587;0,0959331185119241
4,63;;10,620279846566358;9,133665278468124;;0,1316747289594854;0,09469681606388672
4,64;;10,720072997669504;9,146094599071978;;0,12864826831050513;0,09347500394892608
4,65;;10,820894760037104;9,158523452660246;;0,12566579559250313;0,09226753271807693
4,66;;10,92275517133479;9,170951995733134;;0,12272723064411108;0,09107425417238263
4,67;;11,025664354709674;9,183380383721305;;0,11983248446667535;0,08989502135692382
4,68;;11,129632519528526;9,195808770989565;;0,11698145917034787;0,08872968855479384
4,6899999999999995;;11,234669962131012;9,208237310840644;;0,11417404792585437;0,08757811128102135
4,7;;11,340787066598267;9,220666155519023;;0,1114101349220991;0,08644014627644352
4,71;;11,447994305537266;9,233095456214878;;0,10868959532975525;0,08531565150153093
4,72;;11,556302240881342;9,245525363068078;;0,1060122952709889;0,0842044861301662
4,73;;11,665721524707212;9,257956025172271;;0,10337809179546048;0,0831065105433788
4,74;;11,776262900068787;9,270387590579011;;0,1007868328627439;0,08202158632303864
4,75;7,188;11,887937201848414;9,282820206302;0,25;0,09823835733128837;0,08094957624550768
4,760000000000001;;12,00075535762555;9,295254018321359;;0,09573249495406048;0,07989034427525507
4,77;;12,114728388563448;9,307689171587981;;0,09326906638097997;0,07884375555843513
4,78;;12,229867410314268;9,32012581002795;;0,09084788316826414;0,07780967641642988
4,79;;12,346183633942632;9,332564076546998;;0,08846874779479537;0,0767879743393606
4,8;;12,463688366868382;9,345004113035055;;0,08613145368560234;0,07577851797956628
4,81;;12,582393013828558;9,357446060370824;;0,08383578524255643;0,07478117714505393
4,82;;12,702309077859091;9,36989005842644;;0,08158151788236316;0,07379582279292035
4,83;;12,823448161296387;9,382336246072141;;0,07936841808192953;0,07282232702274868
4,84;;12,945821966799302;9,394784761181036;;0,07719624343117099;0,07186056306997933
4,8500000000000005;;13,069442298391627;9,40723574063389;;0,07506474269332147;0,07091040529925875
4,859999999999999;;13,194321062525418;9,419689320323968;;0,0729736558727951;0,06997172919776688
4,87;;13,320470269165625;9,432145635161929;;0,07092271429063704;0,06904441136852359
4,88;;13,44790203289588;9,444604819080737;;0,06891164066760125;0,06812832952367864
4,89;;13,576628574046204;9,457067005040658;;0,06694014921486652;0,06722336247778289
4,9;;13,706662219842517;9,469532325034258;;0,06500794573240684;0,06632939014104479
4,91;;13,83801540557824;9,482000910091454;;0,06311472771501404;0,06544629351257304
4,92;;13,970700675808391;9,494472890284607;;0,061260184465957684;0,06457395467360577
4,93;;14,104730685566144;9,506948394733637;;0,05944399721826275;0,06371225678072888
4,9399999999999995;;14,240118201602215;9,519427551611187;;0,05766583926356748;0,0628610840590838
4,95;;14,376876103647103;9,531910488147801;;0,05592537608851708;0,06202032179556702
4,96;;14,515017385696481;9,54439733063715;;0,0542222655186332;0,06118985633202156
4,97;;14,654555157319837;9,55688820444127;;0,05255615786958906;0,06036957505842218
4,9799999999999995;;14,795502644992467;9,569383233995849;;0,05092669610580849;0,059559366406055456
4,99;;14,9378731934509;9,581882542815508;;0,04933351600629375;0,05875911984069619
5,0;;15,081680267071947;9,59438625349914;;0,047776246337574366;0,057968725855780695
5,01;;15,226937451275443;9,606894487735254;;0,046254509033657014;0,0571880759655783
5,0200000000000005;;15,373658453950686;9,619407366307344;;0,04476791938284522;0,0564170626983624
5,029999999999999;;15,521857106906493;9,63192500909927;;0,043316086221285015;0,055655579589582546
5,04;;15,671547367345417;9,64444753510068;;0,04189861213307501;0,054903521175036565
5,050000000000001;;15,822743319361333;9,656975062412426;;0,040515093656778405;0,054160782984047154
5,06;;15,975459175461117;9,66950770825201;;0,03916512149814837;0,05342726153264071
5,07;;16,129709278110106;9,682045588959047;;0,03784828074887557;0,05270285431673069
5,08;;16,285508101301044;9,694588820000726;;0,03656415111115357;0,05198745980530762
5,09;;16,442870252147006;9,707137515977308;;0,03531230712783913;0,05128097743363418
5,1;;16,60181047249772;9,719691790627614;;0,034092318417981965;0,05058330759644851
5,11;;16,762343640579534;9,732251756834536;;0,03290374991747986;0,04989435164117522
5,12;;16,92448477265861;9,744817526630554;;0,03174616212460851;0,049214011861146115
5,13;;17,088249024727574;9,757389211203261;;0,03061911135016043;0,04854219148883013
5,140000000000001;;17,253651694215186;9,769966920900899;;0,02952214997192085;0,047878794689074584
5,1499999999999995;;17,42070822171895;9,782550765237893;;0,028454826693195278;0,047223726552357875
5,16;;17,589434192760667;9,795140852900406;;0,027416686805094057;0,04657689308805412
5,17;;17,759845339564283;9,807737291751874;;0,026407272452273003;0,04593820121771203
5,18;;17,931957542856487;9,82034018883857;;0,025426122901813352;0,0453075587683462
5,19;;18,10578683368921;9,832949650395157;;0,024472774814924447;0,04468487446574408
5,2;;18,281349395284153;9,845565781850247;;0,023546762521137805;0,04407005792778786
5,21;;18,458661564898996;9,858188687831948;;0,022647618294657293;0,043463019657792354
5,220000000000001;;18,637739835715003;9,870818472173434;;0,021774872632522372;0,0428636710378596
5,2299999999999995;;18,81860085874576;9,883455237918497;;0,020928054534235428;0,04227192432225087
5,24;;19,001261444766893;9,8960990873271;;0,02010669178249791;0,04168769263077611
5,25;10,063;19,18573856626605;9,908750121880928;0,0;0,0193103112246978;0,04111088994220313
5,26;;19,37204935941353;9,921408442288937;;0,018538439054781437;0,04054143108768449
5,27;;19,560211126052586;9,9340741484929;;0,0177906010951459;0,03997923174420516
5,28;;19,750241335709426;9,946747339672946;;0,017066323078180026;0,03942420842805018
5,29;;19,942157627622528;9,959428114253091;;0,016365130927082902;0,038876278488293156
5,3;;20,135977812790884;9,97211656990676;;0,015686551035586648;0,03833536010030619
5,3100000000000005;;20,3317198760409;9,984812803562317;;0,01503011054620986;0,03780137225929179
5,319999999999999;;20,52940197811151;9,997516911408562;;0,014395337626668626;0,037274234773837144
5,33;;20,729042457757377;10,010228988900254;;0,01378176174407253;0,03675386825949105
5,34;;20,930659833869356;10,022949130763578;;0,013188913936537015;0,03624019413236509
5,35;;21,134272807612614;10,035677431001652;;0,012616327081842314;0,03573313460275741
5,36;;21,339900264581324;10,048413982899985;;0,012063536162777699;0,03523261266880178
5,37;;21,547561276970036;10,061158879031948;;0,011530078528810267;0,03473855211014087
5,38;;21,75727510576123;10,073912211264217;;0,011015494153724738;0,03425087748162482
5,390000000000001;;21,969061202928728;10,08667407076221;;0,010519325888886247;0,033769514107035326
5,4;;22,18293921365665;10,099444547995523;;0,010041119711785083;0,03329438807283555
5,41;;22,398928978573576;10,112223732743328;;0,009580424969530021;0,032825426221946494
5,42;;22,617050536001614;10,125011714099776;;0,009136794616965436;0,032362556147549855
5,43;;22,83732412422003;10,137808580479382;;0,00870978544909662;0,03190570618691799
5,4399999999999995;;23,059770183743147;10,15061441962239;;0,0082989583275179;0,03145480541527123
5,45;;23,28440935961242;10,16342931860013;;0,007903878400548483;0,03100978363966258
5,46;;23,51126250370182;10,176253363820344;;0,007524115316793886;0,030570571392891127
5,47;;23,740350677037206;10,189086641032516;;0,00715924343186039;0,030137099927442755
5,48;;23,971695152128568;10,201929235333173;;0,006808842007966094;0,02970930120946015
5,489999999999999;;24,20531741531533;10,214781231171171;;0,006472495406203159;0,02928710791274142
5,5;;24,441239169124614;10,227642712352964;;0,006149793271221007;0,028870453412767578
5,510000000000001;;24,67948233464168;10,240513762047847;;0,005840330708115611;0,028459271780760135
5,52;;24,920069053893283;10,253394462793203;;0,0055437084513232735;0,028053497777767333
5,53;;25,16302169224292;10,266284896499702;;0,005259533025335708;0,027653066848780956
5,54;;25,408362840798336;10,279185144456498;;0,004987416897067338;0,02725791511688292
5,55;;25,656115318831;10,29209528733641;;0,0047269786197234875;0,026867979377422243
5,56;;25,90630217620752;10,305015405201067;;0,004477842968034852;0,026483197092222438
5,57;;26,15894669583289;10,317945577506046;;0,004239641064741021;0,02610350638381967
5,58;;26,41407239610553;10,330885883105989;;0,004012010498223518;0,02572884602973176
5,59;;26,67170303338414;10,343836400259686;;0,003794595431206619;0,025359155456758223
5,6000000000000005;;26,931862604466296;10,356797206635155;;0,003587046700462332;0,024994374735311593
5,609999999999999;;27,19457534907886;10,36976837931469;;0,003389021907474058;0,02463444457378009
5,62;;27,459865752380452;10,382749994799882;;0,0032001855000315695;0,024279306312921634
5,63;;27,727758547475396;10,395742129016632;;0,0030202088447487973;0,02392890192029012
5,64;;27,998278717940348;10,408744857320134;;0,0028487702905129362;0,023583173984692677
5,65;;28,271451500362666;10,42175825449983;;0,0026855552228930665;0,02324206571067949
5,66;;28,547302386891317;10,434782394784353;;0,002530256109553255;0,022905520913065414
5,67;;28,825857127800298;10,447817351846444;;0,0023825725367335442;0,022573484011483787
5,680000000000001;;29,107141734064808;10,460863198807836;;0,002242211236879605;0,022245900024972495
5,6899999999999995;;29,39118247995039;10,473920008244125;;0,0021088861075191506;0,021922714566592453
5,7;;29,678005905615557;10,486987852189625;;0,001982318221499979;0,02160387383807827
5,71;;29,96763881972743;10,500066802142163;;0,0018622358287214492;0,021289324624522016
5,72;;30,26010830209196;10,513156929067906;;0,0017483743495064117;0,020979014289088826
5,7299999999999995;;30,555441706297827;10,526258303406111;;0,0016404763597772066;0,02067289076776577
5,74;;30,853666662375307;10,539370995073886;;0,0015382915682134323;0,02037090256414297
5,75;7,063;31,15481107946959;10,552495073470899;0,0;0,0014415767855843376;0,020072998744228104
5,76;;31,458903148530176;10,565630607484088;;0,0013500958864616738;0,019779128931292973
5,7700000000000005;;31,76597134501559;10,578777665492332;;0,0012636197635328;0,01948924330075349
5,779999999999999;;32,07604443161455;10,591936315371095;;0,0011819262747455545;0,019203292575082354
5,79;;32,38915146098408;10,605106624497056;;0,0011048001835282997;0,018921228018754496
5,800000000000001;;32,70532177850445;10,618288659752697;;0,0010320330923395652;0,0186430014332259
5,81;;33,024585025052325;10,631482487530878;;0,0009634233698113065;0,01836856515194495
5,82;;33,34697113979238;10,644688173739393;;0,0008987760717594437;0,018097872035396735
5,83;;33,67251036298716;10,65790578380548;;0,0008379028563435998;0,01783087546618076
5,84;;34,001233238827034;10,67113538268032;;0,0007806218936651533;0,017567529344121195
5,8500000000000005;;34,333170618279944;10,68437703484351;;0,0007267577700996443;0,01730778808141028
5,86;;34,66835366196184;10,697630804307497;;0,0006761413876650378;0,01705160659778465
5,87;;35,006813843028446;10,710896754622002;;0,0006286098587321469;0,01679894031573459
5,88;;35,3485829500889;10,724174948878412;;0,0005840063963873428;0,016549745155746233
5,89;;35,69369309014194;10,73746544971414;;0,0005421802007605637;0,01630397753157663
5,8999999999999995;;36,04217669153533;10,750768319316967;;0,0005029863416336179;0,016061594345561717
5,91;;36,39406650694924;10,764083619429359;;0,0004662856376447879;0,015822552983956965
5,92;;36,749395616403724;10,777411411352738;;0,00043194453240600396;0,015586811312311214
5,93;;37,1081974302921;10,79075175595176;;0,00039983496784785113;0,015354327670872718
5,94;;37,470505692439616;10,804104713658534;;0,0003698342551063364;0,015125060870028302
5,949999999999999;;37,83635448318889;10,817470344476833;;0,0003418249432625893;0,01489897018577504
5,96;;38,20577822251283;10,830848707986283;;0,0003156946862434185;0,014676015355224397
5,970000000000001;;38,5788116731548;10,844239863346498;;0,000291336108186525;0,014456156572139297
5,9799999999999995;;38,955489943798256;10,857643869301224;;0,0002686466675690511;0,014239354482503184
5,99;;39,33584849226526;10,871060784182436;;0,0002475285203926216;0,014025570180121722
6,0;;39,71992312874463;10,884490665914399;;0,0002278883827114923;0,013814765202257077
6,01;;40,10775001905159;10,89793357201773;;0,0002096373927832357;0,013606901525293967
6,02;;40,49936568791805;10,911389559613413;;0,00019269097311377023;0,013401941560438302
6,03;;40,894807022315206;10,924858685426795;;0,00017696869266001529;0,013199848149447777
6,04;;41,294111274808806;10,938341005791544;;0,00016239412944457434;0,013000584560394527
6,05;;41,69731606694775;10,951836576653609;;0,0001488947338273574;0,012804114483459724
6,0600000000000005;;42,104459392686664;10,965345453575107;;0,00013640169266911057;0,012610402026760037
6,069999999999999;;42,515579621843145;10,978867691738236;;0,00012484979461144856;0,012419411712205869
6,08;;42,93071550359049;10,992403345949125;;0,0001141772966872221;0,012231108471391151
6,09;;43,34990616998577;11,005952470641663;;0,00010432579246400565;0,012045457641515014
6,1;;43,77319113953526;11,019515119881316;;9,52400819120528e-05;0,011862424961334524
6,11;;44,200610320796386;11,033091347368902;;8,686804317656109e-05;0,011681976567149102
6,12;;44,63220401601775;11,046681206444353;;7,916050642223635e-05;0,011504078988816082
6,13;;45,06801292481739;11,060284750090435;;7,207112990627119e-05;0,011328699145797455
6,140000000000001;;45,508078147899965;11,073902030936459;;6,555627842384567e-05;0,01115580434323766
6,15;;45,95244119081355;11,087533101261947;;5,9574904258226676e-05;0,010985362268072322
6,16;;46,401143967746364;11,101178013000288;;5,408843075552086e-05;0,010817340985167798
6,17;;46,854228805364215;11,114836817742361;;4,906063863217015e-05;0,010651708933491454
6,18;;47,311738446689;11,128509566740131;;4,445755511141394e-05;0,010488434922312512
6,1899999999999995;;47,773716055018895;11,142196310910217;;4,024734597322099e-05;0,010327488127433402
6,2;;48,24020521789105;11,155897100837446;;3,6400210590652816e-05;0,010168838087451343
6,21;;48,71124995108614;11,169611986778358;;3,2888280014319566e-05;0,01001245470005042
6,22;;49,186894702677186;11,183341018664711;;2,9685518155508363e-05;0,009858308218323408
6,23;;49,66718435712131;11,197084246106943;;2,6767626107837454e-05;0,009706369247123824
6,239999999999999;;50,15216423939581;11,210841718397614;;2,4111949636829557e-05;0,009556608739447742
6,25;6,938;50,64188011917921;11,224613484514824;0,0;2,169738985673109e-05;0,009408997992845232
